query_id,k,n_candidates,n_relevant,psla_mae,psla_median_abs_error,psla_mape,psla_median_log_ratio,within_tolerance_rate,precision_at_k,recall_at_k,ndcg_at_k,random_precision_at_k,random_recall_at_k,random_ndcg_at_k,clinical_precision_at_k,clinical_recall_at_k,clinical_ndcg_at_k,injury_similarity_at_k,min_injury_similarity_at_k,loss_similarity_at_k,injury_overlap_at_k,loss_overlap_at_k,spearman_similarity_psla
[1969] HKCFI 66,10,1335,12,326415.54706449935,325529.7805993003,12.218527910387342,2.5764238267752786,0.0,0.0,0.0,0.0,0.008988764044943821,0.00749063670411985,0.006229457212164407,1.0,0.034482758620689655,0.9337986127060485,0.4267361178994179,0.2222222238779068,0.7000000089406967,0.4267361111111111,0.8333333333333334,-0.003211429630062557
[1972] HKCFI 47,10,1335,526,248223.83040208818,117888.15255795495,0.5640942452155562,0.24284093774230886,0.6,0.6,0.011406844106463879,0.3965815804444329,0.3940074906367041,0.00749063670411985,0.20487051473444692,1.0,0.02197802197802198,0.9077620451418889,0.448075407743454,0.2013888955116272,0.5539682656526566,0.4480753968253969,0.7325595238095237,0.044630075221835055
[1973] HKCA 145,10,1335,426,209729.2736910156,175039.1250447273,0.3466476609917474,0.2824235267533881,0.6,0.6,0.014084507042253521,0.3991767250506676,0.31910112359550563,0.00749063670411985,0.16493309111933788,1.0,0.016129032258064516,0.8691874975953561,0.40856482088565826,0.1944444477558136,0.6500000119209289,0.40856481481481477,0.7833333333333332,0.07661138637581229
[1974] HKCA 153,10,1335,505,237785.3211466468,172379.63061812747,0.8171001383031493,0.6492734979364254,0.3,0.3,0.005940594059405941,0.1760963922282231,0.3782771535580524,0.00749063670411985,0.1986152459469986,1.0,0.023752969121140142,0.9028208130185496,0.28628471940755845,0.1041666641831398,0.6500000089406968,0.28628472222222223,0.8083333333333333,-0.12128417123408203
[1974] HKCFI 53,10,1335,133,241124.31276735067,224581.3716093913,3.222231807251383,1.3755479093365057,0.0,0.0,0.0,0.0,0.099625468164794,0.00749063670411985,0.04860938675182929,1.0,0.02178649237472767,0.9501118986382371,0.3736805573105812,0.2222222238779068,1.0,0.37368055555555557,1.0,-0.011034215152052582
[1975] HKCFI 14,10,1335,327,338874.94243622705,378866.3394345768,0.4721861059772052,0.594578568972473,0.4,0.4,0.012232415902140673,0.22065382933671254,0.2449438202247191,0.00749063670411985,0.12287878329147227,1.0,0.019762845849802372,0.8912234228753633,0.42666666507720946,0.2708333432674408,0.4463752955198288,0.42666666666666664,0.6290674603174603,0.22287366226827426
[1975] HKCFI 17,10,1335,98,728640.2564492212,712328.432976279,0.6091695116980876,0.9054007754488911,0.1,0.1,0.01020408163265306,0.0463849410354788,0.07340823970037454,0.00749063670411985,0.033145890580062884,1.0,0.07194244604316546,0.9361781300872452,0.23075396865606307,0.125,0.5925000041723252,0.23075396825396827,0.7472619047619048,0.05685845853043538
[1975] HKCFI 5,10,1335,549,149878.39672938603,101150.4784257086,0.3759112220672168,0.2536098268117888,0.6,0.6,0.01092896174863388,0.372622804913567,0.41123595505617977,0.00749063670411985,0.20866408686889795,1.0,0.036101083032490974,0.9038631510536015,0.6406249970197677,0.3333333432674408,0.28916667103767396,0.640625,0.51,0.01663291231395099
[1976] HKCA 235,10,1335,342,684833.6850207167,488797.7092387262,0.9720662315909673,0.6713079502270025,0.1,0.1,0.0029239766081871343,0.06405963416918067,0.25617977528089886,0.00749063670411985,0.12863919284024422,1.0,0.024630541871921183,0.9147784000780983,0.6204861134290696,0.4270833432674408,0.4041666701436043,0.6204861111111111,0.6220833333333333,0.1339783712367745
[1976] HKCFI 101,10,1335,401,174704.30861613704,116797.72739558054,0.9053988619691259,0.5940440788916339,0.3,0.3,0.007481296758104738,0.21711571193351226,0.300374531835206,0.00749063670411985,0.14991068094930732,1.0,0.01855287569573284,0.9663744356123619,0.6259920626878739,0.46666666865348816,0.28297619670629504,0.6259920634920635,0.46226190476190476,-0.15538234490676486
[1976] HKCFI 106,10,1335,535,113861.95399080103,92094.65353457636,0.26446560320877294,0.19332351472768394,0.7,0.7,0.013084112149532711,0.5337672076894686,0.40074906367041196,0.00749063670411985,0.2052597374791794,1.0,0.024875621890547265,0.9371798176566544,0.7041666597127915,0.4583333432674408,0.4543650850653648,0.7041666666666666,0.6182142857142857,0.0030269914046400816
[1976] HKCFI 12,10,1335,378,228998.85101185678,121467.11522788422,1.2719168458081198,0.8287019390449419,0.2,0.2,0.005291005291005291,0.2566478058821003,0.28314606741573034,0.00749063670411985,0.14109080425952555,1.0,0.05291005291005291,0.9529930629013038,0.85625,0.625,0.4450000047683716,0.85625,0.6,0.038149336926082716
[1976] HKCFI 22,10,1335,411,180164.59746269239,125133.42178976853,0.9206248619895415,0.5776444868195352,0.4,0.4,0.009732360097323601,0.30065133509693326,0.30786516853932583,0.00749063670411985,0.15168529340384498,1.0,0.023148148148148147,0.9257550229614938,0.6423611164093017,0.3333333432674408,0.8333333373069763,0.642361111111111,0.8999999999999998,-0.03833193143604909
[1976] HKCFI 32,10,1335,509,182728.1434602017,195183.79478975406,0.6669459650619459,0.8379638268514666,0.3,0.3,0.005893909626719057,0.10774138052052085,0.38127340823970035,0.00749063670411985,0.19495249261832437,1.0,0.18181818181818182,1.0,0.0,0.0,1.0,0.0,1.0,0.07029849000523827
[1976] HKCFI 33,10,1335,254,90314.78083955517,101748.8272660106,0.7691673227056414,0.72140254024748,0.2,0.2,0.007874015748031496,0.1948403078128478,0.1902621722846442,0.00749063670411985,0.10305211027098997,1.0,0.028011204481792718,0.9986672925394412,0.6173611074686051,0.4791666567325592,1.0,0.6173611111111111,1.0,0.012121290133698531
[1976] HKCFI 34,10,1335,535,141351.4158307986,116641.3876901161,0.3283150002425429,0.2831813173687756,0.7,0.7,0.013084112149532711,0.44284265126899836,0.40074906367041196,0.00749063670411985,0.2052597374791794,1.0,0.024509803921568627,0.9349744420335058,0.7111110985279083,0.3333333432674408,0.4203174695372581,0.711111111111111,0.5711309523809525,0.0005704169070334941
[1976] HKCFI 63,10,1335,411,114468.69876038686,110756.58347884685,0.5849247381701931,0.6067588500135281,0.3,0.3,0.0072992700729927005,0.15071973974181752,0.30786516853932583,0.00749063670411985,0.15168529340384498,1.0,0.02012072434607646,0.9796242181910235,0.475,0.3333333432674408,0.4833333343267441,0.475,0.725,-0.028513350848045006
[1976] HKCFI 86,10,1335,44,1035749.7240299033,1106255.2544630668,0.6963931288166917,1.3618206878397503,0.0,0.0,0.0,0.0,0.03295880149812734,0.00749063670411985,0.017888787133377028,1.0,0.03676470588235294,0.9586753309746547,0.44236111640930176,0.25,0.6150000095367432,0.4423611111111111,0.7875,-0.008718933792195495
[1976] HKCFI 87,10,1335,378,185532.6114996806,81376.74836379259,1.030494489254004,0.6098788730665179,0.4,0.4,0.010582010582010581,0.2740651442794194,0.28314606741573034,0.00749063670411985,0.14109080425952555,1.0,0.038461538461538464,0.9517263141985942,0.6920138895511627,0.3125,0.5300000011920929,0.6920138888888888,0.7416666666666666,0.03860581911108316
[1976] HKCFI 88,10,1335,411,211341.0166467786,206277.82820821024,1.079933555333809,0.698971227521314,0.4,0.4,0.009732360097323601,0.3658575450597574,0.30786516853932583,0.00749063670411985,0.15168529340384498,1.0,0.036231884057971016,0.9567959362539137,0.6676388919353485,0.4166666567325592,0.5733333438634872,0.6676388888888889,0.7416666666666666,-0.04406971058753393
[1976] HKCFI 89,10,1335,509,106234.55771332847,96179.63492239715,0.38774929945302394,0.43472998179356814,0.5,0.5,0.009823182711198428,0.20481351401752756,0.38127340823970035,0.00749063670411985,0.19495249261832437,0.4,1.0,1.0,0.0,0.0,0.6000000059604644,0.1,0.8,0.03174124750724943
[1976] HKCFI 91,10,1335,254,90314.7808395552,101748.8272660106,0.7691673227056414,0.72140254024748,0.2,0.2,0.007874015748031496,0.33666300837370045,0.1902621722846442,0.00749063670411985,0.10305211027098997,1.0,0.027855153203342618,0.9883239609940028,0.5607638925313949,0.4583333432674408,1.0,0.5607638888888888,1.0,0.012328109796271846
[1976] HKCFI 97,10,1335,351,194505.90752907185,157638.72470523356,1.242384580523531,0.6926557855361652,0.4,0.4,0.011396011396011397,0.2944012722948443,0.26292134831460673,0.00749063670411985,0.12985157873249575,1.0,0.02717391304347826,0.9079107013927189,0.4907638907432556,0.3020833432674408,0.5533333405852318,0.4907638888888889,0.7208333333333333,-0.10463600696001948
[1977] HKCFI 122,10,1335,243,168985.96856718647,221364.12743398783,1.5295006284129133,1.0997892308539043,0.2,0.2,0.00823045267489712,0.19857094880211554,0.18202247191011237,0.00749063670411985,0.09468916643627313,1.0,0.02531645569620253,0.9344644997863216,0.6375,0.4375,0.4916666731238365,0.6375,0.6583333333333333,-0.050674195445728085
[1977] HKCFI 133,10,1335,181,264114.90950159926,256745.28025706502,2.98814691155338,1.3432312031983304,0.2,0.2,0.011049723756906077,0.06174999547535868,0.1355805243445693,0.00749063670411985,0.06642719000773757,1.0,0.043668122270742356,0.9136766957441658,0.28743055909872056,0.1388888955116272,0.6833333462476731,0.2874305555555555,0.825,-0.03392510819029928
[1977] HKCFI 31,10,1335,493,135404.460026039,87530.040339885,0.5252368629581488,0.32794587404580877,0.7,0.7,0.014198782961460446,0.3526898142416402,0.3692883895131086,0.00749063670411985,0.18841406750392284,1.0,0.023310023310023312,0.9265727304106566,0.5675000041723252,0.25833332538604736,0.8250000059604645,0.5674999999999999,0.9041666666666666,-0.02241619471399234
[1977] HKCFI 32,10,1335,62,754501.1258716212,834584.918111244,0.553704989865368,0.9515970179163116,0.1,0.1,0.016129032258064516,0.03443395839397018,0.04644194756554307,0.00749063670411985,0.023015291757956337,1.0,0.01394700139470014,0.8902912098079279,0.43111441731452943,0.27916666865348816,0.4829365134239197,0.431114417989418,0.6914285714285714,0.15153625244874003
[1977] HKCFI 41,10,1335,493,237461.04447989352,150745.9650460467,0.9211165869528946,0.5303903265807293,0.4,0.4,0.008113590263691683,0.37427605723304386,0.3692883895131086,0.00749063670411985,0.18841406750392284,1.0,0.02247191011235955,0.894871435338795,0.4102976188063622,0.1924603134393692,0.5025000095367431,0.410297619047619,0.6874999999999999,-0.14173351616790064
[1977] HKCFI 43,10,1335,485,310627.587668843,248730.69143005018,0.6024656043976143,0.5346083359027585,0.4,0.4,0.008247422680412371,0.1447072486582028,0.36329588014981273,0.00749063670411985,0.19487728406344546,1.0,0.01697792869269949,0.8766681680281788,0.4497916668653488,0.25833332538604736,0.6776190638542176,0.4497916666666667,0.8141666666666667,0.14840969368252116
[1978] HKCFI 10,10,1335,541,159751.08086593897,107715.7090536762,0.373711987971671,0.2472346773240961,0.7,0.7,0.012939001848428836,0.3318082447229108,0.4052434456928839,0.00749063670411985,0.2049990221107701,1.0,0.025974025974025976,0.8238299489991702,0.4402777761220932,0.3055555522441864,0.4016666695475578,0.44027777777777777,0.6241666666666668,0.04856651985665197
[1978] HKCFI 117,10,1335,473,186255.13340226092,152902.09878457265,0.7469382183802382,0.7611873433901701,0.2,0.2,0.004228329809725159,0.05018688468571622,0.3543071161048689,0.00749063670411985,0.1827373090499683,1.0,0.022271714922048998,0.9348272635822279,0.5913888871669769,0.5,0.633333346247673,0.5913888888888889,0.8166666666666667,0.003932509194961113
[1978] HKCFI 16,10,1335,235,218628.4221642335,123636.62718695043,2.045784274665921,0.7671195331881888,0.1,0.1,0.00425531914893617,0.03317449988125942,0.1760299625468165,0.00749063670411985,0.09007291319226879,1.0,0.023094688221709007,0.9382779868437795,0.5743055552244186,0.3472222089767456,0.7333333432674408,0.5743055555555555,0.8666666666666666,0.0038735138007542106
[1978] HKCFI 29,10,1335,51,1015634.6370511142,1013712.0630431576,0.712774218254791,1.2428054500768333,0.0,0.0,0.0,0.0,0.038202247191011236,0.00749063670411985,0.020239112505302668,1.0,0.021691973969631236,0.8996902733931725,0.4918254017829895,0.2708333432674408,0.5650000095367431,0.49182539682539683,0.7216666666666666,0.1494542153273238
[1978] HKCFI 44,10,1335,433,175973.24511635918,113802.48982447264,0.8233222699438066,0.42565284658610203,0.5,0.5,0.011547344110854504,0.1437424565263932,0.3243445692883895,0.00749063670411985,0.1642082727206533,1.0,0.09009009009009009,0.9533548899574266,0.7187500029802323,0.4097222089767456,0.1533333346247673,0.71875,0.27666666666666667,-0.07808014485354584
[1978] HKCFI 5,10,1335,547,157076.6739406844,189090.2019446522,0.4008607010640234,0.4040511089702896,0.5,0.5,0.009140767824497258,0.2648789648936089,0.40973782771535583,0.00749063670411985,0.20775527001702906,1.0,0.02631578947368421,0.976070293753626,0.702361112833023,0.5305555462837219,0.523333340883255,0.702361111111111,0.7041666666666667,0.015012527350750239
[1978] HKCFI 54,10,1335,202,670856.9761886082,586616.2243680276,0.7532938154247578,0.9138457392270594,0.0,0.0,0.0,0.0,0.15131086142322098,0.00749063670411985,0.07233784969348618,1.0,0.027472527472527472,0.9616887068858163,0.6408333450555801,0.4444444477558136,0.35591270327568053,0.6408333333333333,0.613095238095238,-0.034895871527068724
[1978] HKCFI 56,10,1335,460,220729.76703305374,93172.40691314152,0.9112267542064064,0.4897842042423015,0.5,0.5,0.010869565217391304,0.23995118503620932,0.3445692883895131,0.00749063670411985,0.18012457778512786,1.0,0.04184100418410042,0.8950687372323552,0.38104166388511657,0.20624999701976776,0.3476190522313118,0.3810416666666666,0.55,0.030146110037003966
[1978] HKCFI 64,10,1335,235,161076.11735004844,85549.59689260482,1.5072467917800332,0.575623407060136,0.4,0.4,0.01702127659574468,0.18947891292832858,0.1760299625468165,0.00749063670411985,0.09007291319226879,1.0,0.014858841010401188,0.8629101502553755,0.261770836263895,0.1041666641831398,0.8583333373069764,0.26177083333333334,0.9208333333333334,-0.030178087194316253
[1978] HKCFI 79,10,1335,348,158971.78140604036,80732.50099491989,0.9917038455680114,0.44253785626311526,0.5,0.5,0.014367816091954023,0.17822842381841247,0.2606741573033708,0.00749063670411985,0.13208560738371597,1.0,0.0353356890459364,0.9886309638866224,0.8013888776302338,0.6388888955116272,0.49333334267139434,0.8013888888888889,0.7091666666666667,0.030703869335381172
[1978] HKCFI 92,10,1335,395,231634.9595863368,206100.8906012748,0.3612485155510638,0.3950526675432089,0.5,0.5,0.012658227848101266,0.25700132352628763,0.2958801498127341,0.00749063670411985,0.15148034703803975,1.0,0.024213075060532687,0.9184170828499946,0.588888892531395,0.3993055522441864,0.5333333432674408,0.5888888888888888,0.7266666666666667,0.14251532095269745
[1978] HKCFI 93,10,1335,177,244388.84152799388,274824.18773381336,2.858542155410018,1.4371791874282929,0.1,0.1,0.005649717514124294,0.02796543399266809,0.13258426966292136,0.00749063670411985,0.06071402317948737,1.0,0.018518518518518517,0.8581699939649386,0.2989583298563957,0.15625,1.0,0.2989583333333333,1.0,-0.05491119160026924
[1978] HKCFI 95,10,1335,466,336593.8237941097,327201.3057303295,0.6299257387041716,0.47950399603860205,0.3,0.3,0.006437768240343348,0.10629816441277608,0.349063670411985,0.00749063670411985,0.18951770735507759,1.0,0.022988505747126436,0.9445984041195286,0.5273809492588043,0.3611111044883728,0.4857142925262451,0.5273809523809524,0.6635714285714286,0.1138610747102612
[1979] HKCFI 106,10,1335,399,152145.37494608856,107476.19047619047,0.7995627812482132,0.46378934582400255,0.5,0.5,0.012531328320802004,0.3889469869122137,0.298876404494382,0.00749063670411985,0.1483321729935661,1.0,0.036101083032490974,0.9626511993467459,0.669444453716278,0.25,0.5483333379030227,0.6694444444444444,0.7,-0.055453830950254177
[1979] HKCFI 115,10,1335,443,421059.12701000785,316260.4226474215,0.7375910633308446,0.43877080005932356,0.5,0.5,0.011286681715575621,0.1750580661997359,0.3318352059925094,0.00749063670411985,0.17712093303749485,1.0,0.023752969121140142,0.9228932515982603,0.5645800262689591,0.4000000059604645,0.46099206805229187,0.5645800264550266,0.6414285714285713,0.13997193419857606
[1979] HKCFI 121,10,1335,511,219413.6358921128,137512.38850346877,0.7687164420644593,0.5493061443340554,0.5,0.5,0.009784735812133072,0.18288060445583793,0.38277153558052435,0.00749063670411985,0.1968979887293772,1.0,0.012484394506866416,0.8889667573362617,0.37836806029081343,0.1666666716337204,0.800000011920929,0.3783680555555555,0.89,-0.04662924568829965
[1979] HKCFI 128,10,1335,511,193273.31434421317,237418.7066434771,0.6771337339386848,0.6052660120770472,0.4,0.4,0.007827788649706457,0.2517318837345565,0.38277153558052435,0.00749063670411985,0.1968979887293772,1.0,0.019455252918287938,0.8933615619036983,0.5251388877630234,0.2777777910232544,0.9000000059604645,0.5251388888888888,0.95,-0.10594238377334642
[1979] HKCFI 130,10,1335,188,448783.954345431,492604.91186992964,0.48796018645821954,0.7674814023812555,0.4,0.4,0.02127659574468085,0.17986935446404523,0.14082397003745317,0.00749063670411985,0.06577688971825833,1.0,0.060240963855421686,0.9354392403453781,0.4066666677594185,0.1666666716337204,0.30119048058986664,0.4066666666666666,0.5239285714285714,0.024047479254001476
[1979] HKCFI 131,10,1335,277,176952.61999477164,112015.41444398144,1.3948967792380647,1.1317674180853565,0.1,0.1,0.0036101083032490976,0.003351294249560086,0.20749063670411985,0.00749063670411985,0.11073930034850123,1.0,0.014749262536873156,0.9001874992958222,0.3577777847647667,0.11342592537403107,0.7666666686534882,0.3577777777777778,0.8833333333333332,0.020093992393117075
[1979] HKCFI 150,10,1335,208,534614.853459799,569889.9290209417,5.6190750363642525,1.9347677299663912,0.1,0.1,0.004807692307692308,0.006470766799812387,0.15580524344569288,0.00749063670411985,0.07322534571091491,1.0,0.06493506493506493,0.9280442255250726,0.6474206358194351,0.3214285671710968,0.47876984924077987,0.6474206349206348,0.6341666666666668,-0.053369795970626875
[1979] HKCFI 26,10,1335,432,203246.67408071802,135016.49534344568,1.0013560800711052,0.558161903764888,0.3,0.3,0.006944444444444444,0.1041265423902588,0.3235955056179775,0.00749063670411985,0.15555433168574961,1.0,0.02040816326530612,0.8822404505249173,0.45423611253499985,0.17916665971279144,0.5869047701358795,0.4542361111111111,0.73,0.025131334778260715
[1979] HKCFI 31,10,1335,277,254483.76435170445,234082.72489323598,2.006065709979652,1.045081078351668,0.0,0.0,0.0,0.0,0.20749063670411985,0.00749063670411985,0.11073930034850123,1.0,0.03546099290780142,0.9008627460426364,0.616666667163372,0.1666666716337204,0.65,0.6166666666666667,0.825,-0.06053054890244858
[1979] HKCFI 35,10,1335,515,200796.89579088884,211932.54565568268,0.7194810967118255,0.6511260644528809,0.4,0.4,0.007766990291262136,0.3165747211061699,0.3857677902621723,0.00749063670411985,0.19696275357113963,1.0,0.018214936247723135,0.9434088682966025,0.4742113143205643,0.2413194477558136,0.8900000035762787,0.4742113095238095,0.9400000000000001,-0.11052827255454224
[1979] HKCFI 51,10,1335,432,145810.5806086741,118823.28671183198,0.7183798312645824,0.5216130117566324,0.3,0.3,0.006944444444444444,0.13576113488660324,0.3235955056179775,0.00749063670411985,0.15555433168574961,1.0,0.02617801047120419,0.9598354139340921,0.5640277832746505,0.3125,0.5916666716337204,0.5640277777777778,0.7583333333333333,-0.14904384275475638
[1979] HKCFI 54,10,1335,208,266474.15318979125,241419.1360754828,2.800779387880689,1.2622970420417747,0.1,0.1,0.004807692307692308,0.03487022682497814,0.15580524344569288,0.00749063670411985,0.07322534571091491,1.0,0.03389830508474576,0.8900452588203482,0.4705555647611618,0.3055555522441864,0.5600000053644181,0.47055555555555556,0.74,-0.011312573423675368
[1979] HKCFI 58,10,1335,277,230722.57978814375,218552.9648062745,1.8187590749065383,0.9990269826085267,0.2,0.2,0.007220216606498195,0.054633200683902323,0.20749063670411985,0.00749063670411985,0.11073930034850123,1.0,0.02570694087403599,0.8982473573251715,0.31708333641290665,0.1458333283662796,0.8333333402872085,0.31708333333333333,0.9166666666666666,0.040307728503574856
[1979] HKCFI 59,10,1335,328,249734.2089941767,225066.8345801726,1.7118482794352101,0.9313628420948188,0.1,0.1,0.003048780487804878,0.12539726970584267,0.24569288389513108,0.00749063670411985,0.12472883505668197,1.0,0.016778523489932886,0.8969452849061987,0.2906249985098839,0.15625,0.9000000059604645,0.29062499999999997,0.95,0.021763245819242855
[1979] HKCFI 68,10,1335,475,156638.42506138358,158377.88285108045,0.6173811798590568,0.5235337681874688,0.3,0.3,0.00631578947368421,0.17660284758558045,0.35580524344569286,0.00749063670411985,0.1861721827089077,1.0,0.015600624024960999,0.9480481067488509,0.4967708319425583,0.28125,0.565000006556511,0.49677083333333333,0.7458333333333333,-0.13576356354675106
[1979] HKCFI 7,10,1335,541,336462.9065524656,247865.59774025524,0.9644718861045287,0.640317149247001,0.2,0.2,0.0036968576709796672,0.09133715759345708,0.4052434456928839,0.00749063670411985,0.20488929537589667,1.0,0.02506265664160401,0.8894138633488444,0.549652773141861,0.4444444477558136,0.30723304897546766,0.5496527777777778,0.47333333333333333,-0.03862739959452113
[1979] HKCFI 96,10,1335,475,214753.14184123784,221083.4692085789,0.846436932932807,0.6265232186201324,0.4,0.4,0.008421052631578947,0.2652131464374724,0.35580524344569286,0.00749063670411985,0.1861721827089077,1.0,0.017921146953405017,0.9185242212578757,0.4676140874624252,0.2413194477558136,0.9100000023841858,0.4676140873015873,0.9550000000000001,-0.12239812168280217
[1979] HKCFI 97,10,1335,354,239984.3652504602,232411.36162687888,1.441347539041803,0.8729234553926011,0.0,0.0,0.0,0.0,0.2651685393258427,0.00749063670411985,0.13240645774906062,1.0,0.02403846153846154,0.9587246606736333,0.7194444507360458,0.3333333432674408,0.4096428632736206,0.7194444444444444,0.6030952380952381,0.03506001137219848
[1979] HKDC 25,10,1335,89,330096.40604121087,321527.3895654519,5.204222617766837,1.8032119563878224,0.1,0.1,0.011235955056179775,0.07286230321167096,0.06666666666666667,0.00749063670411985,0.035430025585425066,1.0,0.04081632653061224,0.9157059344739471,0.8395833373069763,0.6666666865348816,0.2066666692495346,0.8395833333333332,0.3333333333333333,-0.0093957952108796
[1980] HKCFI 101,10,1335,303,217612.37261345176,174865.11442648654,1.582492857419624,0.819015465779624,0.3,0.3,0.009900990099009901,0.06452527632801106,0.22696629213483147,0.00749063670411985,0.11758617951228371,1.0,0.04854368932038835,0.9323780826021909,0.6361111044883728,0.4166666567325592,0.5728571534156799,0.636111111111111,0.7358333333333333,-0.027193484632978698
[1980] HKCFI 108,10,1335,161,371895.14390431833,310734.28148529504,0.37561781801747474,0.30726311297200937,0.6,0.6,0.037267080745341616,0.2411981535509574,0.12059925093632959,0.00749063670411985,0.054846995259663245,1.0,0.0196078431372549,0.9489360896899219,0.540178582072258,0.3958333432674408,0.5732142984867096,0.5401785714285714,0.7416666666666667,0.1504604430014739
[1980] HKCFI 13,10,1335,546,284001.45163694787,233185.96717683936,0.6884263416256585,0.5128649222928878,0.3,0.3,0.005494505494505495,0.09525705979433335,0.40898876404494383,0.00749063670411985,0.20618526089674097,1.0,0.01937984496124031,0.848172893605077,0.4139583334326744,0.24166665971279144,0.6866666793823242,0.4139583333333333,0.8150000000000001,0.05152306675952161
[1980] HKCFI 137,10,1335,526,150688.49389148588,94515.61628886277,0.34244299625339925,0.20275190427370937,0.6,0.6,0.011406844106463879,0.3636069917765865,0.3940074906367041,0.00749063670411985,0.20487051473444692,1.0,0.021321961620469083,0.9269272100548189,0.3845833346247673,0.1666666716337204,0.7933333456516266,0.3845833333333333,0.89,0.016066986450328738
[1980] HKCFI 139,10,1335,303,363444.03441418393,252210.5606375029,2.6429912124245876,1.0416721670968219,0.2,0.2,0.006600660066006601,0.10230378582838787,0.22696629213483147,0.00749063670411985,0.11758617951228371,1.0,0.023923444976076555,0.9761032486888495,0.7448611080646514,0.5249999761581421,0.5316666752099991,0.744861111111111,0.7258333333333333,-0.07301506235378366
[1980] HKCFI 15,10,1335,303,643959.117542734,255419.08993155014,4.682917114238692,1.0493595445161752,0.2,0.2,0.006600660066006601,0.07141215060375489,0.22696629213483147,0.00749063670411985,0.11758617951228371,1.0,0.024330900243309004,0.9622358878292853,0.4465277761220932,0.3194444477558136,0.30357143729925157,0.44652777777777775,0.5475,-0.04855357078127741
[1980] HKCFI 163,10,1335,348,162125.28613372048,164133.12072963538,0.9824889712247684,0.6901967991986684,0.1,0.1,0.0028735632183908046,0.046124201689040904,0.2606741573033708,0.00749063670411985,0.13264955352403268,1.0,0.01949317738791423,0.9382740539454045,0.4569444447755814,0.25,1.0,0.4569444444444445,1.0,0.030599992458302753
[1980] HKCFI 2,10,1335,248,344974.2976484282,368822.92116491613,0.4181129925853021,0.5877124864285754,0.5,0.5,0.020161290322580645,0.3758001742331405,0.18576779026217227,0.00749063670411985,0.08814195602363785,1.0,0.025839793281653745,0.8719828036329207,0.301979173719883,0.15555556118488312,0.4946428656578064,0.3019791666666667,0.6951190476190476,0.018039573146138202
[1980] HKCFI 21,10,1335,401,278221.0891474314,295697.3512302014,1.4451741516075072,0.930564345671983,0.0,0.0,0.0,0.0,0.300374531835206,0.00749063670411985,0.14943288543342795,1.0,0.017421602787456445,0.893332384745989,0.3903273820877075,0.2291666716337204,0.9666666686534882,0.3903273809523809,0.9833333333333332,-0.12602835879741345
[1980] HKCFI 5,10,1335,444,210884.0868740286,231420.59330938454,0.9584776741256527,0.7175623989725146,0.3,0.3,0.006756756756756757,0.12447847089606064,0.3325842696629214,0.00749063670411985,0.16596504352845026,1.0,0.02544529262086514,0.9197953684647624,0.47301587760448455,0.25833332538604736,0.8850000023841857,0.4730158730158731,0.9425000000000001,-0.02189889030345199
[1980] HKCFI 66,10,1335,549,172084.1043156457,163718.7733732236,0.4469314318004801,0.4144016388755194,0.4,0.4,0.007285974499089253,0.2615079516670661,0.41123595505617977,0.00749063670411985,0.20693666581868725,1.0,0.02178649237472767,0.9150363428300132,0.5706944465637207,0.2916666567325592,0.5683333426713943,0.5706944444444445,0.7341666666666666,0.007454544355737931
[1980] HKCFI 67,10,1335,510,278890.2946410214,303365.29176766344,1.0140551614154614,0.7067210034852422,0.4,0.4,0.00784313725490196,0.13124837567139536,0.38202247191011235,0.00749063670411985,0.19480081087076642,1.0,0.025839793281653745,0.9497865157679353,0.5784722149372101,0.4861111044883728,0.5266666829586029,0.5784722222222222,0.7017857142857143,-0.13146681703104407
[1980] HKCFI 74,10,1335,444,131473.0955593094,128892.57867497945,0.5975511415285728,0.5153817372088119,0.3,0.3,0.006756756756756757,0.17639475077870384,0.3325842696629214,0.00749063670411985,0.16596504352845026,1.0,0.012738853503184714,0.8897572409472728,0.37245370373129844,0.1041666641831398,0.9166666686534881,0.3724537037037037,0.9583333333333333,0.004417540415192705
[1980] HKCFI 76,10,1335,525,165937.83344112258,149680.87387065488,0.5027966184447227,0.39121420489429326,0.5,0.5,0.009523809523809525,0.400862412437283,0.39325842696629215,0.00749063670411985,0.20468616331444306,1.0,0.031446540880503145,0.9065033163793418,0.6800000056624412,0.1666666716337204,0.49000000655651094,0.6799999999999999,0.67,-0.050327754733042025
[1980] HKCFI 94,10,1335,348,165747.44803580834,79689.48112525351,1.0044394898986824,0.38980481800473843,0.5,0.5,0.014367816091954023,0.2623346836003628,0.2606741573033708,0.00749063670411985,0.13264955352403268,1.0,0.02066115702479339,0.9855849323097999,0.5701388895511628,0.5,0.0,0.5701388888888889,0.2,0.021820544864953995
[1981] HKCA 155,10,1335,324,106409.6911109068,91810.21850271906,0.7509392615934865,0.5968028618557604,0.4,0.4,0.012345679012345678,0.15166367705512543,0.24269662921348314,0.00749063670411985,0.12144476041795682,1.0,0.017123287671232876,0.9491058273512024,0.4263888865709305,0.3333333432674408,1.0,0.4263888888888888,1.0,0.08431397188254676
[1981] HKCFI 3,10,1335,524,165937.08301846456,161000.62150975387,0.5404742135736545,0.6612892733668909,0.3,0.3,0.0057251908396946565,0.21699542209703487,0.39250936329588015,0.00749063670411985,0.20001221704354885,1.0,0.0390625,0.8773415119200872,0.48749999701976776,0.1875,0.7666666746139527,0.4875,0.8833333333333332,0.02914419819417653
[1981] HKCFI 5,10,1335,395,182509.65182024008,129262.89538480964,0.9659857697692887,0.5206505657238276,0.2,0.2,0.005063291139240506,0.15150847708926363,0.2958801498127341,0.00749063670411985,0.1464636995141189,1.0,0.03003003003003003,0.9530781177314127,0.7266666680574417,0.22499999403953552,0.6583333432674408,0.7266666666666667,0.7975,0.03479009528969915
[1981] HKCFI 54,10,1335,173,236398.58405436118,176121.0800334274,2.7804638264652097,1.1219027701555637,0.1,0.1,0.005780346820809248,0.07651024113472223,0.1295880149812734,0.00749063670411985,0.06005585029403563,1.0,0.02079002079002079,0.9391448810794887,0.5386805593967438,0.25833332538604736,0.5833333432674408,0.5386805555555555,0.7666666666666667,-0.02812841325919834
[1981] HKCFI 7,10,1335,524,111596.04698313151,92408.00683326458,0.3634798481086057,0.30956213285599343,0.7,0.7,0.013358778625954198,0.5021634482882169,0.39250936329588015,0.00749063670411985,0.20001221704354885,1.0,0.04149377593360996,0.8865366762302581,0.5795138955116272,0.3125,0.6333333402872086,0.5795138888888889,0.7783333333333333,0.03013743525787582
[1981] HKCFI 88,10,1335,511,522688.9878260267,508593.2573151287,1.1065938030551012,0.9379298706438979,0.2,0.2,0.003913894324853229,0.031877831934468095,0.38277153558052435,0.00749063670411985,0.20202480026068767,1.0,0.019305019305019305,0.8999378423404311,0.3607490107417107,0.1666666716337204,0.572817462682724,0.360749007936508,0.7428571428571429,0.08328775180473183
[1981] HKCFI 93,10,1335,254,146844.51219207954,83905.34262485482,1.2435481212662591,0.7474480220416178,0.2,0.2,0.007874015748031496,0.13689637353804898,0.1902621722846442,0.00749063670411985,0.10419097905831871,1.0,0.02967359050445104,0.857796143453399,0.5027777820825576,0.3194444477558136,0.9,0.5027777777777778,0.95,-0.03413983615927523
[1982] HKCA 259,10,1335,553,148070.80844097084,143346.08830326208,0.3898160422419953,0.3201548925427229,0.7,0.7,0.012658227848101266,0.43127608227251046,0.4142322097378277,0.00749063670411985,0.20629713434639108,1.0,0.03875968992248062,0.8840983809973608,0.2977083384990692,0.20000000298023224,0.7,0.29770833333333335,0.85,-0.007538572620823652
[1982] HKCFI 110,10,1335,87,205877.9141441589,174579.50085780516,3.2520054906855136,1.3184869197726243,0.1,0.1,0.011494252873563218,0.010733078774251174,0.0651685393258427,0.00749063670411985,0.03531253859791974,1.0,0.028089887640449437,0.9705719038301485,0.595138892531395,0.375,0.9666666686534882,0.5951388888888889,0.9833333333333334,-0.044412189831014096
[1982] HKCFI 146,10,1335,82,265360.17636561394,263606.0732476214,4.490973383793853,1.696557850767678,0.0,0.0,0.0,0.0,0.06142322097378277,0.00749063670411985,0.030831962333330156,1.0,0.020618556701030927,0.8295719752196523,0.3738888941705227,0.1111111119389534,0.7166666775941849,0.3738888888888888,0.8416666666666666,-0.08158474080016406
[1982] HKCFI 160,10,1335,276,77765.68597283417,93306.24605827937,0.6141854477734352,0.5520275190356205,0.4,0.4,0.014492753623188406,0.33533091184439595,0.20674157303370785,0.00749063670411985,0.11082642747068791,1.0,0.027624309392265192,0.9834983330991365,0.5180555641651153,0.3888888955116272,1.0,0.5180555555555555,1.0,0.03641080634068497
[1982] HKCFI 161,10,1335,460,121437.9330152174,80532.50243748704,0.5231478523014281,0.42854142874574563,0.5,0.5,0.010869565217391304,0.24159210633998293,0.3445692883895131,0.00749063670411985,0.17553709850093532,1.0,0.029154518950437316,0.8561116373498571,0.4625,0.25,0.8666666686534882,0.4625,0.9333333333333332,0.0382344408461961
[1982] HKCFI 162,10,1335,474,126985.09108102779,116939.30368696722,0.5014576419566112,0.4657199816350932,0.5,0.5,0.010548523206751054,0.30886101966803436,0.3550561797752809,0.00749063670411985,0.18552791960572393,1.0,0.018867924528301886,0.9597542178328933,0.3548611134290695,0.25,1.0,0.3548611111111111,1.0,-0.1401527448727434
[1982] HKCFI 163,10,1335,492,312962.85964498983,208632.5767690253,1.1586322084266938,0.6753620135987886,0.3,0.3,0.006097560975609756,0.13613241141643068,0.3685393258426966,0.00749063670411985,0.1929283540997648,1.0,0.030395136778115502,0.9071804812422561,0.3483333379030228,0.2083333283662796,0.48809524923563,0.3483333333333333,0.7058333333333334,0.04676231048234135
[1982] HKCFI 2,10,1335,7,124890.13767079622,56458.468415003736,5.918217334670165,1.2988091042752972,0.0,0.0,0.0,0.0,0.0052434456928838954,0.00749063670411985,0.005551052374269212,0.9,1.0,0.9978867109072903,0.0,0.0,0.6866666793823242,0.5,0.835,0.04953766102671732
[1982] HKCFI 23,10,1335,170,124921.30736827823,22235.131996579803,1.4799235962998734,0.23381715795021485,0.7,0.7,0.041176470588235294,0.42111462400007865,0.12734082397003746,0.00749063670411985,0.059672110831002025,1.0,0.03508771929824561,0.8674625741047647,0.5319444462656975,0.2013888955116272,0.6616666719317437,0.5319444444444444,0.7708333333333333,0.017888819666788222
[1982] HKCFI 24,10,1335,410,291524.6513522876,259564.14679257377,0.4763652271242725,0.5559454656657392,0.4,0.4,0.00975609756097561,0.13602850095579144,0.30711610486891383,0.00749063670411985,0.1621420692010368,1.0,0.03773584905660377,0.9427667007165631,0.6180555433034897,0.3472222089767456,0.37428572177886965,0.6180555555555556,0.5235714285714285,0.030656549384586403
[1982] HKCFI 26,10,1335,396,131887.43673732254,77685.60241134404,0.6944223395778946,0.48274138294123237,0.3,0.3,0.007575757575757576,0.2365060090925862,0.2966292134831461,0.00749063670411985,0.1475141492830069,1.0,0.02531645569620253,0.9813256807825349,0.6652777791023254,0.5416666865348816,0.3978571489453316,0.6652777777777776,0.6041666666666666,-0.13364027984920615
[1982] HKCFI 27,10,1335,234,412648.37499111606,435858.6696867236,3.910865680095983,1.634917170976891,0.0,0.0,0.0,0.0,0.1752808988764045,0.00749063670411985,0.08873780472000607,1.0,0.032362459546925564,0.9151308429423022,0.2857638880610466,0.125,0.9666666686534882,0.2857638888888889,0.9833333333333332,-0.026395606911323418
[1982] HKCFI 4,10,1335,547,633092.3039941534,655854.110016467,1.5625307427783628,0.9595011729419554,0.2,0.2,0.003656307129798903,0.1639903561482774,0.40973782771535583,0.00749063670411985,0.2048529692385629,1.0,0.023809523809523808,0.9333802043146392,0.6166335999965668,0.4027777910232544,0.5317460387945175,0.6166335978835978,0.7036309523809524,0.021265143259249115
[1982] HKCFI 5,10,1335,547,162195.3466530845,147606.70177497328,0.4003132148063179,0.37108473999394764,0.5,0.5,0.009140767824497258,0.2644460439366741,0.40973782771535583,0.00749063670411985,0.2048529692385629,1.0,0.04405286343612335,0.957273173868046,0.588888880610466,0.4583333432674408,0.35452381819486617,0.5888888888888888,0.540952380952381,0.0007669843333683394
[1982] HKCFI 6,10,1335,432,389077.2169595529,288116.924464284,1.8437352803668905,0.8606350890468217,0.0,0.0,0.0,0.0,0.3235955056179775,0.00749063670411985,0.16385662388477762,1.0,0.024691358024691357,0.9883812998273135,0.7664583325386047,0.65625,0.38976190984249115,0.7664583333333332,0.5458333333333333,-0.15897047207829035
[1982] HKCFI 7,10,1335,474,147523.2887296397,87530.040339885,0.5825619359744029,0.32794587404580877,0.6,0.6,0.012658227848101266,0.2590637348387261,0.3550561797752809,0.00749063670411985,0.18552791960572393,1.0,0.02178649237472767,0.9551940288475252,0.6666666686534881,0.25,0.7833333373069763,0.6666666666666666,0.8916666666666666,0.016018045308143165
[1983] HKCA 260,10,1335,82,240907.28431294122,74756.09779995425,4.152576011880727,0.9371574183461782,0.3,0.3,0.036585365853658534,0.3405296190948733,0.06142322097378277,0.00749063670411985,0.029375634633236176,0.2,1.0,1.0,0.0,0.0,0.45833333730697634,0.6,0.7291666666666666,0.10580007630679852
[1983] HKCA 297,10,1335,542,160885.0680798571,174447.94721407624,0.4622023477369268,0.49041462650586265,0.4,0.4,0.007380073800738007,0.1460507410258427,0.4059925093632959,0.00749063670411985,0.2043966494148001,1.0,0.02493765586034913,0.9634617400424165,0.84375,0.6666666865348816,0.26964286267757415,0.84375,0.4916666666666667,0.004076276146271369
[1983] HKCA 299,10,1335,103,223382.95223535644,217781.53880498977,3.208754118696062,1.3641797651990117,0.3,0.3,0.02912621359223301,0.2960560649757503,0.07715355805243446,0.00749063670411985,0.042539886727023246,1.0,0.03508771929824561,0.8938498314747432,0.5937499910593033,0.2847222089767456,0.7500000089406967,0.59375,0.8583333333333334,0.018585465052963466
[1983] HKCFI 101,10,1335,8,128415.18698079472,102679.455626276,6.640569128556412,1.8413822715698078,0.0,0.0,0.0,0.0,0.00599250936329588,0.00749063670411985,0.005432926014785412,1.0,0.02857142857142857,0.9591815862551673,0.4913194477558136,0.3194444477558136,1.0,0.4913194444444445,1.0,-0.010324503839059918
[1983] HKCFI 102,10,1335,236,137889.55477075707,103719.65987028781,1.2733044472074413,0.6716997234907005,0.3,0.3,0.012711864406779662,0.11607447274270769,0.17677902621722846,0.00749063670411985,0.09207136563497907,1.0,0.027855153203342618,0.9518754234674603,0.8000000029802322,0.4583333432674408,0.85,0.7999999999999999,0.925,0.008396270819735529
[1983] HKCFI 161,10,1335,349,131115.09209480783,99742.29619970385,0.8475232304326543,0.4969307056936598,0.4,0.4,0.011461318051575931,0.15452133443784974,0.2614232209737828,0.00749063670411985,0.12959527044459807,1.0,0.018691588785046728,0.8823677823560272,0.3979166656732559,0.25,1.0,0.39791666666666664,1.0,0.05338514003362303
[1983] HKCFI 189,10,1335,463,247734.99002672578,98356.89768798107,0.9854461834742937,0.4972722344154139,0.4,0.4,0.008639308855291577,0.23752665943637075,0.34681647940074906,0.00749063670411985,0.18433929185705986,1.0,0.02288329519450801,0.9576800268752423,0.4838194400072098,0.27142858505249023,0.5428571462631225,0.48381944444444436,0.7297619047619047,-0.14097975893400266
[1983] HKCFI 190,10,1335,404,175396.43428131743,106161.65205805065,0.9070049844817675,0.47642770048465977,0.3,0.3,0.007425742574257425,0.04864533821329107,0.30262172284644195,0.00749063670411985,0.15031489280691057,1.0,0.022988505747126436,0.9477244154388658,0.5145833313465118,0.2916666567325592,1.0,0.5145833333333333,1.0,0.045265165366655195
[1983] HKCFI 191,10,1335,27,184922.97256897818,182300.73545085877,4.781341723179886,1.7428212322820364,0.0,0.0,0.0,0.0,0.020224719101123594,0.00749063670411985,0.0124444200778666,1.0,0.021739130434782608,0.8919395565784753,0.5004166662693024,0.25,1.0,0.5004166666666666,1.0,-0.07386809196393054
[1983] HKCFI 192,10,1335,372,534759.9342090619,285026.14055063756,3.0725946169769918,0.9630742930117311,0.2,0.2,0.005376344086021506,0.0664013621304433,0.2786516853932584,0.00749063670411985,0.13694809861890442,1.0,0.02717391304347826,0.8696382402436734,0.4023611158132553,0.1388888955116272,0.43928572088479995,0.4023611111111111,0.6141666666666666,-0.0005505535783567122
[1983] HKCFI 2,10,1335,82,231844.7864950057,53462.51003197074,3.9963635870310283,0.8272969777355312,0.4,0.4,0.04878048780487805,0.3479229511206139,0.06142322097378277,0.00749063670411985,0.029375634633236176,0.2,1.0,0.9893558519664241,0.0,0.0,0.45000000298023224,0.7,0.725,0.08123576624093132
[1983] HKCFI 240,10,1335,508,163913.6163890689,88405.94460733136,0.5650835784223756,0.2839920188029694,0.6,0.6,0.011811023622047244,0.2608883091126937,0.3805243445692884,0.00749063670411985,0.19858791004580942,1.0,0.034482758620689655,0.9298851662744368,0.6270833224058151,0.1875,0.6500000059604645,0.6270833333333333,0.7916666666666666,-0.036047428973842756
[1983] HKCFI 242,10,1335,248,174126.13649584446,107594.90375369371,1.5007267619912117,0.6554061208780819,0.1,0.1,0.004032258064516129,0.09268536571576645,0.18576779026217227,0.00749063670411985,0.10197102041010123,1.0,0.028169014084507043,0.9256500669479731,0.7631944477558136,0.3333333432674408,0.7000000029802322,0.7631944444444444,0.8333333333333334,0.011481291780410484
[1983] HKCFI 266,10,1335,508,136265.427843622,130674.93785752282,0.4697679013948289,0.5797895459261762,0.4,0.4,0.007874015748031496,0.13665153069855876,0.3805243445692884,0.00749063670411985,0.19858791004580942,1.0,0.025839793281653745,0.9389257715112406,0.43541666567325593,0.25,1.0,0.4354166666666667,1.0,0.08907904477674161
[1983] HKCFI 3,10,1335,140,88480.80042211516,46336.31703312107,1.14387341086248,0.7503787692193882,0.1,0.1,0.007142857142857143,0.024644636186085176,0.10486891385767791,0.00749063670411985,0.05192764138205785,1.0,0.05319148936170213,1.0,0.0,0.0,1.0,0.0,1.0,0.09042932788831468
[1983] HKCFI 300,10,1335,372,159197.4012768502,128663.57509117757,0.9147077911202401,0.5515478891334746,0.4,0.4,0.010752688172043012,0.2762410121809199,0.2786516853932584,0.00749063670411985,0.13694809861890442,1.0,0.01358695652173913,0.9262013331379557,0.4152777805924416,0.2083333283662796,0.9666666686534882,0.41527777777777775,0.9833333333333332,-0.013122813087770658
[1983] HKCFI 4,10,1335,318,122117.43524727218,100467.54720038893,0.8770696675667449,0.5379527249121141,0.4,0.4,0.012578616352201259,0.2561220872397646,0.23820224719101124,0.00749063670411985,0.11897014078104835,1.0,0.02967359050445104,0.8683903910982762,0.43125,0.25,1.0,0.43125,1.0,0.027401769395034133
[1983] HKCFI 42,10,1335,304,380575.97402368067,247730.31985787424,2.811462150445208,1.0333288185267273,0.3,0.3,0.009868421052631578,0.17080112660516086,0.22771535580524344,0.00749063670411985,0.11735952702755524,1.0,0.0641025641025641,0.872511666348036,0.6380555599927902,0.25,0.5028571516275406,0.6380555555555555,0.6583333333333333,-0.027630542214509345
[1983] HKCFI 5,10,1335,404,224623.11578119872,112236.81170141461,1.1615645807063788,0.47202974977663903,0.5,0.5,0.012376237623762377,0.09597611436553828,0.30262172284644195,0.00749063670411985,0.15031489280691057,1.0,0.045454545454545456,0.9385869864682851,0.7037499994039536,0.3499999940395355,0.5950000062584877,0.70375,0.7575000000000001,-0.022125100083662953
[1983] HKCFI 78,10,1335,232,120074.92988849527,112347.45211425782,1.128960028763248,0.7824612370955055,0.3,0.3,0.01293103448275862,0.22303256847078787,0.17378277153558053,0.00749063670411985,0.08907248045356937,1.0,0.019157088122605363,0.9457633515880278,0.6847222208976745,0.5,0.95,0.6847222222222221,0.975,0.03403256761966899
[1983] HKCFI 80,10,1335,62,728650.8573693901,769553.7152935172,0.5382826153539637,0.8452872278362982,0.2,0.2,0.03225806451612903,0.2000406751818357,0.04644194756554307,0.00749063670411985,0.023390988381934954,1.0,0.023752969121140142,0.903649525823167,0.5088194459676743,0.36250001192092896,0.34424603432416917,0.5088194444444445,0.5207142857142858,0.19717327371478122
[1983] HKCFI 82,10,1335,248,295689.8427998204,318830.6567185095,2.5484379844909437,1.321119320126079,0.0,0.0,0.0,0.0,0.18576779026217227,0.00749063670411985,0.10197102041010123,1.0,0.01631321370309951,0.9390251874013782,0.4634722262620926,0.3583333194255829,0.7233333468437195,0.4634722222222223,0.8475000000000001,-0.13768287185594638
[1983] HKCFI 85,10,1335,248,153377.70255585446,102980.65205585168,1.3219039229288356,0.6202255064641724,0.5,0.5,0.020161290322580645,0.18351560303393802,0.18576779026217227,0.00749063670411985,0.10197102041010123,1.0,0.023752969121140142,0.8628178056174072,0.3666666716337204,0.25,0.6400000184774399,0.36666666666666664,0.8083333333333332,-0.0404488967744552
[1983] HKCFI 86,10,1335,294,220703.06673806283,203987.42583567736,1.678372553095496,0.8625517189038936,0.4,0.4,0.013605442176870748,0.12367560583737623,0.2202247191011236,0.00749063670411985,0.11538701388432807,1.0,0.021367521367521368,0.9364257034670342,0.5537499964237214,0.4000000059604645,0.6083333373069764,0.55375,0.7633333333333333,-0.08054999446588111
[1983] HKCFI 88,10,1335,6,235238.59783891743,261451.17684825818,20.274317591522312,3.1557821825665116,0.1,0.1,0.16666666666666666,0.15309242544815566,0.0044943820224719105,0.00749063670411985,0.005579752493237205,1.0,0.01904761904761905,0.9344297754289351,0.3072222203016281,0.1875,1.0,0.3072222222222222,1.0,0.06488999636147055
[1983] HKCFI 9,10,1335,481,296326.99126660154,282198.34727357083,0.5675398498065709,0.5282350407404328,0.3,0.3,0.006237006237006237,0.2164847852754005,0.3602996254681648,0.00749063670411985,0.19397648877168117,1.0,0.07246376811594203,0.9682742095967616,0.37833333760499954,0.1944444477558136,0.5376190647482872,0.37833333333333335,0.7275,0.0361071829234055
[1983] HKCFI 90,10,1335,100,822516.6464339695,862060.4147478618,0.7088957283079556,0.936881526693889,0.1,0.1,0.01,0.12476842849556777,0.0749063670411985,0.00749063670411985,0.036383631921226706,1.0,0.05847953216374269,0.9391503869042805,0.48020833134651186,0.15625,0.3746753305196762,0.4802083333333333,0.5875000000000001,0.013769023395136422
[1983] HKCFI 92,10,1335,404,247468.1380709122,149384.26495783593,1.2797001013757083,0.6487494311683797,0.2,0.2,0.0049504950495049506,0.024321658949224313,0.30262172284644195,0.00749063670411985,0.15031489280691057,1.0,0.029498525073746312,0.943757414334829,0.4802083283662796,0.4166666567325592,0.4266666769981384,0.4802083333333334,0.6033333333333333,-0.13641385763514421
[1983] HKCFI 94,10,1335,542,208366.94724794113,200651.0483364258,0.598611750351943,0.5183140569493725,0.3,0.3,0.005535055350553505,0.1620674751540478,0.4059925093632959,0.00749063670411985,0.2043966494148001,1.0,0.030211480362537766,0.9410412051064737,0.5685416594147682,0.2083333283662796,0.6821428626775742,0.5685416666666667,0.8244047619047619,0.009634597546300248
[1983] HKCFI 95,10,1335,349,125691.81180294699,105912.09609983496,0.8124673420595897,0.5607640417609572,0.3,0.3,0.008595988538681949,0.059828530700657315,0.2614232209737828,0.00749063670411985,0.12959527044459807,1.0,0.020161290322580645,0.9476597969973669,0.36875,0.3125,1.0,0.36875,1.0,0.058799640639034825
[1983] HKCFI 97,10,1335,204,188905.8343663145,178831.10633175154,1.953728809482243,1.0471525953015677,0.0,0.0,0.0,0.0,0.15280898876404495,0.00749063670411985,0.07572189506757582,1.0,0.03134796238244514,0.8968502780207521,0.511111119389534,0.1666666716337204,0.6666666686534881,0.5111111111111112,0.8,-0.003910294658835347
[1983] HKCFI 99,10,1335,508,107380.63672876156,65129.39546521363,0.37018910199585064,0.2023565472286597,0.6,0.6,0.011811023622047244,0.379281164365279,0.3805243445692884,0.00749063670411985,0.19858791004580942,1.0,0.04065040650406504,0.9398210918328905,0.8284722208976746,0.3125,0.5345238149166107,0.8284722222222222,0.738095238095238,0.028920244184700367
[1984] HKCFI 1,10,1335,547,174513.40691948304,203211.87059682852,0.4306441298835657,0.5516371508869611,0.4,0.4,0.007312614259597806,0.14899002437503836,0.40973782771535583,0.00749063670411985,0.20483825610410417,1.0,0.03424657534246575,0.8896128832824631,0.7020833402872085,0.15625,0.5400000065565109,0.7020833333333333,0.7283333333333333,-0.0027505743876553223
[1984] HKCFI 254,10,1335,561,178218.32461920998,194606.34613712277,0.4816711476194865,0.6374796214462135,0.3,0.3,0.0053475935828877,0.03565350581394437,0.4202247191011236,0.00749063670411985,0.2061142967126656,1.0,0.027777777777777776,0.9910061819011062,0.5500000089406967,0.4583333432674408,1.0,0.5499999999999999,1.0,-0.009965906572817117
[1984] HKCFI 301,10,1335,104,142337.2955635984,99893.81811957413,2.0196508154294373,0.8767642442228984,0.1,0.1,0.009615384615384616,0.0242245439284024,0.07790262172284644,0.00749063670411985,0.04366591918845605,1.0,0.05847953216374269,1.0,0.0,0.0,1.0,0.2,1.0,-0.002378087528426459
[1984] HKCFI 347,10,1335,104,152099.54824564306,136196.42215137114,2.1581692656476386,1.07444920079159,0.2,0.2,0.019230769230769232,0.16634072479311832,0.07790262172284644,0.00749063670411985,0.04366591918845605,1.0,0.033444816053511704,0.9518650893642325,0.8305555582046509,0.4722222089767456,0.6666666746139527,0.8305555555555555,0.8,0.02475951574796424
[1984] HKCFI 360,10,1335,541,189573.80083780357,193936.96183267247,0.5379797050802535,0.4389398109691047,0.3,0.3,0.005545286506469501,0.0581800356847936,0.4052434456928839,0.00749063670411985,0.20955868383360907,1.0,0.018975332068311195,0.7701117362769311,0.35166667103767396,0.1388888955116272,0.5450000062584877,0.3516666666666666,0.7,0.074905608730066
[1984] HKCFI 366,10,1335,265,367459.30525261816,350000.7963158615,2.9793997723185255,1.3445105794703265,0.0,0.0,0.0,0.0,0.19850187265917604,0.00749063670411985,0.10849195004999841,1.0,0.033003300330033,0.9328870846482579,0.6255952447652817,0.3333333432674408,0.8500000059604644,0.6255952380952381,0.925,-0.049859127523304896
[1984] HKCFI 387,10,1335,22,185140.859341378,129759.49253998035,5.253997359687753,1.5287850765579485,0.0,0.0,0.0,0.0,0.01647940074906367,0.00749063670411985,0.011999716139818411,1.0,0.02967359050445104,0.892605982325658,0.6458333343267441,0.3333333432674408,0.85,0.6458333333333333,0.925,-0.016758958581206664
[1984] HKCFI 395,10,1335,231,219994.3433330815,175628.31307368574,2.0810275720696896,0.9747774391283857,0.3,0.3,0.012987012987012988,0.12928028119726573,0.17303370786516853,0.00749063670411985,0.08881466637520916,1.0,0.02457002457002457,0.9504284704598448,0.4312500089406967,0.3194444477558136,0.95,0.43125,0.975,0.008689236965805924
[1984] HKCFI 396,10,1335,524,241507.04589086998,210744.82968712976,0.7615087032594999,0.5344019321626963,0.3,0.3,0.0057251908396946565,0.0802519272970134,0.39250936329588015,0.00749063670411985,0.20389944951408626,1.0,0.045454545454545456,0.8414728853180521,0.5116666704416275,0.20000000298023224,0.7416666686534882,0.5116666666666667,0.85,-0.0561605651492506
[1984] HKCFI 402,10,1335,324,112008.99103237677,55524.31665993933,0.7946583823242948,0.3431705630454722,0.5,0.5,0.015432098765432098,0.21503160657769035,0.24269662921348314,0.00749063670411985,0.12173031647402781,1.0,0.02967359050445104,0.9380578362871627,0.54375,0.25,1.0,0.54375,1.0,0.027618071240178906
[1984] HKCFI 403,10,1335,517,155774.54859510087,187617.2933200617,0.34004839090406636,0.5273314642801319,0.4,0.4,0.007736943907156673,0.299050135862356,0.3872659176029963,0.00749063670411985,0.2038439982026846,1.0,0.04,0.8938227616986846,0.3480555579066277,0.1388888955116272,0.5216666758060455,0.3480555555555555,0.705,0.03598086781127495
[1984] HKCFI 404,10,1335,70,279830.33751064155,270541.26292926207,5.294087466417542,1.8112470369788554,0.0,0.0,0.0,0.0,0.052434456928838954,0.00749063670411985,0.02469473005895798,1.0,0.04854368932038835,0.8634010763913906,0.265625,0.1041666641831398,0.7900000065565109,0.26562499999999994,0.8950000000000001,-0.046188476889107925
[1984] HKCFI 41,10,1335,491,108949.07468852199,101871.55574395932,0.41223974206467784,0.3541131436935334,0.7,0.7,0.014256619144602852,0.19969983935612381,0.36779026217228467,0.00749063670411985,0.19148523470704332,1.0,0.02865329512893983,0.9813587264546131,0.65625,0.4583333432674408,1.0,0.6562499999999999,1.0,0.04272118946701995
[1984] HKCFI 45,10,1335,104,228106.11053681752,53462.510031970734,3.2366407576170055,0.6327053283497639,0.3,0.3,0.028846153846153848,0.23169229641251182,0.07790262172284644,0.00749063670411985,0.04366591918845605,0.2,1.0,0.9866153198333798,0.0,0.0,0.45000000298023224,0.7,0.725,-0.02536415775854746
[1984] HKCFI 51,10,1335,524,179984.04942108862,149292.4894884721,0.5675172729493785,0.3794516567171051,0.5,0.5,0.009541984732824428,0.22461617995962221,0.39250936329588015,0.00749063670411985,0.20389944951408626,1.0,0.025,0.8958139335895141,0.5201388880610466,0.2013888955116272,0.8166666746139526,0.5201388888888889,0.9,0.03476555412128464
[1985] HKCFI 135,10,1335,229,271551.09367106715,161489.80829289852,2.650273436729634,0.9447466085728751,0.4,0.4,0.017467248908296942,0.2481021803684763,0.17153558052434456,0.00749063670411985,0.08457086628756613,1.0,0.017985611510791366,0.8853117437081996,0.5299999982118606,0.25,0.648333340883255,0.53,0.8041666666666666,0.020332009424872986
[1985] HKCFI 144,10,1335,369,289134.31217659346,248248.80164346038,1.6931288550881607,0.8973612171793564,0.2,0.2,0.005420054200542005,0.06746621689261859,0.27640449438202247,0.00749063670411985,0.13841833483492644,1.0,0.04784688995215311,0.9073448091745907,0.5174999997019768,0.2083333283662796,0.760000005364418,0.5175000000000001,0.8583333333333334,-0.03617935349158005
[1985] HKCFI 193,10,1335,501,142014.78037936345,58981.8510241819,0.28676485631123405,0.11752638626074408,0.6,0.6,0.011976047904191617,0.42586224150542457,0.3752808988764045,0.00749063670411985,0.20020607459316572,1.0,0.03816793893129771,0.9419041288266529,0.3583333417773247,0.2222222238779068,0.6833333432674408,0.35833333333333334,0.8150000000000001,0.03780194159805832
[1985] HKCFI 205,10,1335,177,187410.6828912328,145119.79100644286,2.1948998897171412,0.9915459583152879,0.4,0.4,0.022598870056497175,0.21123678316886957,0.13258426966292136,0.00749063670411985,0.06051121850082372,1.0,0.018148820326678767,0.9096472496414924,0.5111111178994179,0.2222222238779068,0.6233333438634873,0.5111111111111112,0.7916666666666666,-0.022868131474414233
[1985] HKCFI 206,10,1335,260,55116.00714173181,49902.32603030595,0.46107341881757635,0.5088135701502159,0.3,0.3,0.011538461538461539,0.1965211333847433,0.1947565543071161,0.00749063670411985,0.1055649326635498,1.0,0.03278688524590164,0.9845576285723534,0.68125,0.5,1.0,0.68125,1.0,0.09690197710195544
[1985] HKCFI 207,10,1335,7,339833.40768910386,357080.1099395382,24.87519313039612,3.300920758326245,0.0,0.0,0.0,0.0,0.0052434456928838954,0.00749063670411985,0.005847177382000343,1.0,0.017064846416382253,0.9643141854360064,0.47972221970558165,0.3541666567325592,1.0,0.4797222222222223,1.0,0.07579003088821917
[1985] HKCFI 209,10,1335,345,321833.57771056454,364485.93747092143,2.141603455281193,1.2311974583451777,0.2,0.2,0.005797101449275362,0.24969211779681127,0.25842696629213485,0.00749063670411985,0.12697544057310686,1.0,0.015128593040847202,0.9148469272482326,0.4517361044883728,0.28333333134651184,0.701666671037674,0.45173611111111117,0.8341666666666667,-0.08936559737725984
[1985] HKCFI 219,10,1335,354,359979.0424952446,341352.2909201799,0.5269963459952904,0.6100528513665768,0.4,0.4,0.011299435028248588,0.09028239147376989,0.2651685393258427,0.00749063670411985,0.13525518186096988,1.0,0.022321428571428572,0.9397368926472338,0.5135416626930237,0.375,0.44146825969219206,0.5135416666666667,0.656904761904762,0.14177973302125188
[1985] HKCFI 220,10,1335,239,237627.12994333325,213116.26733921815,2.1742347193576386,1.08003020765255,0.1,0.1,0.0041841004184100415,0.07705262226336355,0.17902621722846443,0.00749063670411985,0.09414499648335495,1.0,0.014347202295552367,0.9814389914347413,0.4371527791023254,0.3854166567325592,1.0,0.4371527777777778,1.0,-0.03642864807643832
[1985] HKCFI 223,10,1335,524,207383.04102761755,178035.0218886804,0.6746695528926495,0.7176398331396534,0.3,0.3,0.0057251908396946565,0.0585648372710748,0.39250936329588015,0.00749063670411985,0.20021051222553893,1.0,0.053475935828877004,0.9738917018692638,0.7491666734218597,0.36666667461395264,0.4525000035762787,0.7491666666666666,0.6433333333333333,-0.05970861641976598
[1985] HKCFI 227,10,1335,160,169523.84962394842,97258.15156680073,2.068140057349221,0.7780707214391942,0.4,0.4,0.025,0.3159173127695689,0.1198501872659176,0.00749063670411985,0.05757269705802628,1.0,0.017985611510791366,0.9185365950093952,0.4784722238779068,0.2013888955116272,0.8000000059604645,0.47847222222222224,0.9,-0.02608291918962102
[1985] HKCFI 229,10,1335,524,135024.32773726416,117659.307224216,0.3953415001316294,0.29380880874195814,0.6,0.6,0.011450381679389313,0.2784343932755342,0.39250936329588015,0.00749063670411985,0.2052827854423489,1.0,0.01838235294117647,0.9059849339114833,0.459375,0.28125,0.9333333373069763,0.459375,0.9666666666666668,-0.02949983807509914
[1985] HKCFI 272,10,1335,524,211096.16036284217,164246.846744483,0.6180743434047181,0.6648522606963239,0.4,0.4,0.007633587786259542,0.3466461826324188,0.39250936329588015,0.00749063670411985,0.2052827854423489,1.0,0.016835016835016835,0.9231909265913212,0.39472222328186035,0.21875,0.6075396955013275,0.3947222222222222,0.7827380952380952,-0.016156032775782276
[1985] HKCFI 323,10,1335,304,91694.62269953263,105851.47518406695,0.6711881166069393,0.604558159276178,0.3,0.3,0.009868421052631578,0.1684340232054136,0.22771535580524344,0.00749063670411985,0.11851763143459149,1.0,0.013568521031207599,0.9671581625077562,0.4112103134393692,0.3194444477558136,1.0,0.4112103174603174,1.0,-0.03424834982911901
[1985] HKCFI 402,10,1335,545,145954.41510341087,74083.71040723985,0.3561200068213854,0.18162176661674323,0.7,0.7,0.012844036697247707,0.539669798435597,0.40823970037453183,0.00749063670411985,0.20497862788130086,1.0,0.0199203187250996,0.9663295436251215,0.6393750011920929,0.15625,0.6166666775941849,0.639375,0.7716666666666666,0.05390278853526191
[1985] HKCFI 404,10,1335,545,199505.36848544716,214633.04241932207,0.4867811168000776,0.5666787717576822,0.4,0.4,0.007339449541284404,0.29665582333735135,0.40823970037453183,0.00749063670411985,0.20497862788130086,1.0,0.03003003003003003,0.9586130067070321,0.39020833373069763,0.21666666865348816,0.8350000023841858,0.3902083333333334,0.9091666666666667,-0.0036431323826877143
[1985] HKCFI 524,10,1335,260,263333.43934329215,191691.59576870088,2.2029180897444007,0.9325341935096834,0.1,0.1,0.0038461538461538464,0.04672678702571448,0.1947565543071161,0.00749063670411985,0.1055649326635498,1.0,0.026385224274406333,0.9444466893667296,0.413333335518837,0.2916666567325592,0.7350000023841858,0.4133333333333333,0.8625,-0.005677028948527377
[1985] HKCFI 564,10,1335,545,140881.50971232605,128740.60609349137,0.34374242234614083,0.3453457025341944,0.6,0.6,0.011009174311926606,0.33313753642843064,0.40823970037453183,0.00749063670411985,0.20497862788130086,1.0,0.013422818791946308,0.9410108783358071,0.539682537317276,0.4166666567325592,0.6083333477377891,0.5396825396825398,0.7666666666666666,0.07200364119220133
[1985] HKCFI 63,10,1335,324,226451.98455113094,253713.8532735994,1.5976749154264096,1.0180747877827612,0.3,0.3,0.009259259259259259,0.17909032989276086,0.24269662921348314,0.00749063670411985,0.12144461548214179,1.0,0.025252525252525252,0.9225316740905001,0.3851190462708473,0.1666666716337204,0.9166666686534881,0.38511904761904764,0.9583333333333334,-0.019121908490731265
[1985] HKCFI 67,10,1335,99,206394.0300029024,211534.76010336677,3.021534223015464,1.393858455547834,0.0,0.0,0.0,0.0,0.07415730337078652,0.00749063670411985,0.04175953981193739,1.0,0.018050541516245487,0.9369668346148452,0.3552777796983719,0.1666666716337204,0.6666666775941849,0.35527777777777775,0.8166666666666667,-0.035010020278036555
[1985] HKCFI 68,10,1335,516,197755.0890204051,184197.5300114659,0.43864594547933156,0.40940730987023866,0.5,0.5,0.009689922480620155,0.20127611764282294,0.3865168539325843,0.00749063670411985,0.20577504151443549,1.0,0.02680965147453083,0.9353652498238817,0.34347222447395326,0.1388888955116272,0.8500000059604644,0.34347222222222223,0.925,-0.002419641180218877
[1985] HKCFI 71,10,1335,524,515772.92326054315,507404.40127351874,1.6779399405373023,0.9696644152447407,0.1,0.1,0.0019083969465648854,0.0658763082069478,0.39250936329588015,0.00749063670411985,0.20021051222553893,1.0,0.02403846153846154,0.90088428312737,0.45634920597076417,0.3611111044883728,0.5253571599721909,0.45634920634920634,0.694047619047619,-0.1246938103213347
[1985] HKCFI 72,10,1335,524,171201.5402502819,141308.16505706764,0.5012657710030777,0.4205472629712288,0.5,0.5,0.009541984732824428,0.23272364938921994,0.39250936329588015,0.00749063670411985,0.2052827854423489,1.0,0.029585798816568046,0.783377308588881,0.40406250208616257,0.15000000596046448,0.8,0.40406250000000005,0.9,-0.03857249343907692
[1985] HKCFI 74,10,1335,526,175343.6555123683,125453.50764071953,0.5404143010101443,0.37775686722599744,0.6,0.6,0.011406844106463879,0.2833833060703838,0.3940074906367041,0.00749063670411985,0.20283437771638377,1.0,0.03663003663003663,0.9838789497003596,0.3333333432674408,0.3333333432674408,0.8,0.33333333333333337,0.9,0.045689013595683794
[1985] HKCFI 80,10,1335,545,230854.48792983853,88656.1734149007,0.5632710854143957,0.195670692759923,0.8,0.8,0.014678899082568808,0.5487333462307861,0.40823970037453183,0.00749063670411985,0.20497862788130086,1.0,0.01607717041800643,0.9679551551881092,0.5431597173213959,0.3735119104385376,0.5038095369935036,0.5431597222222222,0.6835714285714285,0.06311070001927602
[1985] HKCFI 81,10,1335,524,145129.09013600307,159160.80093161677,0.4721416846266365,0.41713532901281614,0.5,0.5,0.009541984732824428,0.18411739574173278,0.39250936329588015,0.00749063670411985,0.20021051222553893,1.0,0.021834061135371178,0.843048778294585,0.5857638925313949,0.2083333283662796,0.5416666716337204,0.5857638888888889,0.7,-0.10034060769106111
[1985] HKCFI 82,10,1335,502,108133.74912769793,104470.87153972982,0.39575978002817375,0.39746908070211795,0.5,0.5,0.0099601593625498,0.31741586672514976,0.3760299625468165,0.00749063670411985,0.1948770464032902,1.0,0.03436426116838488,0.8954776829540283,0.5508928567171096,0.1666666716337204,0.8,0.5508928571428572,0.9,-0.03699295376173147
[1985] HKCFI 83,10,1335,260,164937.98499237292,141954.72340464668,1.379790093243789,0.7287843248143773,0.5,0.5,0.019230769230769232,0.3409345709660547,0.1947565543071161,0.00749063670411985,0.1055649326635498,1.0,0.033444816053511704,0.9522213320375219,0.21520833373069764,0.1458333283662796,0.95,0.2152083333333333,0.975,0.0891582702179292
[1986] HKCFI 124,10,1335,294,150210.73274322654,66598.80486666906,1.1401129940195347,0.4561359861396186,0.5,0.5,0.017006802721088437,0.3198135039381614,0.2202247191011236,0.00749063670411985,0.1157303056181987,1.0,0.011990407673860911,0.9434202362647235,0.34861111640930176,0.2797619104385376,1.0,0.3486111111111111,1.0,0.012170066410944811
[1986] HKCFI 21,10,1335,524,228278.2943743714,207316.26990293257,0.5133786133077287,0.38155997292893407,0.5,0.5,0.009541984732824428,0.36875000469289754,0.39250936329588015,0.00749063670411985,0.2032342130085289,1.0,0.017889087656529516,0.9056291850991016,0.5213492035865783,0.3541666567325592,0.4170635014772415,0.5213492063492062,0.6352380952380952,0.06735185686510942
[1986] HKCFI 267,10,1335,539,149829.62721105793,115082.66186368375,0.34991395959893645,0.29566381028505173,0.5,0.5,0.00927643784786642,0.2841511272267216,0.4037453183520599,0.00749063670411985,0.2049109468088638,1.0,0.014124293785310734,0.8660044732463609,0.4402777761220932,0.22499999403953552,0.5670238196849823,0.44027777777777777,0.7233333333333334,0.05377854251260871
[1986] HKCFI 268,10,1335,533,243115.9881671556,213049.23177624354,0.7381089010119948,0.7861483572536523,0.3,0.3,0.005628517823639775,0.2079716747647846,0.399250936329588,0.00749063670411985,0.20406220899825753,1.0,0.023980815347721823,0.9421766169649622,0.6081597208976746,0.296875,0.5282936617732048,0.6081597222222223,0.6733333333333333,-0.06835041822782387
[1986] HKCFI 31,10,1335,539,222705.21935605817,274049.10134287865,0.5201085164448481,0.6979062615231975,0.3,0.3,0.0055658627087198514,0.2550214016669123,0.4037453183520599,0.00749063670411985,0.2049109468088638,1.0,0.03048780487804878,0.8826546871131999,0.4083333358168602,0.15625,0.8433333367109299,0.4083333333333333,0.9083333333333334,-0.022339535594723445
[1986] HKCFI 32,10,1335,121,668813.7995568553,728253.1039866853,0.6153159990463014,1.1109213563262204,0.2,0.2,0.01652892561983471,0.06473423944278762,0.09063670411985018,0.00749063670411985,0.04315669300776651,1.0,0.017241379310344827,0.8628115027455308,0.48736111223697665,0.23125000298023224,0.561904776096344,0.4873611111111111,0.7483333333333334,0.0023433775963866985
[1986] HKCFI 325,10,1335,533,115624.22838236394,53660.22099447512,0.35103932400771753,0.1642520334860178,0.6,0.6,0.01125703564727955,0.47749512987393045,0.399250936329588,0.00749063670411985,0.20406220899825753,1.0,0.03816793893129771,0.9153643969190292,0.4864583447575569,0.2083333283662796,0.7333333373069764,0.4864583333333333,0.8666666666666666,0.014111952937541587
[1986] HKCFI 326,10,1335,227,503355.1392012406,570190.9965850473,0.5877709005918853,1.0967489083586184,0.3,0.3,0.013215859030837005,0.08874919642409311,0.1700374531835206,0.00749063670411985,0.08089062521479062,1.0,0.018214936247723135,0.9210948142089227,0.5116402119398117,0.33564814925193787,0.332857146859169,0.5116402116402117,0.5208333333333333,0.1661849041510007
[1986] HKCFI 34,10,1335,564,158152.40895175934,92710.38260689253,0.436505829784954,0.29575254235910275,0.6,0.6,0.010638297872340425,0.2677153016813879,0.42247191011235957,0.00749063670411985,0.20819137242409133,1.0,0.028011204481792718,0.8948791559997875,0.6208333402872086,0.3125,1.0,0.6208333333333333,1.0,-0.007283753496042298
[1986] HKCFI 35,10,1335,469,169315.78450719718,159099.39904913536,0.3212805145209766,0.36766955023928993,0.5,0.5,0.010660980810234541,0.28453519775763697,0.351310861423221,0.00749063670411985,0.19305220814550858,1.0,0.02967359050445104,0.9319183678389341,0.4506944417953491,0.25,0.9333333373069763,0.4506944444444444,0.9666666666666668,0.07531399948154495
[1986] HKCFI 359,10,1335,45,787948.2700392755,603994.5054945054,0.5316087427492209,0.44679966033604224,0.5,0.5,0.1111111111111111,0.29142893710427975,0.033707865168539325,0.00749063670411985,0.01801129512585791,1.0,0.017035775127768313,0.9510847246411951,0.6029154688119889,0.3948412835597992,0.4202777862548828,0.602915464165464,0.5883333333333334,0.18799030278032833
[1986] HKCFI 38,10,1335,533,172136.88785442844,140263.4761778803,0.5226137946571385,0.5548562679430171,0.4,0.4,0.0075046904315197,0.14617861784454592,0.399250936329588,0.00749063670411985,0.20406220899825753,1.0,0.0423728813559322,0.9745102348331464,0.7668055534362793,0.6333333253860474,0.585000005364418,0.7668055555555556,0.75,0.015785934661303343
[1986] HKCFI 394,10,1335,495,169489.95557325496,103079.17888563049,0.6432220160831861,0.36027307737403014,0.5,0.5,0.010101010101010102,0.32461989289706356,0.3707865168539326,0.00749063670411985,0.1902654143266108,1.0,0.02109704641350211,0.8375804334792789,0.3688888892531395,0.1111111119389534,0.7833333402872086,0.3688888888888889,0.875,0.016519359383542143
[1986] HKCFI 404,10,1335,213,317205.6976393666,340866.74132865225,3.210159762896893,1.4909078791528145,0.3,0.3,0.014084507042253521,0.10081482599534719,0.15955056179775282,0.00749063670411985,0.07912508843386507,1.0,0.013440860215053764,0.8488551926276898,0.3944246038794518,0.24166665971279144,0.6816666781902313,0.39442460317460315,0.8074999999999999,-0.038993076717418966
[1986] HKCFI 408,10,1335,524,136791.40509858972,128140.00272776865,0.30763232244394223,0.303448785902785,0.6,0.6,0.011450381679389313,0.2874877718059304,0.39250936329588015,0.00749063670411985,0.2032342130085289,1.0,0.0423728813559322,0.9664128824229481,0.8506944477558136,0.6666666865348816,0.31059524416923523,0.8506944444444443,0.5108333333333334,-0.00820503416715629
[1986] HKCFI 41,10,1335,348,319595.4449898202,232129.5454691729,1.9406065758841335,0.8792291111710107,0.1,0.1,0.0028735632183908046,0.05071143015802306,0.2606741573033708,0.00749063670411985,0.13304814418658625,1.0,0.013869625520110958,0.9334515741098109,0.5584722220897674,0.3333333432674408,0.5566666722297668,0.5584722222222223,0.7499999999999999,-0.06347474836859886
[1986] HKCFI 415,10,1335,469,429904.0151517165,255381.481194433,0.8157525512732458,0.4459793156073122,0.3,0.3,0.006396588486140725,0.08318379962640067,0.351310861423221,0.00749063670411985,0.19305220814550858,1.0,0.020491803278688523,0.9247864403858826,0.5403724700212479,0.3541666567325592,0.5992063581943512,0.5403724747474747,0.7555952380952381,0.14546905360890294
[1986] HKCFI 416,10,1335,213,155158.04972774637,160927.5220920089,1.5702181008483644,0.9644614680936323,0.2,0.2,0.009389671361502348,0.2539694669518745,0.15955056179775282,0.00749063670411985,0.07912508843386507,1.0,0.019157088122605363,0.9851683772514105,0.6083333134651184,0.5833333134651184,1.0,0.6083333333333332,1.0,0.025302111398445907
[1986] HKCFI 421,10,1335,515,202370.64859668986,155150.09867298085,0.4388604155539543,0.41020212426826674,0.5,0.5,0.009708737864077669,0.2000183601535395,0.3857677902621723,0.00749063670411985,0.20426443944415032,1.0,0.024875621890547265,0.8932897949954434,0.44124999940395354,0.1944444477558136,0.6028571531176568,0.44125,0.7639285714285714,0.060468933857099005
[1986] HKCFI 426,10,1335,564,157484.25621881866,126232.15865584112,0.43466170635333257,0.4411516349838198,0.5,0.5,0.008865248226950355,0.3878526449357074,0.42247191011235957,0.00749063670411985,0.20819137242409133,1.0,0.02197802197802198,0.9533826648327695,0.6029166668653488,0.3958333432674408,0.561666676402092,0.6029166666666667,0.7475,-0.02711856076595032
[1986] HKCFI 429,10,1335,524,261582.78411602517,285682.93569243717,0.5882775992465831,0.7407832594166877,0.2,0.2,0.003816793893129771,0.09154494525034827,0.39250936329588015,0.00749063670411985,0.2032342130085289,0.4,1.0,1.0,0.0,0.0,0.5700000047683715,0.5,0.76,-0.02567714556443733
[1986] HKCFI 54,10,1335,546,183667.2901595868,148474.11480900517,0.44609640925247385,0.3521183198996134,0.6,0.6,0.01098901098901099,0.20664501443112743,0.40898876404494383,0.00749063670411985,0.20597771461492542,1.0,0.06944444444444445,0.9032914762066206,0.344305557012558,0.20000000298023224,0.6166666775941849,0.34430555555555553,0.7916666666666666,0.007314922650883247
[1987] HKCA 5,10,1335,12,227962.68935729522,208459.7681875921,8.625615272978738,2.1833463525433823,0.0,0.0,0.0,0.0,0.008988764044943821,0.00749063670411985,0.0061535479862313185,1.0,0.019011406844106463,0.9113296390618592,0.5534722194075584,0.1458333283662796,0.8,0.5534722222222221,0.9,-0.02842995796767191
[1987] HKCFI 115,10,1335,558,120282.3915146247,122176.85017140552,0.3223784817621699,0.3619218006433389,0.8,0.8,0.014336917562724014,0.2521388847774229,0.41797752808988764,0.00749063670411985,0.20738669584209404,1.0,0.058823529411764705,0.9129815530445682,0.6694444328546524,0.25,0.6333333343267441,0.6694444444444444,0.8166666666666668,0.024699291406922362
[1987] HKCFI 118,10,1335,541,362010.4146946713,300579.94123077,1.0395569340894282,0.604327266954404,0.4,0.4,0.0073937153419593345,0.3633322921144961,0.4052434456928839,0.00749063670411985,0.20437055345210905,1.0,0.023809523809523808,0.9145392812835373,0.47630621790885924,0.3611111044883728,0.5859127104282379,0.47630621693121694,0.7500595238095238,-0.04852178860513876
[1987] HKCFI 120,10,1335,445,129334.68537803968,100935.64942755624,0.5942404463315338,0.5236115607997034,0.4,0.4,0.008988764044943821,0.24904786980339574,0.3333333333333333,0.00749063670411985,0.16653358737017712,1.0,0.024213075060532687,0.8891358279010336,0.6423611164093017,0.3125,0.8333333343267441,0.642361111111111,0.9166666666666666,-0.040405711906011985
[1987] HKCFI 133,10,1335,400,410235.50621938275,354291.01573515317,2.1990101459507456,1.0628678922114956,0.3,0.3,0.0075,0.10341287235229842,0.299625468164794,0.00749063670411985,0.14599908072858575,1.0,0.0205761316872428,0.9093930132320498,0.41704861372709273,0.2291666716337204,0.5533333450555802,0.4170486111111111,0.7358333333333332,-0.12104125477925674
[1987] HKCFI 134,10,1335,542,131115.29930533137,85504.20168067235,0.32438088601526893,0.19189100781010637,0.7,0.7,0.012915129151291513,0.48568265075231437,0.4059925093632959,0.00749063670411985,0.20513512695961322,1.0,0.02252252252252252,0.9870870178668164,0.7125,0.5,0.5050000101327896,0.7125,0.6916666666666667,0.034766396551304424
[1987] HKCFI 139,10,1335,425,353110.13803705486,275495.598833005,1.747197772407881,0.9729506205600176,0.2,0.2,0.004705882352941176,0.0467696477999658,0.31835205992509363,0.00749063670411985,0.15592341265012705,1.0,0.011933174224343675,0.8902320141964962,0.46840278059244156,0.2152777761220932,0.5319444447755813,0.4684027777777778,0.7252380952380951,-0.09560780000357942
[1987] HKCFI 140,10,1335,526,138680.03717230947,97025.14253668564,0.4054772585627723,0.25340310332595717,0.6,0.6,0.011406844106463879,0.3307137840166474,0.3940074906367041,0.00749063670411985,0.2053416524262196,1.0,0.02531645569620253,0.9568586590792113,0.760833328962326,0.5,0.4916666761040688,0.7608333333333334,0.6708333333333334,-0.03744132271940135
[1987] HKCFI 141,10,1335,203,146484.1211041569,156809.18146049386,1.5704153523778983,0.9861508311778602,0.2,0.2,0.009852216748768473,0.054295141698639256,0.15205992509363295,0.00749063670411985,0.07275276338130479,1.0,0.033444816053511704,0.9881860544200957,0.5243055582046509,0.4444444477558136,0.0,0.5243055555555556,0.0,-0.026671635363616417
[1987] HKCFI 150,10,1335,537,158840.90065355803,197691.29287598946,0.3784197633187869,0.38906768161948246,0.6,0.6,0.0111731843575419,0.21092324611350835,0.40224719101123596,0.00749063670411985,0.20815153305181167,1.0,0.04504504504504504,0.8769695961952685,0.44958333373069764,0.18333333730697632,0.43666667193174363,0.44958333333333333,0.5866666666666666,0.01624549524353157
[1987] HKCFI 164,10,1335,474,167535.30741661586,138848.27281326798,0.6735372156276113,0.5664423457256609,0.3,0.3,0.006329113924050633,0.30164621250247126,0.3550561797752809,0.00749063670411985,0.18188815871863961,1.0,0.040983606557377046,0.9476964631641319,0.7236111164093018,0.5555555820465088,0.39309524595737455,0.7236111111111111,0.6091666666666666,0.05221479638080211
[1987] HKCFI 20,10,1335,505,253594.30385671539,179419.60366236046,0.8585411709516112,0.4744755889896535,0.3,0.3,0.005940594059405941,0.179031886812022,0.3782771535580524,0.00749063670411985,0.19977766644293235,1.0,0.02247191011235955,0.938369649472492,0.5111111119389534,0.2222222238779068,0.7800000071525574,0.5111111111111111,0.8800000000000001,-0.008359372891856853
[1987] HKCFI 21,10,1335,517,170798.9366779959,138762.53727297374,0.3662175399041715,0.3523997527158267,0.5,0.5,0.009671179883945842,0.347095769615015,0.3872659176029963,0.00749063670411985,0.20502578393949458,1.0,0.014326647564469915,0.9259143741090662,0.46261574029922486,0.25,0.8066666781902313,0.46261574074074063,0.9000000000000001,0.1207528354359712
[1987] HKCFI 24,10,1335,400,185892.48744724874,123421.76356614701,0.9964507210010183,0.5216860448665974,0.3,0.3,0.0075,0.21600952273784074,0.299625468164794,0.00749063670411985,0.14599908072858575,1.0,0.045454545454545456,0.9864874331078369,0.8229166686534881,0.5,0.416190479695797,0.8229166666666667,0.6025,0.03436187562994644
[1987] HKCFI 25,10,1335,245,193161.34342328418,82939.93208754939,1.6790503920650708,0.5418192122385896,0.4,0.4,0.0163265306122449,0.14282445625301993,0.18352059925093633,0.00749063670411985,0.1009179180963355,1.0,0.02386634844868735,0.8680270604683281,0.2559027776122093,0.1666666716337204,1.0,0.25590277777777776,1.0,0.019592011491817836
[1987] HKCFI 76,10,1335,542,186915.81174415624,216456.2846415161,0.4624320498452098,0.4698558103339687,0.3,0.3,0.005535055350553505,0.0828840364994151,0.4059925093632959,0.00749063670411985,0.20513512695961322,1.0,0.038314176245210725,0.9901854093301848,0.8279166698455811,0.550000011920929,0.5603571504354476,0.8279166666666666,0.7233333333333334,0.0016226701262815543
[1987] HKCFI 79,10,1335,519,496557.488527679,307302.0231803409,1.6635794238399157,0.7078039233315838,0.2,0.2,0.0038535645472061657,0.06676246576977898,0.3887640449438202,0.00749063670411985,0.19991233844097633,1.0,0.023255813953488372,0.8991446144035242,0.4430357202887535,0.2083333283662796,0.47861111760139463,0.4430357142857142,0.6758333333333333,-0.11861910600350742
[1988] HKCA 241,10,1335,488,361628.8577605148,314182.9973662561,0.7111568785818103,0.6909060317346336,0.2,0.2,0.004098360655737705,0.05368340739238209,0.36554307116104867,0.00749063670411985,0.19641940633655364,1.0,0.038461538461538464,0.9124198895748034,0.390277786552906,0.2083333283662796,0.7666666746139527,0.3902777777777778,0.8833333333333332,0.04410173057629648
[1988] HKCFI 108,10,1335,430,259039.74789180877,223141.32650823973,0.44573506168770705,0.48601383245167273,0.4,0.4,0.009302325581395349,0.12794721313341018,0.32209737827715357,0.00749063670411985,0.17448509262887194,1.0,0.019455252918287938,0.9181663331749985,0.46666666865348816,0.34375,0.5716666787862777,0.4666666666666666,0.7316666666666667,0.12438226460660715
[1988] HKCFI 121,10,1335,541,180623.06722997123,210037.73779983455,0.5180030907045724,0.5221151069641863,0.4,0.4,0.0073937153419593345,0.2113951438317463,0.4052434456928839,0.00749063670411985,0.20473151805437945,1.0,0.0411522633744856,0.893634228730421,0.4572916656732559,0.25,0.5335714355111122,0.4572916666666666,0.6883333333333334,0.009671634131602805
[1988] HKCFI 123,10,1335,292,200483.12547039837,153108.51571723894,1.5332243028967403,0.7741639154838937,0.3,0.3,0.010273972602739725,0.12448419596621069,0.21872659176029963,0.00749063670411985,0.11442501091024265,1.0,0.014450867052023121,0.9634547160032669,0.36383928507566454,0.2222222238779068,1.0,0.3638392857142857,1.0,-0.04709871403048623
[1988] HKCFI 125,10,1335,395,158838.58196801133,71377.46538562339,0.8409748899761654,0.4034374124961886,0.5,0.5,0.012658227848101266,0.20812776353041113,0.2958801498127341,0.00749063670411985,0.1464602418195463,1.0,0.025380710659898477,0.9535695021703121,0.8166666686534881,0.375,0.7000000089406967,0.8166666666666667,0.8333333333333334,-0.04117523916230691
[1988] HKCFI 131,10,1335,488,213383.98615383665,187086.8014552219,0.4196277102227315,0.3543068933512421,0.7,0.7,0.014344262295081968,0.21272039475571314,0.36554307116104867,0.00749063670411985,0.19641940633655364,1.0,0.01278772378516624,0.9429535475320425,0.4675925955176353,0.1770833283662796,0.5278571486473084,0.46759259259259256,0.7333333333333333,0.0967354352162434
[1988] HKCFI 160,10,1335,369,73183.51210050624,71759.5790395981,0.41976128562152226,0.41653036009117717,0.5,0.5,0.013550135501355014,0.17213862114158868,0.27640449438202247,0.00749063670411985,0.13706417504070387,1.0,0.023148148148148147,0.8875113238292482,0.3361111119389534,0.2083333283662796,1.0,0.33611111111111114,1.0,0.015248038121356083
[1988] HKCFI 168,10,1335,327,218875.37628054843,210368.21112000392,1.5064935808859372,0.8925094358195294,0.2,0.2,0.0061162079510703364,0.10178799840078426,0.2449438202247191,0.00749063670411985,0.12520662676142816,1.0,0.06756756756756757,0.9674118104615966,0.5352777749300003,0.4166666567325592,0.34428572207689284,0.5352777777777777,0.51,-0.048040998186332555
[1988] HKCFI 196,10,1335,430,326411.0388828769,291719.38475016196,0.5616622380777432,0.5562395655381618,0.2,0.2,0.004651162790697674,0.1043074239985796,0.32209737827715357,0.00749063670411985,0.17448509262887194,1.0,0.0205761316872428,0.8971273489419487,0.4604861095547676,0.1666666716337204,0.6259523957967759,0.4604861111111111,0.7825000000000001,0.11700913133323537
[1988] HKCFI 200,10,1335,505,173195.83526134613,105454.63367479104,0.5960433249534616,0.43679821717539724,0.4,0.4,0.007920792079207921,0.14944517898328427,0.3782771535580524,0.00749063670411985,0.19867646750865384,1.0,0.0392156862745098,0.9777223269897056,0.7833333343267441,0.4166666567325592,0.5911904782056808,0.7833333333333334,0.7433333333333333,0.027297545709793522
[1988] HKCFI 383,10,1335,220,437203.97224305785,510891.83537840587,0.5015372894800245,0.687265162106276,0.3,0.3,0.013636363636363636,0.20532649229309205,0.1647940074906367,0.00749063670411985,0.07768826387987139,1.0,0.02710027100271003,0.9293702117563579,0.36423611342906953,0.1388888955116272,0.6283333390951157,0.3642361111111111,0.7875,-0.02237442162280294
[1988] HKCFI 461,10,1335,430,267402.54737024306,245128.56289522586,0.4601251040334814,0.5479907387837768,0.2,0.2,0.004651162790697674,0.06586816638569878,0.32209737827715357,0.00749063670411985,0.17448509262887194,1.0,0.025906735751295335,0.9669677181582571,0.5868055582046509,0.48750001192092896,0.47833333611488343,0.5868055555555556,0.6874999999999999,0.13342140978025133
[1988] HKCFI 64,10,1335,395,241154.93036143685,234547.12775162418,0.3772366232517153,0.4477940747574918,0.4,0.4,0.010126582278481013,0.21813034176462398,0.2958801498127341,0.00749063670411985,0.15212105634269935,1.0,0.018975332068311195,0.9397062627456811,0.5077083304524421,0.20416666567325592,0.5695238262414932,0.5077083333333333,0.7347619047619047,-0.03339086738897923
[1988] HKCFI 89,10,1335,395,186313.52059383233,100470.95254400349,0.9864416474961049,0.42646436823698597,0.4,0.4,0.010126582278481013,0.15846158690069115,0.2958801498127341,0.00749063670411985,0.1464602418195463,1.0,0.0228310502283105,0.9371905887157134,0.3833333343267441,0.3020833432674408,1.0,0.38333333333333336,1.0,0.014907320181229153
[1989] HKCFI 128,10,1335,495,73941.07813694024,67320.0062470717,0.2817754599272587,0.2631407867090463,0.8,0.8,0.01616161616161616,0.2869384907948995,0.3707865168539326,0.00749063670411985,0.1899475685475038,1.0,0.038910505836575876,0.9396375593262738,0.816666665673256,0.3125,0.6666666716337204,0.8166666666666667,0.8166666666666667,0.04012578261170503
[1989] HKCFI 160,10,1335,510,72344.78038086189,73218.99736147758,0.25062933743738397,0.25541281188299525,0.7,0.7,0.013725490196078431,0.35937965903667357,0.38202247191011235,0.00749063670411985,0.19929987358071938,1.0,0.02610966057441253,0.9629694597696966,0.6527777671813965,0.4861111044883728,0.44166667461395265,0.6527777777777778,0.675,0.032247701819937906
[1989] HKCFI 182,10,1335,545,134702.3939757433,114949.85612097375,0.34221689280323975,0.3714818059424223,0.5,0.5,0.009174311926605505,0.5248679094352386,0.40823970037453183,0.00749063670411985,0.20812326873790224,1.0,0.02364066193853428,0.9405696758895521,0.5729166656732559,0.25833332538604736,0.6666666775941849,0.5729166666666666,0.8166666666666667,0.016640404137299312
[1989] HKCFI 399,10,1335,390,101280.3497466727,92805.68861163713,0.5513717881961719,0.40765072915858447,0.5,0.5,0.01282051282051282,0.29063976623258614,0.29213483146067415,0.00749063670411985,0.14496961993476512,1.0,0.0423728813559322,0.9068397788485671,0.66875,0.25,0.5266666769981384,0.66875,0.6741666666666666,0.028570174830759645
[1989] HKCFI 400,10,1335,359,277703.6966008583,245580.96516878452,0.40702932661872165,0.4463939435767763,0.4,0.4,0.011142061281337047,0.22272057989053115,0.2689138576779026,0.00749063670411985,0.13536249243698203,1.0,0.03067484662576687,0.8976303643465121,0.3552314817905426,0.1944444477558136,0.6166666775941849,0.3552314814814815,0.7699999999999999,0.06578387664963078
[1989] HKCFI 415,10,1335,495,236105.13891566492,187066.7332932127,0.8997520158678043,0.5381163034859942,0.3,0.3,0.006060606060606061,0.1380108346925718,0.3707865168539326,0.00749063670411985,0.1899475685475038,1.0,0.0411522633744856,0.9149899934169011,0.720138892531395,0.3125,0.46880953311920165,0.7201388888888889,0.6033333333333334,0.03014822340483454
[1989] HKCFI 416,10,1335,238,396912.943636855,411681.8798223054,0.4726750426756466,0.6752807018503688,0.3,0.3,0.012605042016806723,0.2405348675596298,0.17827715355805243,0.00749063670411985,0.08508180870440102,1.0,0.020242914979757085,0.8501140609452877,0.3972222238779068,0.14444445073604584,0.6566666811704636,0.3972222222222222,0.8175000000000001,0.008678048872160967
[1989] HKCFI 64,10,1335,190,499669.37935647526,568647.5409836066,0.5440415636236526,0.6931471805599454,0.3,0.3,0.015789473684210527,0.09325651027230222,0.14232209737827714,0.00749063670411985,0.06608916758731348,1.0,0.024752475247524754,0.8819495803891575,0.5135416716337204,0.3125,0.5258333399891854,0.5135416666666667,0.7305555555555555,0.16665753886186158
[1989] HKCFI 72,10,1335,495,298757.5849977807,260655.45215536212,1.1385086347212723,0.6896883323607668,0.4,0.4,0.00808080808080808,0.27508657014364046,0.3707865168539326,0.00749063670411985,0.1899475685475038,1.0,0.018281535648994516,0.7622223842464646,0.35770832747220993,0.10694444179534912,0.5775000065565109,0.35770833333333335,0.7339285714285714,-0.003286283340559319
[1989] HKCFI 73,10,1335,202,836466.1949025783,837425.4878135946,0.9375336524742728,0.8186907478493026,0.2,0.2,0.009900990099009901,0.07073633530284917,0.15131086142322098,0.00749063670411985,0.07216130318254728,1.0,0.01876172607879925,0.8841591063163019,0.42562500238418577,0.21875,0.48090910315513613,0.42562500000000003,0.6495508658008659,0.16592893824678745
[1989] HKCFI 75,10,1335,518,348100.8948820525,293457.50802564365,0.7580266591253961,0.8792855497814349,0.4,0.4,0.007722007722007722,0.1731815088113876,0.3880149812734082,0.00749063670411985,0.20310909103540503,1.0,0.01876172607879925,0.8819006876808045,0.4449553519487381,0.2760416567325592,0.40476190745830537,0.44495535714285717,0.5974999999999999,0.07497003662910807
[1990] HKCFI 117,10,1335,453,245834.7570230825,208446.80260778483,0.4336203395570729,0.459918682226955,0.5,0.5,0.011037527593818985,0.09932023816318143,0.3393258426966292,0.00749063670411985,0.1778165126659969,1.0,0.02012072434607646,0.947348308023014,0.42812500298023226,0.15625,0.7833333432674408,0.428125,0.8916666666666668,-0.028372599822469
[1990] HKCFI 121,10,1335,469,182525.2408450554,163804.22691879852,0.3475603480464814,0.27148578714468563,0.6,0.6,0.01279317697228145,0.3245706099036995,0.351310861423221,0.00749063670411985,0.19395137009469768,1.0,0.019646365422396856,0.8955201942881147,0.40248015373945234,0.2222222238779068,0.5845238208770752,0.4024801587301587,0.7639285714285714,0.15957860181545663
[1990] HKCFI 142,10,1335,432,279736.23792498047,149145.4856240389,1.378668263223274,0.6127331246451551,0.1,0.1,0.0023148148148148147,0.02278798492997777,0.3235955056179775,0.00749063670411985,0.15552321881035727,1.0,0.020242914979757085,0.8425396012167918,0.37916666865348814,0.1284722238779068,0.5395238161087036,0.37916666666666665,0.7033333333333333,-0.0641343887397431
[1990] HKCFI 143,10,1335,6,137155.0698547355,114789.99614978992,11.491370717558924,2.3601775713801736,0.0,0.0,0.0,0.0,0.0044943820224719105,0.00749063670411985,0.005685582989583537,1.0,0.05319148936170213,1.0,0.0,0.0,1.0,0.0,1.0,0.07316887287431198
[1990] HKCFI 314,10,1335,325,240672.93599509652,175850.84860065192,1.6803741026684667,0.7968595195389216,0.3,0.3,0.009230769230769232,0.06301887472136478,0.24344569288389514,0.00749063670411985,0.12415115370939689,1.0,0.034013605442176874,0.9525795247791666,0.6527777791023255,0.3472222089767456,0.6471428632736206,0.6527777777777778,0.7952380952380953,0.019093229178106966
[1990] HKCFI 332,10,1335,444,173091.09243430142,175938.62639202527,0.30212972215446754,0.36739648859065,0.6,0.6,0.013513513513513514,0.35000782394517965,0.3325842696629214,0.00749063670411985,0.1759538105674479,1.0,0.015128593040847202,0.9233677135047604,0.4836342573165894,0.24074074625968933,0.6266666769981384,0.4836342592592592,0.78,0.13720924816767074
[1990] HKCFI 72,10,1335,555,191076.61306579813,182838.05620608904,0.5002850511013295,0.5150977915664434,0.5,0.5,0.009009009009009009,0.16523309698764216,0.4157303370786517,0.00749063670411985,0.20685979395149318,1.0,0.03367003367003367,0.914840836926695,0.6061111181974411,0.36666667461395264,0.6250000119209289,0.606111111111111,0.7833333333333333,-0.026877491757599438
[1990] HKCFI 76,10,1335,444,249826.00628996617,190991.69912301318,0.4360701686367653,0.29804036942515744,0.6,0.6,0.013513513513513514,0.25898742331396885,0.3325842696629214,0.00749063670411985,0.1759538105674479,1.0,0.021645021645021644,0.9032919246257843,0.4615079402923584,0.2946428656578064,0.5652777820825576,0.46150793650793653,0.7530753968253968,0.14706448391850066
[1990] HKCFI 78,10,1335,536,157266.07429218054,170117.64007448975,0.3660096323616814,0.40012232679532644,0.5,0.5,0.009328358208955223,0.20496112497058927,0.40149812734082396,0.00749063670411985,0.20494414663681426,1.0,0.02717391304347826,0.9194532028797594,0.4605257883667946,0.14722222089767456,0.8450000047683716,0.4605257936507937,0.9175000000000001,0.045791527317731145
[1990] HKCFI 80,10,1335,391,362900.1982498862,352957.8816750473,0.5630583656529765,0.43365095741815907,0.5,0.5,0.01278772378516624,0.23905583629767255,0.29288389513108615,0.00749063670411985,0.15016910454506874,1.0,0.014771048744460856,0.8874584163225968,0.43396990597248075,0.28935185074806213,0.4672727346420288,0.4339699074074074,0.6349404761904763,0.1638449548109064
[1991] HKCA 287,10,1335,564,193305.7464998695,187197.06114489998,0.5306432256859164,0.4548194113229247,0.5,0.5,0.008865248226950355,0.1970104673673354,0.42247191011235957,0.00749063670411985,0.2072342011590561,1.0,0.018726591760299626,0.8795212386669228,0.4323611095547676,0.23333333432674408,0.95,0.43236111111111103,0.975,-0.024412191267216977
[1991] HKCFI 11,10,1335,491,107131.08963059759,112882.0856562792,0.41662090411899066,0.4627609344094257,0.5,0.5,0.010183299389002037,0.29436518323643684,0.36779026217228467,0.00749063670411985,0.18789162541625737,1.0,0.03436426116838488,0.8920993313649578,0.5439484134316445,0.1388888955116272,0.8,0.5439484126984128,0.9,-0.028512018367292637
[1991] HKCFI 12,10,1335,348,342724.7519293736,316823.58676327206,2.2848316795291574,1.1352075557742314,0.2,0.2,0.005747126436781609,0.09403736266088142,0.2606741573033708,0.00749063670411985,0.12715233384167524,1.0,0.03773584905660377,0.9445334523330675,0.4012499988079071,0.22499999403953552,0.7250000059604644,0.40125,0.845,-0.038400301382420836
[1991] HKCFI 86,10,1335,520,153183.9258342944,124579.1694630101,0.47657221370669356,0.39856328361967996,0.5,0.5,0.009615384615384616,0.1681489179771559,0.3895131086142322,0.00749063670411985,0.20270535518981667,1.0,0.017825311942959002,0.902221598769405,0.6333333313465118,0.3333333432674408,0.8666666716337204,0.6333333333333333,0.9166666666666666,0.07319758019497387
[1992] HKCA 313,10,1335,390,374694.8406439566,317449.3406570107,0.5810173887135337,0.6777837535692219,0.0,0.0,0.0,0.0,0.29213483146067415,0.00749063670411985,0.15003086439206667,1.0,0.04065040650406504,0.947292736362902,0.5145833283662796,0.25,0.5233333468437195,0.5145833333333332,0.7300000000000001,-0.003254731730258566
[1992] HKCFI 100,10,1335,350,217155.0123935882,220501.78983012,1.3890095387337622,1.0234205756703645,0.1,0.1,0.002857142857142857,0.08421157518138743,0.26217228464419473,0.00749063670411985,0.1294297310838261,1.0,0.03558718861209965,0.9387236836755206,0.5308333426713944,0.3333333432674408,0.95,0.5308333333333332,0.975,-0.08127607813738016
[1992] HKCFI 301,10,1335,390,339658.8561795262,368400.73432313465,0.5266891354353558,0.8481974435777087,0.2,0.2,0.005128205128205128,0.09590126824339011,0.29213483146067415,0.00749063670411985,0.15003086439206667,1.0,0.03787878787878788,0.9762178125129045,0.7302777916193008,0.4833333194255829,0.5966666758060455,0.7302777777777777,0.7725,0.004387702914801643
[1993] HKCFI 204,10,1335,555,129089.40674506268,126136.36363636363,0.35935699715517444,0.36195941961335,0.5,0.5,0.009009009009009009,0.29606892122380263,0.4157303370786517,0.00749063670411985,0.20836743667383717,1.0,0.033783783783783786,0.8239498894615145,0.560416667163372,0.1666666716337204,0.3950000062584877,0.5604166666666666,0.5208333333333333,-0.026118689256081875
[1994] HKCA 423,10,1335,120,454161.2572784879,451424.89044187975,0.42174364847759804,0.5581352086316409,0.5,0.5,0.041666666666666664,0.08673843510075037,0.0898876404494382,0.00749063670411985,0.04417789376229258,1.0,0.025380710659898477,0.9070881576643547,0.3968749940395355,0.2916666567325592,0.4941666752099991,0.396875,0.7085714285714285,0.1940599472461795
[1995] HKCFI 11,10,1335,522,132908.60949532778,136098.34231511195,0.2925585908710969,0.33862523332236005,0.7,0.7,0.013409961685823755,0.41575705800826496,0.39101123595505616,0.00749063670411985,0.2028493250852417,1.0,0.04504504504504504,0.9247880842804107,0.7090277820825577,0.1875,0.3333333387970924,0.7090277777777777,0.4625,-0.009089482511411577
[1995] HKCFI 12,10,1335,396,78901.01013370468,38674.649888370215,0.4168247958775172,0.22575881437655898,0.7,0.7,0.017676767676767676,0.3770979981072424,0.2966292134831461,0.00749063670411985,0.14656446893296493,1.0,0.039525691699604744,0.9583993546729808,0.73125,0.25,0.6666666716337204,0.73125,0.8166666666666667,0.043548076879425586
[1995] HKCFI 15,10,1335,302,379231.1505247496,452931.0620785856,0.5008584384407954,0.7099887319050726,0.4,0.4,0.013245033112582781,0.1954595309608735,0.22621722846441947,0.00749063670411985,0.10795917823319641,1.0,0.018018018018018018,0.9690287393749278,0.5343849211931229,0.42222222685813904,0.47261905670166016,0.5343849206349207,0.6581547619047619,0.19586325994500667
[1995] HKCFI 22,10,1335,542,198505.08057466435,163846.9017101423,0.5041726405447989,0.478492461137213,0.5,0.5,0.00922509225092251,0.10483399152394472,0.4059925093632959,0.00749063670411985,0.20816166298648764,1.0,0.03067484662576687,0.8771119362299719,0.5687500059604644,0.3333333432674408,0.7750000119209289,0.5687499999999999,0.8875,-0.008029675929363711
[1995] HKCFI 24,10,1335,490,203509.46904807555,174339.92901010218,0.4011629442308441,0.3905006773093671,0.5,0.5,0.01020408163265306,0.4088216500784915,0.36704119850187267,0.00749063670411985,0.1967887069848475,1.0,0.01394700139470014,0.9333098292225445,0.5322222232818603,0.25833332538604736,0.5916666746139526,0.5322222222222222,0.7416666666666666,0.09566038427070885
[1995] HKCFI 248,10,1335,468,245040.86139021558,300127.1075312083,0.4623293472304454,0.8358203495006968,0.3,0.3,0.00641025641025641,0.24707650479592377,0.350561797752809,0.00749063670411985,0.1915753393339967,1.0,0.026595744680851064,0.901656033153844,0.2727083370089531,0.1701388955116272,0.7666666746139527,0.2727083333333334,0.875,-0.05607725566094819
[1995] HKCFI 249,10,1335,27,218287.508551558,198993.09374660705,5.765936712370884,1.8302888020370585,0.1,0.1,0.037037037037037035,0.04100377031299698,0.020224719101123594,0.00749063670411985,0.012283054942340211,1.0,0.03058103975535168,0.9877652265960638,0.3552083343267441,0.25,1.0,0.3552083333333333,1.0,-0.01219388699070617
[1995] HKCFI 250,10,1335,185,135781.49105138093,126726.60079755311,1.494411906015949,0.8516932352241522,0.4,0.4,0.021621621621621623,0.23107715537591517,0.13857677902621723,0.00749063670411985,0.06825770106463018,1.0,0.01592356687898089,0.949716169100709,0.559826385974884,0.375,0.95,0.5598263888888889,0.975,-0.05293517492903477
[1995] HKCFI 30,10,1335,396,194962.52504834588,179700.1527883881,1.0299641863815316,0.7870130666162547,0.3,0.3,0.007575757575757576,0.1309156430308531,0.2966292134831461,0.00749063670411985,0.14656446893296493,1.0,0.017825311942959002,0.8239539250395874,0.35756944715976713,0.15000000596046448,0.7166666746139526,0.35756944444444444,0.825,-0.09548925047655071
[1995] HKCFI 32,10,1335,490,172590.24246228946,114653.01212036505,0.3402141931554609,0.2523113477617924,0.7,0.7,0.014285714285714285,0.4509053361308973,0.36704119850187267,0.00749063670411985,0.1967887069848475,1.0,0.025,0.829457234949382,0.44040674567222593,0.3020833432674408,0.45047619938850403,0.440406746031746,0.6258333333333332,0.11476471274837859
[1995] HKCFI 36,10,1335,490,196948.24384425062,173266.1484542366,0.3882292933651626,0.3876971331947727,0.5,0.5,0.01020408163265306,0.4361270530676198,0.36704119850187267,0.00749063670411985,0.1967887069848475,1.0,0.01394700139470014,0.9341078575054833,0.5333333343267441,0.25833332538604736,0.5916666746139526,0.5333333333333333,0.7416666666666666,0.09378476360937393
[1995] HKCFI 399,10,1335,185,192866.8773991851,174629.50038795965,2.122694011015055,1.0716274902739107,0.1,0.1,0.005405405405405406,0.07588403821022327,0.13857677902621723,0.00749063670411985,0.06825770106463018,1.0,0.01694915254237288,0.9634858099098017,0.6229166656732559,0.4166666567325592,0.95,0.6229166666666667,0.975,-0.03907007034925984
[1995] HKCFI 424,10,1335,406,227359.28587926138,180485.8311855236,0.366192829157325,0.31827867041635116,0.5,0.5,0.012315270935960592,0.27555633421984943,0.3041198501872659,0.00749063670411985,0.15894656109561928,1.0,0.015037593984962405,0.96630178916627,0.5577777743339538,0.4270833432674408,0.561904776096344,0.5577777777777777,0.7433333333333334,0.10438466295976376
[1995] HKCFI 518,10,1335,134,202303.33513288028,237758.73065161123,2.671862065809031,1.420458047944427,0.0,0.0,0.0,0.0,0.10037453183520599,0.00749063670411985,0.049429600122973094,1.0,0.02967359050445104,0.9354191077962851,0.5236111074686051,0.3333333432674408,1.0,0.523611111111111,1.0,-0.06474778728943557
[1995] HKCFI 537,10,1335,525,88694.13602562554,101418.56735623909,0.2928504581386645,0.31355573209850984,0.6,0.6,0.011428571428571429,0.3632627630856344,0.39325842696629215,0.00749063670411985,0.19988512184648738,1.0,0.02544529262086514,0.9171828156363259,0.6083333373069764,0.3333333432674408,0.85,0.6083333333333333,0.925,0.02451559552896523
[1995] HKCFI 565,10,1335,501,87412.26089290503,68379.97409273832,0.32068662279529225,0.22006798159784768,0.6,0.6,0.011976047904191617,0.49659254651257306,0.3752808988764045,0.00749063670411985,0.19463165002529884,1.0,0.02092050209205021,0.8957940404007856,0.43402777761220934,0.2222222238779068,0.7000000178813934,0.4340277777777778,0.85,0.02979301367056558
[1995] HKCFI 9,10,1335,490,229411.2283772296,178894.28487547103,0.44557082777029483,0.34949256770961235,0.5,0.5,0.01020408163265306,0.2662097641953701,0.36704119850187267,0.00749063670411985,0.19502712827842741,1.0,0.041666666666666664,0.9115639613838792,0.5824999988079071,0.3333333432674408,0.49380953460931776,0.5825,0.6842857142857142,0.0011223745698820146
[1996] HKCA 678,10,1335,51,564668.2096761964,613427.1649885405,0.3962851669709523,0.5717677172766793,0.4,0.4,0.0784313725490196,0.32806999024874767,0.038202247191011236,0.00749063670411985,0.020239112505302668,1.0,0.024271844660194174,0.9523757102290954,0.5715277761220932,0.3722222149372101,0.44757576286792755,0.5715277777777776,0.6628174603174604,0.18755575256602403
[1996] HKCFI 232,10,1335,517,153912.33355755085,149506.3162801753,0.4596423532349325,0.6117427089770855,0.4,0.4,0.007736943907156673,0.2692531106499133,0.3872659176029963,0.00749063670411985,0.20480763015183018,1.0,0.019011406844106463,0.9849953523214622,0.6249999970197677,0.4166666567325592,1.0,0.625,1.0,0.04681450504456757
[1996] HKCFI 233,10,1335,465,215887.35927952238,177746.75176658298,0.39871088875947835,0.40032586879047916,0.5,0.5,0.010752688172043012,0.19750647104065658,0.34831460674157305,0.00749063670411985,0.18717740486634135,1.0,0.015408320493066256,0.9563818692110011,0.6402777701616287,0.3472222089767456,0.5500000059604645,0.6402777777777777,0.7416666666666666,0.04924243493812193
[1996] HKCFI 236,10,1335,19,1207368.6957559716,1324444.965603502,0.564889017413755,0.9712870385059542,0.2,0.2,0.10526315789473684,0.42360725262926846,0.014232209737827715,0.00749063670411985,0.007256307145494548,1.0,0.021367521367521368,0.9275743659389172,0.5250099271535873,0.25833332538604736,0.38519842028617857,0.5250099206349206,0.5588095238095238,0.0851781745103507
[1996] HKCFI 237,10,1335,247,163768.8328254586,110256.23708882886,1.4366657744485614,0.9299704814399838,0.3,0.3,0.012145748987854251,0.12005038617819362,0.1850187265917603,0.00749063670411985,0.10056346748331942,1.0,0.023094688221709007,0.9067223792752361,0.47777778208255767,0.1944444477558136,0.9,0.47777777777777775,0.95,-0.04513780502759508
[1996] HKCFI 336,10,1335,501,205614.1205946851,192557.50560925534,0.4122867437406942,0.49313108287506946,0.5,0.5,0.00998003992015968,0.269899509100441,0.3752808988764045,0.00749063670411985,0.19965803865721227,1.0,0.02053388090349076,0.8964056604367384,0.4068750023841858,0.2847222089767456,0.48523810803890227,0.406875,0.6541666666666666,0.11876081784594955
[1996] HKCFI 353,10,1335,366,244550.73753276616,251186.90491717745,0.36516201751586136,0.47215187459458363,0.4,0.4,0.01092896174863388,0.41144325490774736,0.27415730337078653,0.00749063670411985,0.14060460011889975,1.0,0.02976190476190476,0.9498277348081369,0.35416666865348817,0.2083333283662796,0.9166666686534881,0.35416666666666663,0.9583333333333333,0.028864840128941686
[1996] HKCFI 354,10,1335,366,230290.64835516614,226013.49220275448,0.34386891905055483,0.4139250235792238,0.5,0.5,0.01366120218579235,0.36799067170542954,0.27415730337078653,0.00749063670411985,0.14060460011889975,1.0,0.02976190476190476,0.9530707755378088,0.7083333224058151,0.2916666567325592,0.7666666746139527,0.7083333333333333,0.8666666666666668,0.028936815113797955
[1996] HKCFI 505,10,1335,366,335683.91565576184,245611.69027889156,0.5012416528576548,0.3808145329162036,0.5,0.5,0.01366120218579235,0.416046271451126,0.27415730337078653,0.00749063670411985,0.14060460011889975,1.0,0.022935779816513763,0.9640550544066054,0.6076388865709305,0.4479166567325592,0.3812698483467102,0.6076388888888888,0.5750000000000001,0.1536306005544728
[1996] HKCFI 523,10,1335,541,127296.02307635038,124297.73009142827,0.29778859452395484,0.25486456120708834,0.6,0.6,0.011090573012939002,0.36543609215322553,0.4052434456928839,0.00749063670411985,0.2049990221107701,1.0,0.02178649237472767,0.9162220960587469,0.561111119389534,0.4583333432674408,0.7416666686534882,0.5611111111111111,0.8708333333333332,0.016340891595698036
[1996] HKCFI 524,10,1335,520,206108.9925735306,201936.8108707902,0.6887983921698,0.9976112770969889,0.3,0.3,0.0057692307692307696,0.13962610958388644,0.3895131086142322,0.00749063670411985,0.20106223332705925,1.0,0.01953125,0.9329150649038536,0.7375,0.5,0.95,0.7375,0.975,0.015577678890059636
[1996] HKCFI 525,10,1335,228,461597.07786347193,518055.893375908,0.539916101585052,0.9362892158795226,0.1,0.1,0.0043859649122807015,0.0767939782316016,0.1707865168539326,0.00749063670411985,0.08138437797629144,1.0,0.07194244604316546,0.9621362800071448,0.3500000059604645,0.2083333283662796,0.5128571569919587,0.35,0.6875,0.02384422214363742
[1996] HKCFI 526,10,1335,541,177167.7192613744,196675.45329852108,0.41445541532916125,0.6164584930421864,0.3,0.3,0.005545286506469501,0.14882138841520878,0.4052434456928839,0.00749063670411985,0.2049990221107701,1.0,0.019011406844106463,0.9511116016717696,0.622222226858139,0.2777777910232544,0.8833333373069763,0.6222222222222221,0.9333333333333332,0.014393276460952825
[1996] HKCFI 762,10,1335,547,159231.1803936792,134324.19372105107,0.4063590156484066,0.33833297718807653,0.6,0.6,0.010968921389396709,0.23849443098574075,0.40973782771535583,0.00749063670411985,0.20775527001702906,1.0,0.01524390243902439,0.8833793278623616,0.29687500447034837,0.15625,0.9333333373069763,0.29687500000000006,0.9666666666666666,0.05308985055026408
[1996] HKCFI 770,10,1335,508,108849.70850171344,95006.60246270434,0.38195460776051704,0.40960861414980165,0.5,0.5,0.00984251968503937,0.2933059008040867,0.3805243445692884,0.00749063670411985,0.19728188118834328,1.0,0.028089887640449437,0.972471230038814,0.595138892531395,0.375,0.9666666686534882,0.5951388888888889,0.9833333333333334,0.02782015731136436
[1997] HKCA 549,10,1335,401,294115.4614111956,272815.6299034349,0.4639774290615565,0.48053106822433556,0.5,0.5,0.012468827930174564,0.14100642641768527,0.300374531835206,0.00749063670411985,0.15531842970804813,1.0,0.021231422505307854,0.9563677072701047,0.5382638871669769,0.375,0.6500000149011612,0.5382638888888889,0.8116666666666668,0.1283583757183822
[1997] HKCFI 181,10,1335,7,685286.4766268304,247850.09625950202,50.80997930305239,2.9634659657687203,0.0,0.0,0.0,0.0,0.0052434456928838954,0.00749063670411985,0.005840465679522956,1.0,0.02610966057441253,0.9374738996725548,0.5739583313465119,0.25,0.4754761978983879,0.5739583333333333,0.6124999999999999,0.05586449645206089
[1997] HKCFI 183,10,1335,38,1142571.0975939832,1181498.754963369,0.7059579679578436,1.3095256056642217,0.1,0.1,0.02631578947368421,0.06669585603268761,0.02846441947565543,0.00749063670411985,0.015376349221913074,1.0,0.013531799729364006,0.9005990216940728,0.43204366266727445,0.193452388048172,0.3733333393931389,0.4320436507936508,0.5714285714285714,0.1454481181765747
[1997] HKCFI 184,10,1335,171,512726.62748616125,440687.938233395,0.543081099641069,0.6293198082652216,0.3,0.3,0.017543859649122806,0.09408757275306465,0.12808988764044943,0.00749063670411985,0.06277591100913914,1.0,0.01876172607879925,0.8941635650603686,0.45166667103767394,0.25,0.4966666728258133,0.45166666666666666,0.67,0.1493474670338205
[1997] HKCFI 186,10,1335,23,1037822.9309127029,1224734.8743630543,0.5129899532379305,0.9306234041120884,0.2,0.2,0.08695652173913043,0.42796775573681417,0.017228464419475654,0.00749063670411985,0.008204042454240426,1.0,0.016474464579901153,0.9218040969527824,0.472569452226162,0.14791665971279144,0.518650797009468,0.4725694444444444,0.6854761904761905,0.15699162990986018
[1997] HKCFI 187,10,1335,435,360309.87872411415,372363.34351026156,1.669679224042488,1.0026337705499362,0.0,0.0,0.0,0.0,0.3258426966292135,0.00749063670411985,0.1652772900164797,1.0,0.030864197530864196,0.9495875648985826,0.6710416689515114,0.20000000298023224,0.6166666716337204,0.6710416666666668,0.7916666666666666,-0.16194789807297325
[1997] HKCFI 188,10,1335,254,373366.1073800906,499040.46262070315,0.4613818414021239,0.9608065348966566,0.4,0.4,0.015748031496062992,0.3256687962956012,0.1902621722846442,0.00749063670411985,0.09276725940005508,1.0,0.045454545454545456,0.9286167097970074,0.44263889342546464,0.1944444477558136,0.677857157588005,0.4426388888888889,0.8389285714285715,0.09364449795418824
[1997] HKCFI 284,10,1335,547,120288.25532685318,136506.90972171605,0.29728899139339393,0.35543414842495213,0.5,0.5,0.009140767824497258,0.441234950505975,0.40973782771535583,0.00749063670411985,0.20495533457457485,1.0,0.018867924528301886,0.9203077862545945,0.640277773141861,0.375,0.8416666746139526,0.6402777777777777,0.9208333333333332,0.01958464710709739
[1997] HKCFI 286,10,1335,98,172695.80244231256,127463.66534927659,2.5608764938742925,1.0293934661406743,0.1,0.1,0.01020408163265306,0.018073444776831923,0.07340823970037454,0.00749063670411985,0.04070710107476447,1.0,0.053475935828877004,0.8850961992860944,0.5326388999819756,0.1875,0.5750000029802322,0.5326388888888889,0.7875,-0.05639459043435766
[1997] HKCFI 289,10,1335,463,152979.36931495875,134338.99090998908,0.28356311023921404,0.2883313665977747,0.7,0.7,0.01511879049676026,0.3491021045108255,0.34681647940074906,0.00749063670411985,0.1879124043722417,1.0,0.024752475247524754,0.9585971913937817,0.7680555552244186,0.4583333432674408,0.5035714387893677,0.7680555555555555,0.6682142857142856,-0.01545636570766574
[1997] HKCFI 290,10,1335,191,651621.5957738224,638551.5904185134,0.7104989047719341,1.1928618696849123,0.0,0.0,0.0,0.0,0.14307116104868914,0.00749063670411985,0.06651644456995907,1.0,0.02631578947368421,0.9811650206494991,0.490972226858139,0.3333333432674408,1.0,0.49097222222222214,1.0,-0.03221708411389652
[1997] HKCFI 291,10,1335,453,304287.63175749563,299436.2528068952,0.5371701435787622,0.7925905319862148,0.4,0.4,0.008830022075055188,0.22351944101922616,0.3393258426966292,0.00749063670411985,0.1781512712072923,1.0,0.018148820326678767,0.8651793126891187,0.5083333373069763,0.3125,0.9,0.5083333333333333,0.95,0.12594534281929093
[1997] HKCFI 355,10,1335,171,391523.3074026491,403261.2882970309,0.4147022934264867,0.5586474617123782,0.4,0.4,0.023391812865497075,0.21941639819954795,0.12808988764044943,0.00749063670411985,0.06277591100913914,1.0,0.022779043280182234,0.893067179625123,0.4507142871618271,0.2847222089767456,0.5478571504354477,0.45071428571428573,0.7091666666666666,0.185917515663138
[1997] HKCFI 356,10,1335,425,224217.26873101984,232065.7489215674,0.3778272157363417,0.39246565324757654,0.6,0.6,0.01411764705882353,0.3446443173700345,0.31835205992509363,0.00749063670411985,0.16834201514972671,1.0,0.017889087656529516,0.92128887541932,0.2834722205996513,0.125,1.0,0.28347222222222224,1.0,0.08533335680729617
[1997] HKCFI 359,10,1335,82,366453.6128229512,341606.065103301,6.175088520747109,1.909602213629631,0.0,0.0,0.0,0.0,0.06142322097378277,0.00749063670411985,0.031214270885591,1.0,0.024390243902439025,0.9531945797302479,0.5418650835752488,0.3333333432674408,0.7866666793823243,0.5418650793650793,0.89,-0.036081028882635015
[1997] HKCFI 378,10,1335,388,304335.61778829346,307018.4387610591,0.4628657213024078,0.6449417530033612,0.3,0.3,0.007731958762886598,0.13990334793382325,0.2906367041198502,0.00749063670411985,0.14692474562706595,1.0,0.02242152466367713,0.8968806655598668,0.46180555522441863,0.234375,0.37111111879348757,0.4618055555555555,0.5544047619047618,0.13399794527342074
[1997] HKCFI 404,10,1335,516,126446.2139233019,100125.40634434305,0.37500985246442314,0.3542670978209639,0.5,0.5,0.009689922480620155,0.2658397994668792,0.3865168539325843,0.00749063670411985,0.20386530128434102,1.0,0.02028397565922921,0.8805492356100368,0.4972222238779068,0.25,0.8500000059604644,0.4972222222222221,0.925,-0.005493999533625004
[1997] HKCFI 557,10,1335,9,1770760.9702562094,2042230.5960189695,0.6564577831175045,1.4275998276700639,0.1,0.1,0.1111111111111111,0.09147096264569517,0.006741573033707865,0.00749063670411985,0.0063515496348253,1.0,0.056818181818181816,0.948820231286174,0.5076388880610466,0.1875,0.39875680580735207,0.507638888888889,0.6522222222222223,-0.0030648397892748154
[1997] HKCFI 561,10,1335,547,163244.5844837013,148794.08259555465,0.40345433342368214,0.40643163156175177,0.5,0.5,0.009140767824497258,0.17917852031654777,0.40973782771535583,0.00749063670411985,0.20495533457457485,1.0,0.11627906976744186,1.0,0.0,0.0,1.0,0.0,1.0,0.1640021057827597
[1997] HKCFI 564,10,1335,463,212497.20247141473,221290.6063343807,0.39388558025669884,0.5285638407373083,0.4,0.4,0.008639308855291577,0.24421190615571112,0.34681647940074906,0.00749063670411985,0.1879124043722417,1.0,0.04672897196261682,0.9845107156967718,0.6729166686534882,0.4375,0.43849206566810606,0.6729166666666667,0.6260714285714286,-0.0056164392847944875
[1997] HKCFI 766,10,1335,433,313657.0656669238,256886.66115073214,1.5503889792425123,0.8503403362089106,0.1,0.1,0.0023094688221709007,0.07489929379077336,0.3243445692883895,0.00749063670411985,0.15580952410826707,1.0,0.027700831024930747,0.9801481400562141,0.532916659116745,0.49166667461395264,0.0,0.5329166666666667,0.2,0.05422840864945846
[1997] HKCFI 767,10,1335,497,139918.0056436216,131602.0702936928,0.2766426874347161,0.27552521253825013,0.7,0.7,0.014084507042253521,0.37489161831923284,0.37228464419475654,0.00749063670411985,0.19810798576177455,1.0,0.024154589371980676,0.9587173310526252,0.8763888835906982,0.75,0.5179761946201324,0.8763888888888889,0.7058333333333333,0.0006867834966827103
[1997] HKCFI 768,10,1335,463,276708.5368837147,301268.41243862524,0.5129079411155343,0.6708949057564491,0.3,0.3,0.0064794816414686825,0.11898879028821507,0.34681647940074906,0.00749063670411985,0.1879124043722417,1.0,0.037037037037037035,0.8594083290184706,0.4666666716337204,0.25,0.586666677892208,0.4666666666666666,0.7383333333333333,0.06399534215857818
[1997] HKCFI 790,10,1335,23,985373.7710339822,1131704.5656142451,0.48706463276934964,0.8196071651984411,0.4,0.4,0.17391304347826086,0.45860989535847235,0.017228464419475654,0.00749063670411985,0.008204042454240426,1.0,0.02967359050445104,0.9365334882112623,0.4081944555044174,0.1388888955116272,0.4848052054643631,0.40819444444444447,0.643917748917749,0.07648355814468916
[1997] HKCFI 839,10,1335,420,287226.1226095108,278480.89031260356,0.4732474452605152,0.6416805155598384,0.4,0.4,0.009523809523809525,0.20472993070562778,0.3146067415730337,0.00749063670411985,0.1636114699254661,1.0,0.014164305949008499,0.9413422235620272,0.4863194406032562,0.4000000059604645,0.7600000023841857,0.48631944444444447,0.875,0.08980377493008519
[1998] HKCA 485,10,1335,387,263545.34750910645,281575.21834547084,0.4064771485906217,0.5748947601246135,0.3,0.3,0.007751937984496124,0.2584938412941802,0.2898876404494382,0.00749063670411985,0.15031051001948342,1.0,0.04329004329004329,0.9737840217678897,0.717083340883255,0.5666666626930237,0.440476194024086,0.7170833333333333,0.6116666666666667,0.003480563879445905
[1998] HKCFI 1020,10,1335,303,387832.19009699085,433863.41922230314,0.5112564175298747,0.8485868727313974,0.4,0.4,0.013201320132013201,0.13559594463899463,0.22696629213483147,0.00749063670411985,0.1071541548186508,1.0,0.06289308176100629,0.9464031909256838,0.6305555462837219,0.375,0.3990079417824745,0.6305555555555555,0.585,0.09955308836412705
[1998] HKCFI 218,10,1335,286,408075.13808746106,396775.290405032,3.146957821647447,1.4010478023746105,0.2,0.2,0.006993006993006993,0.014171869087211953,0.21423220973782772,0.00749063670411985,0.11393301108737403,1.0,0.056818181818181816,0.9280921612774153,0.36208333671092985,0.2083333283662796,0.6366666793823242,0.3620833333333333,0.8016666666666665,0.021891568888066964
[1998] HKCFI 221,10,1335,431,164915.30561060185,141959.58331181915,0.2826176208261765,0.2694982503663441,0.8,0.8,0.018561484918793503,0.46814390533705064,0.32284644194756557,0.00749063670411985,0.17423819299044255,1.0,0.04149377593360996,0.984182137876736,0.6489583373069763,0.25,0.8166666686534881,0.6489583333333334,0.9083333333333332,0.12090140160549587
[1998] HKCFI 293,10,1335,520,161276.81106072615,126282.49358869076,0.3553486493384339,0.3265753583844919,0.6,0.6,0.011538461538461539,0.4277896562782378,0.3895131086142322,0.00749063670411985,0.20278521069988653,1.0,0.06802721088435375,0.9694229928129587,0.7395833313465119,0.5,0.3116666689515114,0.7395833333333333,0.6058333333333333,0.004913569751217211
[1998] HKCFI 296,10,1335,400,235598.05639598225,236722.22648017146,0.37461119397224996,0.4727461835402593,0.3,0.3,0.0075,0.26526239807181357,0.299625468164794,0.00749063670411985,0.158056345513402,1.0,0.02444987775061125,0.9293539833592016,0.686944454908371,0.27222222089767456,0.5945238173007965,0.6869444444444444,0.7516666666666667,-0.033922847992044126
[1998] HKCFI 314,10,1335,549,188119.76771982666,200496.6278481839,0.527536514883445,0.8486296795484076,0.2,0.2,0.0036429872495446266,0.10573679705929959,0.41123595505617977,0.00749063670411985,0.20785175413026807,1.0,0.05847953216374269,1.0,0.0,0.0,1.0,0.3,1.0,0.10068287332534592
[1998] HKCFI 315,10,1335,409,284576.4706510884,297498.6075653895,0.4620150950731752,0.6781757480139508,0.4,0.4,0.009779951100244499,0.20156072205879164,0.3063670411985019,0.00749063670411985,0.16103464592607403,1.0,0.02506265664160401,0.9277369758997055,0.6029166668653488,0.3194444477558136,0.8100000083446502,0.6029166666666667,0.8966666666666667,0.07229204945197637
[1998] HKCFI 345,10,1335,548,197724.80042460532,163389.09161606804,0.5082655530434298,0.4734984013365917,0.5,0.5,0.009124087591240875,0.11740926351148805,0.41048689138576777,0.00749063670411985,0.20716242284633665,1.0,0.025974025974025976,0.8962517903991201,0.44305555820465087,0.2708333432674408,0.9333333373069763,0.4430555555555554,0.9666666666666666,-0.0011314781952989675
[1998] HKCFI 395,10,1335,520,190967.5026893347,220779.60167107644,0.4207675220130514,0.39612373484089236,0.5,0.5,0.009615384615384616,0.3118471248073083,0.3895131086142322,0.00749063670411985,0.20278521069988653,1.0,0.025510204081632654,0.9332978476549174,0.36437499821186065,0.25,0.8333333343267441,0.36437499999999995,0.9166666666666666,0.0506443945958923
[1998] HKCFI 397,10,1335,479,273470.8258679976,291753.4725588909,0.5272320426644278,0.8389315715307601,0.2,0.2,0.0041753653444676405,0.10536362287263669,0.3588014981273408,0.00749063670411985,0.19300144864687863,1.0,0.028328611898016998,0.9470376715847005,0.46458333134651186,0.3611111044883728,1.0,0.4645833333333333,1.0,-0.009045073450735039
[1998] HKCFI 458,10,1335,453,365072.99205703445,410760.9635324749,0.6477997396400987,1.099458155826321,0.1,0.1,0.002207505518763797,0.032886024596603745,0.3393258426966292,0.00749063670411985,0.18004093404635138,1.0,0.01953125,0.9702140231630016,0.725555557012558,0.5,1.0,0.7255555555555555,1.0,-0.03772226544386686
[1998] HKCFI 459,10,1335,29,487526.55408994516,300970.0528857008,12.532214123152945,2.1331564384102064,0.1,0.1,0.034482758620689655,0.05227631575808467,0.021722846441947566,0.00749063670411985,0.012558105332553162,1.0,0.02364066193853428,0.8825864048868022,0.6065972149372101,0.3333333432674408,0.4595238193869591,0.6065972222222222,0.6392857142857142,-0.06429994682645565
[1998] HKCFI 461,10,1335,374,126219.11497254654,68410.58559445519,0.7210114275375364,0.44657504818228055,0.5,0.5,0.013368983957219251,0.24791382594328967,0.2801498127340824,0.00749063670411985,0.13739252022374845,1.0,0.05555555555555555,0.9737211416143189,0.27986111491918564,0.2083333283662796,0.4400000125169754,0.2798611111111111,0.7083333333333333,0.03906050129971093
[1998] HKCFI 463,10,1335,525,202189.00162120705,179102.21759093422,0.6236893167126241,0.4664501281962963,0.5,0.5,0.009523809523809525,0.19684303447480153,0.39325842696629215,0.00749063670411985,0.20307585356573818,1.0,0.05434782608695652,0.9674564486945003,0.3455555558204651,0.1944444477558136,0.6600000083446502,0.3455555555555555,0.8125,-0.03159943464170038
[1998] HKCFI 464,10,1335,517,213177.22866491944,143244.08644846562,0.4566559252681956,0.31963104603248294,0.6,0.6,0.01160541586073501,0.27349829204377163,0.3872659176029963,0.00749063670411985,0.2047541949402275,1.0,0.014285714285714285,0.8046102268869133,0.3289880998432636,0.1071428582072258,0.7450000047683716,0.32898809523809525,0.8625,0.08589959611827494
[1998] HKCFI 52,10,1335,279,282571.26746547053,249383.1205835423,0.3631846921177819,0.39185626865051315,0.5,0.5,0.017921146953405017,0.31379801912551075,0.20898876404494382,0.00749063670411985,0.10191354359235069,1.0,0.029940119760479042,0.977605893903637,0.6975694388151169,0.2916666567325592,0.85,0.6975694444444445,0.925,0.1288855450437687
[1998] HKCFI 55,10,1335,406,339645.8694165754,348200.8760083944,0.5456772977113149,0.8197647784369986,0.2,0.2,0.0049261083743842365,0.08997472747526451,0.3041198501872659,0.00749063670411985,0.15868641456495702,1.0,0.02857142857142857,0.9285761526603644,0.5840277761220932,0.25,0.8083333373069763,0.5840277777777778,0.8875,-0.002667748552224145
[1998] HKCFI 612,10,1335,548,100987.07839123606,54884.38952777101,0.25959441172041464,0.13807015600580552,0.6,0.6,0.010948905109489052,0.5205054059821537,0.41048689138576777,0.00749063670411985,0.20716242284633665,1.0,0.01694915254237288,0.8758758891563194,0.34097222685813905,0.25833332538604736,1.0,0.3409722222222222,1.0,-0.0004545970143374074
[1998] HKCFI 615,10,1335,133,547872.7671429587,630359.2603108822,0.5281296043630321,0.9356087369620587,0.3,0.3,0.022556390977443608,0.20117657842648365,0.099625468164794,0.00749063670411985,0.04985231939939942,1.0,0.02570694087403599,0.8373462111211353,0.5662499994039536,0.22499999403953552,0.5950000017881394,0.5662499999999999,0.6791666666666666,0.16277520313726454
[1998] HKCFI 809,10,1335,479,241899.37459089368,264092.8145249418,0.46636456002208326,0.723051827622708,0.3,0.3,0.006263048016701462,0.15816440085441777,0.3588014981273408,0.00749063670411985,0.19300144864687863,1.0,0.03546099290780142,0.9745068907511456,0.5065972298383713,0.4305555522441864,0.0,0.5065972222222221,0.2,0.038393458777261635
[1998] HKCFI 868,10,1335,520,237335.15310454727,272360.9258652658,0.5229315085134941,0.9265986285950145,0.2,0.2,0.0038461538461538464,0.06772433705923282,0.3895131086142322,0.00749063670411985,0.20278521069988653,1.0,0.03389830508474576,0.8385219134059579,0.39625000208616257,0.1458333283662796,0.8500000029802323,0.39625,0.9083333333333332,0.009846859464193522
[1998] HKCFI 870,10,1335,548,109361.17623504295,86313.30465091762,0.2811206211927831,0.2527839353702861,0.7,0.7,0.012773722627737226,0.35401264594971255,0.41048689138576777,0.00749063670411985,0.20716242284633665,1.0,0.019342359767891684,0.956453566932805,0.7083333253860473,0.4583333432674408,0.9333333373069763,0.7083333333333333,0.9666666666666666,0.01948336601104185
[1998] HKCFI 911,10,1335,406,216485.8365284979,131220.33723829148,1.112984240651016,0.5132066278748635,0.3,0.3,0.007389162561576354,0.06347207403350888,0.3041198501872659,0.00749063670411985,0.15136708097419074,1.0,0.09009009009009009,0.9648477312291865,0.46979166865348815,0.375,0.0,0.4697916666666667,0.1,0.050650812865331706
[1998] HKCFI 912,10,1335,459,247324.81208959053,227459.01639344264,0.44877591764428076,0.39422868018213464,0.5,0.5,0.010893246187363835,0.23792070312666172,0.3438202247191011,0.00749063670411985,0.18450873413402186,1.0,0.01098901098901099,0.9670535597664562,0.3632440507411957,0.2529761791229248,1.0,0.36324404761904755,1.0,0.1021697330272183
[1999] HKCFI 1055,10,1335,154,534388.2662926969,531622.1406638328,0.5263644184504643,0.7427809101676077,0.2,0.2,0.012987012987012988,0.20222327838125898,0.11535580524344569,0.00749063670411985,0.05196463824425325,1.0,0.02066115702479339,0.843111698370602,0.38840278685092927,0.2666666805744171,0.48357143998146057,0.38840277777777776,0.6608333333333334,0.16692540913235357
[1999] HKCFI 1063,10,1335,465,302426.2821088875,321343.0937785314,0.5585350255164138,0.9001643186539336,0.2,0.2,0.004301075268817204,0.07626997266042974,0.34831460674157305,0.00749063670411985,0.18717740486634135,1.0,0.024213075060532687,0.8835823942515635,0.6423611164093017,0.3125,0.8333333343267441,0.642361111111111,0.9166666666666666,0.053149277524717486
[1999] HKCFI 1067,10,1335,513,241680.94574564678,234125.31012120744,0.5101116486780704,0.5516925188068438,0.2,0.2,0.003898635477582846,0.04568749553642372,0.3842696629213483,0.00749063670411985,0.20119543757321312,1.0,0.043478260869565216,0.911092386651109,0.45416666716337206,0.1666666716337204,0.7250000059604644,0.4541666666666666,0.8416666666666666,-0.0202392781453461
[1999] HKCFI 1197,10,1335,503,152964.57120616816,54399.95743383838,0.5650042720227832,0.22446055413979682,0.6,0.6,0.011928429423459244,0.31261903212416653,0.3767790262172285,0.00749063670411985,0.19282574816453918,1.0,0.023310023310023312,0.8989334420922217,0.5322916656732559,0.3333333432674408,0.6183333426713944,0.5322916666666667,0.7841666666666667,0.020655578046656662
[1999] HKCFI 1208,10,1335,429,235349.7005945886,160265.56776556774,1.1590796065319078,0.5911665665362262,0.1,0.1,0.002331002331002331,0.04065244674295108,0.32134831460674157,0.00749063670411985,0.15564601424289026,1.0,0.04608294930875576,0.9093157465211993,0.5875,0.3125,0.5083333432674408,0.5874999999999999,0.7,-0.015046963671985098
[1999] HKCFI 1209,10,1335,264,172787.3440280682,221514.58934221943,1.4182744955256852,1.0360979960988512,0.4,0.4,0.015151515151515152,0.28631077488906015,0.19775280898876405,0.00749063670411985,0.10823750805576413,1.0,0.016666666666666666,0.8545892794070437,0.3759722217917442,0.2013888955116272,0.9666666686534882,0.37597222222222226,0.9833333333333332,0.01758268599439568
[1999] HKCFI 1217,10,1335,564,270561.3260094685,195977.41209066368,0.7268150281007835,0.41864103970603317,0.5,0.5,0.008865248226950355,0.22616579139259899,0.42247191011235957,0.00749063670411985,0.20677362657580026,1.0,0.019157088122605363,0.9076107775280844,0.45583333671092985,0.2013888955116272,0.6005952477455139,0.45583333333333337,0.7548809523809522,-0.0220966455891375
[1999] HKCFI 1218,10,1335,429,146620.7149120358,111593.47591012856,0.7220960133805969,0.5928118328288701,0.4,0.4,0.009324009324009324,0.07940103590562479,0.32134831460674157,0.00749063670411985,0.15564601424289026,1.0,0.02544529262086514,0.9191962022699719,0.7416666716337204,0.3333333432674408,0.3416666746139526,0.7416666666666666,0.4833333333333333,0.05790970868184528
[1999] HKCFI 1258,10,1335,304,214558.71708547306,180279.4581375893,1.585028360451242,0.844029433525014,0.2,0.2,0.006578947368421052,0.04510573394712982,0.22771535580524344,0.00749063670411985,0.11735952702755524,1.0,0.028011204481792718,0.8968206997275343,0.6229166746139526,0.3333333432674408,1.0,0.6229166666666666,1.0,0.029066434020342334
[1999] HKCFI 1392,10,1335,409,294601.2394806005,279982.01176786027,0.48362966241059546,0.6158620232346674,0.4,0.4,0.009779951100244499,0.3256195047632855,0.3063670411985019,0.00749063670411985,0.16334088654053763,1.0,0.0273224043715847,0.9332063072949779,0.40861111134290695,0.1041666641831398,0.8166666686534881,0.40861111111111115,0.9083333333333332,-0.04428923114797987
[1999] HKCFI 1395,10,1335,503,151136.0147136191,142341.46814448107,0.558250144437692,0.5473908408641339,0.3,0.3,0.005964214711729622,0.07770712801706676,0.3767790262172285,0.00749063670411985,0.19282574816453918,1.0,0.031545741324921134,0.8970067432260787,0.2125000014901161,0.125,1.0,0.2125,1.0,-0.01995278479921132
[1999] HKCFI 1535,10,1335,516,85785.74048473146,68036.58564006785,0.2546572920490855,0.1803364176335709,0.7,0.7,0.013565891472868217,0.5846852605633424,0.3865168539325843,0.00749063670411985,0.20406761393527578,1.0,0.01953125,0.9942149954975786,0.9416666626930237,0.75,0.75,0.9416666666666667,0.875,0.024030103282092517
[1999] HKCFI 205,10,1335,513,244682.29703555262,235070.81038552325,0.5164465471535473,0.6404669227310329,0.4,0.4,0.007797270955165692,0.17849642556999817,0.3842696629213483,0.00749063670411985,0.20119543757321312,1.0,0.02358490566037736,0.8836056028948425,0.4120833322405815,0.23333333432674408,0.5750000059604645,0.41208333333333336,0.7625,-0.02617898412896435
[1999] HKCFI 206,10,1335,397,223561.32690146947,166751.68805369665,1.1796672333282174,0.6303633894220555,0.2,0.2,0.005037783375314861,0.2658535323712247,0.2973782771535581,0.00749063670411985,0.14691556885630075,1.0,0.08547008547008547,0.9619294334188029,0.4963888913393021,0.3333333432674408,0.059285715222358704,0.49638888888888877,0.17964285714285713,-0.02209646180256341
[1999] HKCFI 207,10,1335,94,777472.5419930028,739864.7161109715,0.6381656500843467,0.9348780110037698,0.0,0.0,0.0,0.0,0.07041198501872659,0.00749063670411985,0.030997986991268447,1.0,0.014044943820224719,0.865573948217794,0.44965277910232543,0.1944444477558136,0.4900000110268593,0.4496527777777778,0.69,0.05463313748712823
[1999] HKCFI 209,10,1335,473,90952.93360910282,36575.135239882686,0.36686025366626734,0.13717489017084272,0.6,0.6,0.012684989429175475,0.5089731735429623,0.3543071161048689,0.00749063670411985,0.18195789617458677,1.0,0.028011204481792718,0.9788084038540563,0.5958333313465118,0.4791666567325592,1.0,0.5958333333333334,1.0,0.05401380574038363
[1999] HKCFI 213,10,1335,513,299117.80103604996,320063.4408557159,0.6313425916333614,1.1286638324249765,0.1,0.1,0.001949317738791423,0.15939475163105765,0.3842696629213483,0.00749063670411985,0.20119543757321312,1.0,0.034129692832764506,0.8522974698796221,0.4168055608868599,0.2222222238779068,0.608333346247673,0.41680555555555554,0.8041666666666666,-0.05282866707191581
[1999] HKCFI 214,10,1335,62,594443.2391125107,538869.5199272318,0.4391382487137466,0.512802035478571,0.4,0.4,0.06451612903225806,0.3043127821108316,0.04644194756554307,0.00749063670411985,0.023390988381934954,1.0,0.023474178403755867,0.9581415353710939,0.6785615026950836,0.47777777910232544,0.5023015916347504,0.6785615079365079,0.6958333333333333,0.19717176697696034
[1999] HKCFI 216,10,1335,351,206887.00297184853,161152.84902081947,1.2736286969738422,0.6697960897656552,0.5,0.5,0.014245014245014245,0.10615339696277934,0.26292134831460673,0.00749063670411985,0.13220991304013813,1.0,0.02518891687657431,0.9898354056813643,0.7361111223697663,0.6354166865348816,0.0,0.7361111111111112,0.0,-0.08692662244052765
[1999] HKCFI 363,10,1335,428,383095.89850237826,452997.51763148664,0.64319950199007,0.6668680805377889,0.4,0.4,0.009345794392523364,0.32436491444455096,0.32059925093632957,0.00749063670411985,0.16849838780952142,1.0,0.021505376344086023,0.9399799499604627,0.4689781695604324,0.3154761791229248,0.4604761987924576,0.46897817460317465,0.6471428571428571,0.14983860258481171
[1999] HKCFI 364,10,1335,429,77181.33189135147,78188.76438263437,0.3801122651706198,0.4832310125109993,0.5,0.5,0.011655011655011656,0.2782857416560136,0.32134831460674157,0.00749063670411985,0.15564601424289026,1.0,0.02577319587628866,0.9701441046219728,0.8183333307504654,0.3333333432674408,0.8833333343267441,0.8183333333333334,0.9416666666666667,0.07614483274325742
[1999] HKCFI 42,10,1335,366,332698.14283271844,307209.4354716707,0.4915540128339263,0.6094468848961698,0.2,0.2,0.00546448087431694,0.028348951928975,0.27415730337078653,0.00749063670411985,0.13765525475979443,1.0,0.022271714922048998,0.8907594372413674,0.5361111104488373,0.4027777910232544,0.6650000005960465,0.5361111111111112,0.8208333333333332,-0.01865473924465031
[1999] HKCFI 439,10,1335,520,120791.77303098366,98969.13567239289,0.35693424823569947,0.348357814498395,0.5,0.5,0.009615384615384616,0.19670437042064243,0.3895131086142322,0.00749063670411985,0.20410582384443463,1.0,0.028011204481792718,0.9587836496081023,0.4395833432674408,0.3333333432674408,1.0,0.4395833333333332,1.0,0.009301519393327557
[1999] HKCFI 458,10,1335,545,224427.8748932966,230282.08908050606,0.5526452174549646,0.8399245396810553,0.3,0.3,0.005504587155963303,0.07879365600957296,0.40823970037453183,0.00749063670411985,0.20502498837321775,1.0,0.03508771929824561,0.906474967101627,0.32732143253088,0.1666666716337204,1.0,0.32732142857142854,1.0,0.017894060203450947
[1999] HKCFI 473,10,1335,304,99156.38059882456,85264.10325302763,0.7325065954147398,0.5968201213457487,0.3,0.3,0.009868421052631578,0.11337952330120361,0.22771535580524344,0.00749063670411985,0.11735952702755524,1.0,0.0423728813559322,0.8962695801215936,0.3497916668653488,0.125,0.8200000002980232,0.34979166666666667,0.9099999999999999,-0.016156106722265137
[1999] HKCFI 523,10,1335,317,385189.5997606924,445385.29090480716,0.5269527390786916,0.7059260632776985,0.2,0.2,0.006309148264984227,0.15520321700094591,0.23745318352059924,0.00749063670411985,0.11766122968332791,1.0,0.034722222222222224,0.8892562149293608,0.4371329337358475,0.1984127014875412,0.5416666746139527,0.43713293650793644,0.7101190476190475,-0.003685001322414125
[1999] HKCFI 539,10,1335,62,770428.0179672954,773603.5244912674,0.5691450222821461,0.779863256872674,0.2,0.2,0.03225806451612903,0.23858299530478383,0.04644194756554307,0.00749063670411985,0.023390988381934954,1.0,0.013623978201634877,0.8317411656401112,0.40350198894739153,0.2321428507566452,0.44892857670784,0.4035019841269841,0.6569047619047619,0.17823578844448168
[1999] HKCFI 671,10,1335,297,414430.90017076005,458453.99133976264,0.5428300717845876,0.6871515265147323,0.4,0.4,0.013468013468013467,0.03905046909369237,0.22247191011235956,0.00749063670411985,0.10557638534058411,1.0,0.015723270440251572,0.9070372736648213,0.49180555939674375,0.3125,0.6950000047683715,0.4918055555555555,0.8425,0.09833722896484205
[1999] HKCFI 759,10,1335,249,419797.4525492833,456918.305342223,0.5168677343699885,0.8301412818310752,0.3,0.3,0.012048192771084338,0.18438913217304972,0.18651685393258427,0.00749063670411985,0.09157851246633471,1.0,0.03289473684210526,0.8987525495028901,0.46736110746860504,0.3194444477558136,0.6350000113248825,0.46736111111111106,0.8091666666666667,0.05703298328552214
[1999] HKCFI 762,10,1335,513,208380.91938739837,203885.6778625489,0.43982587875847273,0.40888446581572424,0.5,0.5,0.009746588693957114,0.16549669558978394,0.3842696629213483,0.00749063670411985,0.20119543757321312,1.0,0.025380710659898477,0.9295658390975714,0.6808333367109298,0.2666666805744171,0.5833333402872085,0.6808333333333334,0.7416666666666666,0.09423941870045813
[1999] HKCFI 830,10,1335,30,65926.84561434419,29109.09227914512,1.6234238259388056,0.8784366551172003,0.3,0.3,0.1,0.33170071505320947,0.02247191011235955,0.00749063670411985,0.013475785862302114,0.7,1.0,1.0,0.0,0.0,0.6833333432674408,0.3,0.8416666666666666,0.02777141724609354
[1999] HKCFI 857,10,1335,366,355994.5686342235,336226.7952592707,0.5259739572613752,0.7050412841428377,0.3,0.3,0.00819672131147541,0.20455238556693822,0.27415730337078653,0.00749063670411985,0.13765525475979443,1.0,0.1282051282051282,1.0,0.0,0.0,1.0,0.1,1.0,-0.05009487139696714
[1999] HKCFI 858,10,1335,302,436249.4249095941,498226.90357624565,0.5754899105950243,1.0708565159632295,0.3,0.3,0.009933774834437087,0.09642735594677411,0.22621722846441947,0.00749063670411985,0.10737818209086457,1.0,0.018484288354898338,0.8194735988243368,0.4843749970197678,0.1388888955116272,0.5733333349227905,0.4843749999999999,0.77,0.06118103269129592
[1999] HKCFI 859,10,1335,366,355994.5686342235,336226.7952592707,0.5259739572613752,0.7050412841428377,0.3,0.3,0.00819672131147541,0.20455238556693822,0.27415730337078653,0.00749063670411985,0.13765525475979443,1.0,0.1282051282051282,1.0,0.0,0.0,1.0,0.1,1.0,-0.05009487139696714
[1999] HKCFI 896,10,1335,545,222230.48519270853,259085.3919365951,0.5472342278018647,0.7222624595342042,0.3,0.3,0.005504587155963303,0.26567498411646945,0.40823970037453183,0.00749063670411985,0.20502498837321775,1.0,0.017985611510791366,0.8568759302880851,0.37152778059244157,0.2083333283662796,0.7450000017881393,0.3715277777777778,0.8608333333333335,0.03979645036030426
[1999] HKCFI 899,10,1335,520,190246.25289973486,186412.82343983927,0.5621691076676848,0.6255807922788605,0.4,0.4,0.007692307692307693,0.23168631386625188,0.3895131086142322,0.00749063670411985,0.20410582384443463,1.0,0.020161290322580645,0.9346309540120336,0.6499999940395356,0.25,0.673333340883255,0.6499999999999999,0.8166666666666667,0.028802526200908354
[1999] HKDC 2,10,1335,98,140335.29660211128,131527.3739939407,2.07342240024741,1.0783406836586762,0.2,0.2,0.02040816326530612,0.15656693715005188,0.07340823970037454,0.00749063670411985,0.040871547497152244,0.0,0.0,1.0,0.0,0.0,0.5,0.2,0.75,0.020942008857681754
[2000] HKCFI 1090,10,1335,400,204458.96939287247,146742.81428921674,0.32050324931855684,0.2704850632819795,0.6,0.6,0.015,0.45327093367769766,0.299625468164794,0.00749063670411985,0.15261842126476682,1.0,0.03571428571428571,0.9362616501489823,0.38124999701976775,0.1770833283662796,0.6583333373069763,0.38125,0.8041666666666666,0.007785794503844819
[2000] HKCFI 1167,10,1335,520,185518.58983581135,179488.19122776922,0.40895567522928006,0.5036479130999458,0.4,0.4,0.007692307692307693,0.08456488258390145,0.3895131086142322,0.00749063670411985,0.20293518170476624,1.0,0.02544529262086514,0.8659915236540228,0.6041666656732559,0.3333333432674408,0.85,0.6041666666666666,0.925,0.010721812050832247
[2000] HKCFI 1296,10,1335,451,211375.11978251842,243850.49600248784,0.3727628801570088,0.5817777349509843,0.5,0.5,0.011086474501108648,0.24399094525228746,0.33782771535580525,0.00749063670411985,0.17775011039508734,1.0,0.040983606557377046,0.9759982797145513,0.7427777767181396,0.4722222089767456,0.7750000059604645,0.7427777777777778,0.8791666666666667,0.02022538281838558
[2000] HKCFI 1310,10,1335,404,299616.7480683485,375247.3265854635,0.48034380372136953,0.9202844492102606,0.3,0.3,0.007425742574257425,0.33956764578455334,0.30262172284644195,0.00749063670411985,0.15858548293986344,1.0,0.05434782608695652,0.9244390710284969,0.6274999976158142,0.2777777910232544,0.4523809626698494,0.6275000000000001,0.6541666666666666,0.03787563709160112
[2000] HKCFI 1345,10,1335,509,174074.31321254055,164638.73303056188,0.3720998832798778,0.36261444775932006,0.6,0.6,0.011787819253438114,0.1781383335118368,0.38127340823970035,0.00749063670411985,0.20418064706146738,1.0,0.021691973969631236,0.940642847034104,0.6022569417953492,0.25,0.4000000059604645,0.6022569444444443,0.5916666666666666,-0.0003702180838044004
[2000] HKCFI 1346,10,1335,324,47890.908675070306,25669.390713710134,0.3378250584917121,0.17833747196936667,0.7,0.7,0.021604938271604937,0.4124356742099738,0.24269662921348314,0.00749063670411985,0.12145015601776428,1.0,0.031545741324921134,0.9372425855604435,0.8270833343267441,0.3333333432674408,0.6333333402872086,0.8270833333333332,0.7666666666666666,0.07278903298382956
[2000] HKCFI 1389,10,1335,184,349256.49917657475,343055.8933696551,0.37902680368019137,0.36911188662431016,0.5,0.5,0.02717391304347826,0.2726984650813831,0.13782771535580524,0.00749063670411985,0.0655620808703767,1.0,0.02074688796680498,0.9459276708557686,0.5558101862668992,0.4791666567325592,0.4872474879026413,0.555810185185185,0.6595238095238095,0.15413445930330874
[2000] HKCFI 1406,10,1335,230,408527.18592729454,401880.68279293197,0.4802954753469545,0.6425384138344805,0.2,0.2,0.008695652173913044,0.07953079809771256,0.17228464419475656,0.00749063670411985,0.08295903913141382,1.0,0.019083969465648856,0.9287969885271692,0.6777777835726738,0.2222222238779068,0.6433333367109298,0.6777777777777778,0.8,-0.026805640386544396
[2000] HKCFI 1411,10,1335,324,179991.0865942186,126468.24427005407,1.269666854083542,0.6376618699812537,0.2,0.2,0.006172839506172839,0.12415673448001446,0.24269662921348314,0.00749063670411985,0.12145015601776428,1.0,0.01953125,0.9335773849607828,0.7041666805744171,0.3333333432674408,0.7833333373069763,0.7041666666666666,0.8916666666666666,0.05320713357032786
[2000] HKCFI 1441,10,1335,400,269925.6570348744,250240.12854731956,0.42312670562223553,0.5040787618986862,0.5,0.5,0.0125,0.26943852810327,0.299625468164794,0.00749063670411985,0.15261842126476682,1.0,0.018484288354898338,0.9095911635556764,0.4812499895691872,0.2395833283662796,0.5250000059604645,0.48125,0.7083333333333333,0.14304215757028088
[2000] HKCFI 189,10,1335,501,186995.11194355137,178372.4837606613,0.37687817928391426,0.45027831453255907,0.5,0.5,0.00998003992015968,0.27757203675278386,0.3752808988764045,0.00749063670411985,0.2001358261210661,1.0,0.026954177897574125,0.8790080093704841,0.4388888865709305,0.25,0.65,0.43888888888888883,0.825,-0.008621618334388771
[2000] HKCFI 190,10,1335,324,236384.88437937823,179679.06416546815,1.667471751973452,0.8162696838087893,0.1,0.1,0.0030864197530864196,0.08455174494839506,0.24269662921348314,0.00749063670411985,0.12145015601776428,1.0,0.014992503748125937,0.9920213941381917,0.6043055444955826,0.4541666805744171,1.0,0.6043055555555555,1.0,-0.024876623868786283
[2000] HKCFI 224,10,1335,476,114719.27774112005,114291.73003253315,0.4495755479043895,0.4536361435611074,0.4,0.4,0.008403361344537815,0.11442100595319091,0.35655430711610486,0.00749063670411985,0.18672754365642424,1.0,0.019455252918287938,0.9231670721456395,0.36041667461395266,0.3333333432674408,1.0,0.3604166666666667,1.0,0.017943719456981266
[2000] HKCFI 26,10,1335,341,348115.42007443274,296750.916439499,0.4911249980509564,0.5447288901163727,0.2,0.2,0.005865102639296188,0.14456044224865972,0.2554307116104869,0.00749063670411985,0.12663282958939476,1.0,0.02012072434607646,0.9066727404440557,0.46041667014360427,0.2222222238779068,0.7150000095367431,0.4604166666666667,0.835,-0.006087385951197365
[2000] HKCFI 317,10,1335,50,932494.1486953448,951022.3175958395,0.6577864129986082,1.1116086327247636,0.0,0.0,0.0,0.0,0.03745318352059925,0.00749063670411985,0.0206082632055202,1.0,0.03636363636363636,0.9028450754793755,0.42673609852790834,0.1875,0.4526190608739853,0.4267361111111111,0.6133333333333333,-0.013040987404324057
[2000] HKCFI 318,10,1335,375,377483.582318039,293306.68608042714,2.1302316753515287,0.9765039604388788,0.0,0.0,0.0,0.0,0.2808988764044944,0.00749063670411985,0.13875393559144336,1.0,0.04405286343612335,0.8639077250969572,0.4797916650772095,0.28125,0.32250000685453417,0.47979166666666667,0.5333333333333333,0.013935069877577281
[2000] HKCFI 433,10,1335,249,76282.74055426472,37825.743903961375,0.6726282190764556,0.4062515817821062,0.5,0.5,0.020080321285140562,0.47017251437007274,0.18651685393258427,0.00749063670411985,0.10044940310601391,1.0,0.02617801047120419,0.9843638438620413,0.6152777791023254,0.5416666865348816,0.0,0.6152777777777778,0.3,0.08776018820343313
[2000] HKCFI 448,10,1335,341,401451.0730581459,377824.1968759211,0.5663715138820328,0.7643190474954045,0.2,0.2,0.005865102639296188,0.0682964839695644,0.2554307116104869,0.00749063670411985,0.12663282958939476,1.0,0.046948356807511735,0.9037060963224828,0.6243055552244187,0.3125,0.5833333432674408,0.6243055555555556,0.7583333333333333,0.036578053798466736
[2000] HKCFI 498,10,1335,364,277076.2887547001,246130.2742208716,0.40718981624423833,0.4562947420890344,0.5,0.5,0.013736263736263736,0.2166317181493251,0.27265917602996254,0.00749063670411985,0.13619835213389256,1.0,0.033003300330033,0.8542928747346719,0.32015873342752454,0.15000000596046448,0.8916666686534882,0.32015873015873014,0.925,0.0870665885700954
[2000] HKCFI 499,10,1335,248,418681.8216563007,432665.6646787394,0.5145303486782865,0.7587109301060542,0.2,0.2,0.008064516129032258,0.1494871301137153,0.18576779026217227,0.00749063670411985,0.09113743507441562,1.0,0.02967359050445104,0.9464611861122273,0.5437500059604645,0.3333333432674408,0.5750000089406967,0.54375,0.7533333333333333,0.04170887213855282
[2000] HKCFI 529,10,1335,451,207658.91116220845,154988.46433221918,0.3662092960360568,0.3215853388021621,0.6,0.6,0.013303769401330377,0.3091676603022037,0.33782771535580525,0.00749063670411985,0.17775011039508734,1.0,0.03636363636363636,0.9402814241170294,0.5701190650463104,0.3333333432674408,0.7233333468437195,0.5701190476190476,0.8475000000000001,0.06931919205881973
[2000] HKCFI 585,10,1335,511,164842.02465909597,140820.3054292698,0.5814022761624873,0.4521548245707967,0.5,0.5,0.009784735812133072,0.2894158847655398,0.38277153558052435,0.00749063670411985,0.19837228609315835,1.0,0.04149377593360996,0.8658659182973256,0.5000000089406967,0.3333333432674408,0.4250000029802322,0.4999999999999999,0.7125,-0.02424852944157
[2000] HKCFI 586,10,1335,408,235029.64408345037,272802.6931169554,0.38025500313526245,0.5849376096448662,0.4,0.4,0.00980392156862745,0.31166586220338927,0.3056179775280899,0.00749063670411985,0.16028981123751518,1.0,0.05952380952380952,0.9218161119396425,0.400277778506279,0.2222222238779068,0.468333338201046,0.40027777777777773,0.6333333333333334,0.07274337280653075
[2000] HKCFI 601,10,1335,501,70844.10537354779,68696.60319094184,0.2602802857896393,0.2544463612162282,0.7,0.7,0.013972055888223553,0.29311948428298723,0.3752808988764045,0.00749063670411985,0.19450546859159573,1.0,0.02544529262086514,0.9842552660924533,0.9249999940395355,0.5833333134651184,0.8,0.925,0.9,0.033974783069921716
[2000] HKCFI 670,10,1335,451,363977.4493924193,373677.0470894488,0.6418791506177126,1.0790651638317454,0.0,0.0,0.0,0.0,0.33782771535580525,0.00749063670411985,0.17775011039508734,1.0,0.02865329512893983,0.9823678437910981,0.7708333313465119,0.5,0.9,0.7708333333333333,0.95,-0.018790545846599657
[2000] HKCFI 740,10,1335,428,184882.0513216407,203400.50722177973,0.8694453224314996,0.6707962532768388,0.3,0.3,0.007009345794392523,0.15484892557679902,0.32059925093632957,0.00749063670411985,0.16384790237432886,1.0,0.01890359168241966,0.9225089448616511,0.425694452226162,0.2083333283662796,0.95,0.4256944444444444,0.9666666666666666,0.04496125034818249
[2000] HKCFI 759,10,1335,162,551901.941777181,622163.8626432295,0.5561637328333753,1.0130084007817537,0.3,0.3,0.018518518518518517,0.1445015916045414,0.12134831460674157,0.00749063670411985,0.05455712581742601,1.0,0.025380710659898477,0.9286491750089405,0.5679513856768608,0.2291666716337204,0.552261920273304,0.5679513888888889,0.7325,0.00915851900558068
[2000] HKCFI 810,10,1335,263,168998.95381369558,104458.1527976411,1.402503241506345,0.6194735699768019,0.4,0.4,0.015209125475285171,0.2544827329097942,0.19700374531835205,0.00749063670411985,0.10654861675171745,1.0,0.024691358024691357,0.9638709670396457,0.7444444477558136,0.5416666865348816,0.39833333492279055,0.7444444444444445,0.5583333333333333,-0.0707076360680046
[2000] HKCFI 844,10,1335,523,243922.45131106273,265056.31058399804,0.7169342318940018,0.7198833502875006,0.3,0.3,0.0057361376673040155,0.20384471474379173,0.39176029962546816,0.00749063670411985,0.20597150332608716,1.0,0.0196078431372549,0.9254062034126405,0.571180546283722,0.3159722089767456,0.5980158805847168,0.5711805555555556,0.7452777777777778,-0.0747146193508007
[2000] HKCFI 845,10,1335,540,189579.73570311468,189534.07629173453,0.4457685677343507,0.42916031483897665,0.5,0.5,0.009259259259259259,0.24430997406252886,0.4044943820224719,0.00749063670411985,0.20538304572906396,1.0,0.04,0.928452240621908,0.35625,0.25,0.6333333492279053,0.35625,0.7833333333333333,-0.005002923335627949
[2001] HKCFI 1124,10,1335,175,398681.6124456061,387287.5073342869,0.4276917089853072,0.5371570251012043,0.2,0.2,0.011428571428571429,0.17310245207803637,0.13108614232209737,0.00749063670411985,0.06426043711089471,1.0,0.0273224043715847,0.896119938674447,0.3784722164273262,0.2291666716337204,0.4928571432828903,0.3784722222222222,0.6595238095238095,-0.03634490544462761
[2001] HKCFI 1150,10,1335,224,534448.6781001615,588852.3567757992,0.6211160313055932,1.1543910457745348,0.1,0.1,0.004464285714285714,0.22368014616831725,0.16779026217228465,0.00749063670411985,0.07959151533618077,1.0,0.01838235294117647,0.9346518097061323,0.49027777910232545,0.25,0.8100000023841858,0.49027777777777776,0.905,0.05141799618816239
[2001] HKCFI 1156,10,1335,517,146591.24781779785,127063.75440989003,0.5110884045539439,0.45270784505145745,0.5,0.5,0.009671179883945842,0.19533849127475586,0.3872659176029963,0.00749063670411985,0.19683598320685863,1.0,0.02570694087403599,0.9626306663967985,0.7208333194255829,0.4722222089767456,0.31500000357627866,0.7208333333333332,0.5033333333333333,0.06976638204361228
[2001] HKCFI 1184,10,1335,446,244811.7132332284,229466.66063663713,0.426766364960628,0.4493389851321359,0.4,0.4,0.008968609865470852,0.1984164022860317,0.3340823970037453,0.00749063670411985,0.1757601929980928,1.0,0.07246376811594203,0.9547599694000237,0.5902777761220932,0.375,0.0,0.5902777777777778,0.1,-0.008141930602469807
[2001] HKCFI 1206,10,1335,360,277057.48132941796,277262.82201154396,0.40671880616210443,0.5239036231026795,0.4,0.4,0.011111111111111112,0.19145092008119838,0.2696629213483146,0.00749063670411985,0.13576033618497393,1.0,0.024509803921568627,0.912827156925101,0.6006150811910629,0.3125,0.49055556356906893,0.6006150793650794,0.6894841269841269,0.1506101473340619
[2001] HKCFI 1236,10,1335,435,48638.39777131057,47642.31114907855,0.2261028220720383,0.22558047147499138,0.6,0.6,0.013793103448275862,0.4488358261274824,0.3258426966292135,0.00749063670411985,0.1646471014296677,1.0,0.03875968992248062,0.9608489849343073,0.4937500089406967,0.3125,0.7666666686534882,0.4937499999999999,0.8833333333333334,0.03252582090002009
[2001] HKCFI 1380,10,1335,39,223594.0749131057,195274.85319605764,5.1970514709532685,1.711123477586571,0.1,0.1,0.02564102564102564,0.018875576593411054,0.029213483146067417,0.00749063670411985,0.014553646865243419,1.0,0.02570694087403599,0.9637947852763848,0.8590277791023254,0.6666666865348816,0.3549603268504143,0.8590277777777777,0.5565476190476191,-0.06268065819681694
[2001] HKCFI 14,10,1335,517,77606.6438589602,75055.11174031752,0.27057451507583424,0.2514873746451256,0.7,0.7,0.013539651837524178,0.47252631651589033,0.3872659176029963,0.00749063670411985,0.19683598320685863,1.0,0.025510204081632654,0.9073020043201585,0.6472222119569778,0.3333333432674408,0.5300000071525574,0.6472222222222221,0.7241666666666666,0.014784280553833084
[2001] HKCFI 142,10,1335,517,109939.81273345211,120660.18627662575,0.3833036714220358,0.43691190866977525,0.5,0.5,0.009671179883945842,0.38575088350882747,0.3872659176029963,0.00749063670411985,0.19683598320685863,1.0,0.021834061135371178,0.917901228111222,0.4611111134290695,0.3194444477558136,1.0,0.4611111111111111,1.0,0.07122534377685251
[2001] HKCFI 1446,10,1335,496,231826.91631206163,257607.79659154062,0.4618636633861922,0.5991235505836272,0.3,0.3,0.006048387096774193,0.16451805267323966,0.37153558052434454,0.00749063670411985,0.19943882712998784,1.0,0.019569471624266144,0.9227153865333887,0.5590277791023255,0.1875,0.7333333373069764,0.5590277777777778,0.8416666666666668,0.01686896277081943
[2001] HKCFI 188,10,1335,360,430021.001156838,528942.0252137224,0.6312683829215603,1.5006539213739547,0.2,0.2,0.005555555555555556,0.26181955567138127,0.2696629213483146,0.00749063670411985,0.13576033618497393,1.0,0.055248618784530384,0.97002165874971,0.8979166686534882,0.5625,0.3650000035762787,0.8979166666666666,0.53,-0.04021507944328984
[2001] HKCFI 26,10,1335,446,187510.5743324033,211769.3062844246,0.32687654174162195,0.46304514793052576,0.5,0.5,0.011210762331838564,0.365456119240474,0.3340823970037453,0.00749063670411985,0.1757601929980928,1.0,0.04608294930875576,0.9829906659390376,0.8583333313465118,0.75,0.573333340883255,0.8583333333333332,0.75,0.024500738185766965
[2001] HKCFI 288,10,1335,121,368328.98807251,418470.95599317027,0.34244641053227953,0.3516915977676831,0.6,0.6,0.049586776859504134,0.27854843378979494,0.09063670411985018,0.00749063670411985,0.04431727215830156,1.0,0.016778523489932886,0.9256001810395872,0.41490078866481783,0.3142361044883728,0.48603175580501556,0.41490079365079363,0.6613690476190476,0.26128066825568946
[2001] HKCFI 289,10,1335,106,410423.8504549619,261732.42020203243,0.3577343020857438,0.20472156195360203,0.6,0.6,0.05660377358490566,0.49736506865467844,0.07940074906367041,0.00749063670411985,0.03725460960281154,1.0,0.023696682464454975,0.9549880085974746,0.5607804208993912,0.3958333432674408,0.5289682626724244,0.5607804232804232,0.7051785714285714,0.17277303860026832
[2001] HKCFI 478,10,1335,326,300306.0024471911,313259.80895125045,0.41880512773716394,0.5755734707903164,0.4,0.4,0.012269938650306749,0.23050731924837084,0.2441947565543071,0.00749063670411985,0.12296694871215572,1.0,0.02824858757062147,0.9413479166722573,0.5482638955116272,0.375,0.42285714894533155,0.5482638888888889,0.6166666666666666,0.11891604639802421
[2001] HKCFI 481,10,1335,113,589686.384082848,120334.96990814066,8.223734437479717,1.6644020962848538,0.0,0.0,0.0,0.0,0.08464419475655431,0.00749063670411985,0.045714661712313205,1.0,0.0273224043715847,0.9203859672256945,0.5302083313465118,0.25,0.5416666746139527,0.5302083333333333,0.75,-0.04919511028751379
[2001] HKCFI 482,10,1335,558,200445.36570392223,186385.2827886802,0.5375769683119744,0.4955616086981669,0.3,0.3,0.005376344086021506,0.13047132364545141,0.41797752808988764,0.00749063670411985,0.20713034329843588,1.0,0.03937007874015748,0.9392807862503321,0.38356481269001963,0.1041666641831398,0.690000006556511,0.3835648148148148,0.845,0.003081765331307913
[2001] HKCFI 555,10,1335,326,329484.21567433176,356808.5677265801,0.45949690618366273,0.5461350991338234,0.2,0.2,0.006134969325153374,0.11024510320747835,0.2441947565543071,0.00749063670411985,0.12296694871215572,1.0,0.019120458891013385,0.9426579454200924,0.4882638961076736,0.2604166567325592,0.5381854325532913,0.48826388888888894,0.7054761904761904,0.18387978832363674
[2001] HKCFI 556,10,1335,224,553297.2598656628,574792.615234453,0.6430211398438784,1.1032044974637207,0.1,0.1,0.004464285714285714,0.22368014616831725,0.16779026217228465,0.00749063670411985,0.07959151533618077,1.0,0.019569471624266144,0.941301046582628,0.45673611015081406,0.2083333283662796,0.8583333373069764,0.45673611111111106,0.9291666666666666,0.04468497496246577
[2001] HKCFI 557,10,1335,246,456462.3338768728,486867.60638435464,0.5516558025872312,0.8954390675165635,0.3,0.3,0.012195121951219513,0.15189817424645202,0.1842696629213483,0.00749063670411985,0.08704816332901628,1.0,0.022779043280182234,0.8970179820249676,0.38759259283542635,0.2083333283662796,0.6666666716337204,0.38759259259259254,0.8091666666666667,0.1793715841842935
[2001] HKCFI 567,10,1335,389,248029.8188688456,281709.3181110445,0.38433449410307613,0.5745323876881558,0.3,0.3,0.007712082262210797,0.27337950321011056,0.29138576779026215,0.00749063670411985,0.15003148757176074,1.0,0.017241379310344827,0.7744150818834802,0.2548611119389534,0.125,0.9333333373069763,0.2548611111111111,0.9666666666666666,0.038761382390234016
[2001] HKCFI 569,10,1335,446,222482.57836924083,210383.56396169652,0.3878412514815145,0.4274441929610173,0.5,0.5,0.011210762331838564,0.23708417827347641,0.3340823970037453,0.00749063670411985,0.1757601929980928,1.0,0.018115942028985508,0.883577000147815,0.4078472301363945,0.24444444477558136,0.7166666716337204,0.40784722222222214,0.8383333333333333,0.09904038665648993
[2001] HKCFI 589,10,1335,517,151224.5039749278,113656.49284595935,0.5272421895342077,0.32752775447185645,0.5,0.5,0.009671179883945842,0.30904138994837516,0.3872659176029963,0.00749063670411985,0.19683598320685863,1.0,0.04484304932735426,0.9651944232626546,0.8902777761220932,0.4583333432674408,0.5666666746139526,0.8902777777777777,0.7166666666666666,0.040116571784700225
[2001] HKCFI 590,10,1335,435,109263.94981066584,114703.20246283304,0.5079297126333655,0.7618911253595115,0.1,0.1,0.0022988505747126436,0.05774087594034667,0.3258426966292135,0.00749063670411985,0.1646471014296677,1.0,0.018867924528301886,0.9922908909883762,0.6194444477558136,0.5069444179534912,1.0,0.6194444444444445,1.0,0.0349889112142576
[2001] HKCFI 667,10,1335,224,444716.59938234073,516355.7353331656,0.5168328046875852,0.9399967551456214,0.3,0.3,0.013392857142857142,0.18625283789797925,0.16779026217228465,0.00749063670411985,0.07959151533618077,1.0,0.030211480362537766,0.8845782534066583,0.48576388880610466,0.1041666641831398,0.446031753718853,0.48576388888888894,0.6116666666666666,-0.03020182950763318
[2001] HKCFI 668,10,1335,326,330307.3988798397,334246.57125819917,0.46064491303242516,0.5374771845546986,0.3,0.3,0.009202453987730062,0.2186755997173091,0.2441947565543071,0.00749063670411985,0.12296694871215572,1.0,0.03676470588235294,0.9070809916331272,0.3732638850808144,0.1770833283662796,0.5285714387893676,0.3732638888888889,0.7258333333333333,0.073400784349184
[2001] HKCFI 75,10,1335,326,467015.91077302955,481643.87838987657,0.6512978647537386,1.1143919640461002,0.1,0.1,0.003067484662576687,0.016123465163074502,0.2441947565543071,0.00749063670411985,0.12296694871215572,1.0,0.029239766081871343,0.9374706256747192,0.45416666865348815,0.15625,0.4154761999845505,0.4541666666666667,0.6358333333333335,-0.027744661861087636
[2001] HKCFI 76,10,1335,10,1750155.437203675,1966558.828030766,0.6779881423401625,1.4347836768458615,0.1,0.1,0.1,0.04270069107938701,0.00749063670411985,0.00749063670411985,0.006416326117535453,1.0,0.016339869281045753,0.925445638287304,0.49166666269302367,0.34166666865348816,0.5210606157779694,0.4916666666666667,0.6978769841269841,0.14538855116585586
[2001] HKCFI 816,10,1335,287,427217.47694867617,423220.1386875961,0.5516622074712636,0.8023732930245258,0.1,0.1,0.003484320557491289,0.08294816874205373,0.2149812734082397,0.00749063670411985,0.10259025152595552,1.0,0.02610966057441253,0.9869347807715039,0.7145833253860474,0.5,0.27313492745161055,0.7145833333333333,0.49726190476190474,0.14702414928811372
[2001] HKCFI 817,10,1335,548,143531.58549566072,130627.14030155887,0.36262386464826163,0.4009700156940683,0.5,0.5,0.009124087591240875,0.39306487404053997,0.41048689138576777,0.00749063670411985,0.20918192171099262,1.0,0.07575757575757576,0.9506179497705,0.7333333343267441,0.3125,0.16666666865348817,0.7333333333333333,0.2833333333333333,-0.02460622283092398
[2001] HKCFI 898,10,1335,440,216641.40448039543,187144.56654504582,1.0418170057025538,0.6414489473059337,0.2,0.2,0.004545454545454545,0.13478482754771176,0.3295880149812734,0.00749063670411985,0.15945672379543693,1.0,0.0176678445229682,0.8261874214541132,0.3491567462682724,0.2222222238779068,0.7166666686534882,0.34915674603174607,0.85,-0.10023622311531113
[2001] HKCFI 98,10,1335,538,183911.47015630273,147661.17263628324,0.42746990360654147,0.35470385071586286,0.7,0.7,0.013011152416356878,0.2528735197157826,0.40299625468164796,0.00749063670411985,0.20512164926577012,1.0,0.02109704641350211,0.9447869322127185,0.5354166716337204,0.3194444477558136,0.8500000059604644,0.5354166666666667,0.925,0.05573503302458027
[2001] HKDC 127,10,1335,435,100272.75177717363,75023.36385490099,0.4661327920452396,0.42889165151413255,0.4,0.4,0.009195402298850575,0.25922417067554565,0.3258426966292135,0.00749063670411985,0.1646471014296677,1.0,0.027855153203342618,0.953280424639843,0.8000000029802322,0.4583333432674408,0.85,0.7999999999999999,0.925,0.03231026342620044
[2001] HKDC 52,10,1335,39,111231.41031343557,70165.63884095053,2.585378726204179,0.9663807944973843,0.2,0.2,0.05128205128205128,0.10970488869355793,0.029213483146067417,0.00749063670411985,0.014553646865243419,1.0,0.05319148936170213,1.0,0.0,0.0,1.0,0.2,1.0,0.035420170664670014
[2001] HKDC 88,10,1335,113,316579.5962132344,202689.1018914402,4.415001936379161,1.3410460246182279,0.0,0.0,0.0,0.0,0.08464419475655431,0.00749063670411985,0.045714661712313205,1.0,0.10101010101010101,0.8138383199772374,0.46651785969734194,0.1875,0.30333333760499953,0.4665178571428571,0.4658333333333333,-0.019838661316834913
[2002] HKCFI 1012,10,1335,560,183745.48958490178,193283.58208955225,0.4959472854021313,0.6714503446527882,0.3,0.3,0.005357142857142857,0.12858249131083335,0.41947565543071164,0.00749063670411985,0.205590510448002,1.0,0.016611295681063124,0.9711626174514302,0.5527777791023254,0.375,0.95,0.5527777777777778,0.975,-0.04650695134202198
[2002] HKCFI 1023,10,1335,442,122673.65200914827,108850.98953058686,0.5518472393684809,0.5251156096209506,0.4,0.4,0.00904977375565611,0.17452821193010937,0.3310861423220974,0.00749063670411985,0.1665459565633194,1.0,0.01953125,0.952039898361312,0.7555555522441864,0.5,1.0,0.7555555555555555,1.0,0.03383718157903327
[2002] HKCFI 1034,10,1335,525,158582.21180691215,162703.27047897538,0.3566909208509827,0.3084284879003194,0.6,0.6,0.011428571428571429,0.37006736908852994,0.39325842696629215,0.00749063670411985,0.20322813179500257,1.0,0.01718213058419244,0.9120720731959561,0.4449652761220932,0.21875,0.6309523910284043,0.4449652777777778,0.7913095238095238,0.034153321228760386
[2002] HKCFI 1046,10,1335,10,1432345.4534761268,1516775.897527976,0.5685356357464861,0.9275227129671837,0.2,0.2,0.2,0.3131679004714536,0.00749063670411985,0.00749063670411985,0.006474410185322084,1.0,0.028985507246376812,0.8568913475807728,0.4718518525362015,0.3472222089767456,0.3876723304390907,0.47185185185185186,0.6102056277056277,0.1419633553944744
[2002] HKCFI 1050,10,1335,479,168867.24974091005,172078.46101892783,0.3255638868878807,0.40069407954156233,0.5,0.5,0.010438413361169102,0.3288110034204106,0.3588014981273408,0.00749063670411985,0.19300144864687863,1.0,0.03460207612456748,0.9337670342037214,0.5939087361097336,0.34583333134651184,0.7333333373069764,0.5939087301587302,0.85,0.057570204265530577
[2002] HKCFI 1069,10,1335,246,437305.6245896821,490239.0626407055,0.5365141897095363,0.9199401694967575,0.3,0.3,0.012195121951219513,0.05052483545076799,0.1842696629213483,0.00749063670411985,0.09072770464328307,1.0,0.03058103975535168,0.9527245861714816,0.5215277761220932,0.2430555522441864,0.6228571563959122,0.5215277777777778,0.785,-0.0004058028513004154
[2002] HKCFI 1164,10,1335,425,293776.10754960595,291713.3292150728,0.49558176701498846,0.6809222334886558,0.2,0.2,0.004705882352941176,0.04220244039719176,0.31835205992509363,0.00749063670411985,0.16834387932366066,1.0,0.012165450121654502,0.9061071823561349,0.40808533132076263,0.2232142835855484,0.65,0.4080853174603175,0.825,0.03262234655263966
[2002] HKCFI 1249,10,1335,425,298555.2564850062,316739.6959386709,0.503643889881238,0.7675406576380785,0.1,0.1,0.002352941176470588,0.0422435343785535,0.31835205992509363,0.00749063670411985,0.16834387932366066,1.0,0.026385224274406333,0.8417837191476412,0.3869791701436043,0.1666666716337204,0.3750000029802322,0.38697916666666665,0.6375,0.06470869967971302
[2002] HKCFI 1426,10,1335,213,427307.7688533662,369417.60632966895,0.4805608391459028,0.53702034483765,0.2,0.2,0.009389671361502348,0.17173348212285947,0.15955056179775282,0.00749063670411985,0.07266736086937187,1.0,0.041666666666666664,0.9362430336165296,0.30375000089406967,0.125,0.8666666746139526,0.30375,0.9333333333333333,0.03729515597335645
[2002] HKCFI 180,10,1335,560,83968.29021015852,71384.68149103015,0.22663873645913055,0.21809631490896741,0.7,0.7,0.0125,0.5282112038294574,0.41947565543071164,0.00749063670411985,0.205590510448002,1.0,0.019455252918287938,0.9045498849211461,0.5916666626930237,0.3333333432674408,0.95,0.5916666666666666,0.975,0.011863365136297719
[2002] HKCFI 188,10,1335,479,267197.95544101414,217897.3900116603,0.5151384005799733,0.3507027428761571,0.7,0.7,0.014613778705636743,0.24447204176762752,0.3588014981273408,0.00749063670411985,0.19300144864687863,1.0,0.021645021645021644,0.9165730053461171,0.5091666638851166,0.3159722089767456,0.6433333426713943,0.5091666666666667,0.8002380952380952,0.09603758637915094
[2002] HKCFI 20,10,1335,307,283531.2935395522,231316.99112174622,0.3826395294795038,0.3742216077959215,0.6,0.6,0.019543973941368076,0.32673224089566566,0.2299625468164794,0.00749063670411985,0.11426449672141188,1.0,0.024691358024691357,0.8650581670343339,0.4978472262620926,0.3125,0.5466666728258133,0.4978472222222222,0.7733333333333332,0.14474614727760182
[2002] HKCFI 233,10,1335,460,163712.7854130519,100441.07955907026,0.2945846877462483,0.1973633749435164,0.6,0.6,0.013043478260869565,0.48714082939776565,0.3445692883895131,0.00749063670411985,0.1820892319460273,1.0,0.029411764705882353,0.926658757915827,0.46166665852069855,0.28611111640930176,0.9666666686534882,0.4616666666666666,0.9833333333333332,0.07461478206479717
[2002] HKCFI 236,10,1335,479,232626.73248350905,242667.36955598704,0.4484875743375761,0.39422868018213464,0.5,0.5,0.010438413361169102,0.27486834748625355,0.3588014981273408,0.00749063670411985,0.19300144864687863,1.0,0.020366598778004074,0.8807497307285489,0.5400000035762786,0.25,0.6566666752099991,0.5399999999999999,0.7999999999999999,0.11593982593322888
[2002] HKCFI 254,10,1335,560,171234.54035777407,136318.5931715343,0.46217899361431625,0.40466504855160856,0.5,0.5,0.008928571428571428,0.19437782956850083,0.41947565543071164,0.00749063670411985,0.205590510448002,1.0,0.041666666666666664,0.9684382585907997,0.36111111640930177,0.25,0.6038095444440842,0.3611111111111111,0.7933333333333333,-0.0062915779983789685
[2002] HKCFI 347,10,1335,509,168429.09566415855,188397.353196556,0.568258525461508,1.0153247974903987,0.4,0.4,0.007858546168958742,0.12845306585674396,0.38127340823970035,0.00749063670411985,0.19834835132754958,1.0,0.01718213058419244,0.9914258165117782,0.5112500011920929,0.4166666567325592,1.0,0.51125,1.0,-0.1097438849527474
[2002] HKCFI 354,10,1335,442,216972.02191301118,224231.54071710905,0.9760483147918642,0.6932726098694717,0.3,0.3,0.006787330316742082,0.13099076880785684,0.3310861423220974,0.00749063670411985,0.1665459565633194,1.0,0.02145922746781116,0.9233257259585146,0.7305555582046509,0.4722222089767456,0.7833333402872086,0.7305555555555555,0.875,0.054786738744798516
[2002] HKCFI 355,10,1335,425,170637.64890202225,128972.57318701345,0.28785495276489803,0.24557976730732367,0.8,0.8,0.018823529411764704,0.4555256013245355,0.31835205992509363,0.00749063670411985,0.16834387932366066,1.0,0.029498525073746312,0.9757422360584207,0.6548611223697662,0.2986111044883728,0.85,0.6548611111111111,0.925,0.11835902307956636
[2002] HKCFI 365,10,1335,525,315785.8895326556,313735.2745607423,0.710281174954832,1.1584111806946966,0.0,0.0,0.0,0.0,0.39325842696629215,0.00749063670411985,0.20322813179500257,1.0,0.05181347150259067,0.9737142176874991,0.75,0.5,0.4005952462553978,0.75,0.6429166666666666,-0.05788053246705962
[2002] HKCFI 366,10,1335,291,288885.12693572254,318878.92184995685,0.37486999319968156,0.46952447252482976,0.3,0.3,0.010309278350515464,0.20908092948465246,0.21797752808988763,0.00749063670411985,0.1033224482268861,1.0,0.024154589371980676,0.9325182257095851,0.5809027850627899,0.4479166567325592,0.6416666686534882,0.5809027777777779,0.7947619047619048,0.15686764276546897
[2002] HKCFI 376,10,1335,513,251566.10152964378,213355.05848068363,0.5304701859394797,0.4838500087923814,0.5,0.5,0.009746588693957114,0.24930077415122526,0.3842696629213483,0.00749063670411985,0.20144130469586793,1.0,0.0392156862745098,0.7610086859560827,0.31597222536802294,0.125,0.565833343565464,0.3159722222222222,0.7363095238095237,0.0025461783373779885
[2002] HKCFI 409,10,1335,560,158493.17237448672,119047.39854041874,0.4277887787693354,0.33515177382023964,0.6,0.6,0.010714285714285714,0.22366704766344422,0.41947565543071164,0.00749063670411985,0.205590510448002,1.0,0.021739130434782608,0.9005961625921001,0.4847222179174423,0.1388888955116272,0.700000011920929,0.48472222222222217,0.85,-0.0023176073606644572
[2002] HKCFI 44,10,1335,166,758882.493000738,833827.9552294075,0.7878073281462964,2.0115430098580633,0.0,0.0,0.0,0.0,0.12434456928838951,0.00749063670411985,0.05871796738815526,1.0,0.01953125,0.9228465445771257,0.7024999976158142,0.5,1.0,0.7025,1.0,-0.0665063486005482
[2002] HKCFI 446,10,1335,376,302113.53406461305,292360.8253961025,0.4530190931219124,0.5770143852162217,0.2,0.2,0.005319148936170213,0.06952084062769635,0.28164794007490634,0.00749063670411985,0.14192374179114703,1.0,0.025380710659898477,0.972629562008574,0.41805556416511536,0.3194444477558136,0.5,0.4180555555555555,0.735,-0.04246000391043228
[2002] HKCFI 478,10,1335,125,739993.0717339931,745512.6266716275,0.6935120254363876,1.2083811938051676,0.0,0.0,0.0,0.0,0.09363295880149813,0.00749063670411985,0.0455843447123493,1.0,0.03257328990228013,0.951388435150672,0.651388892531395,0.4583333432674408,0.38888889700174334,0.6513888888888888,0.6944444444444444,0.07848148664623346
[2002] HKCFI 542,10,1335,525,173199.09460395202,140644.18805431196,0.38956793350858876,0.38060260701776016,0.6,0.6,0.011428571428571429,0.295557168429382,0.39325842696629215,0.00749063670411985,0.20322813179500257,1.0,0.04201680672268908,0.9259342297868643,0.37430555522441866,0.1875,0.5800000175833702,0.37430555555555556,0.7633333333333333,0.04085216758302367
[2002] HKCFI 543,10,1335,525,232908.51414115913,206052.259274812,0.5238693005757604,0.6858283875233742,0.5,0.5,0.009523809523809525,0.23005170537642555,0.39325842696629215,0.00749063670411985,0.20322813179500257,1.0,0.03636363636363636,0.8919059247762902,0.2938888922333717,0.2222222238779068,1.0,0.2938888888888889,1.0,0.03910768299029044
[2002] HKCFI 553,10,1335,246,490491.9061339223,487534.33223193954,0.601766482709759,0.9136146895482353,0.0,0.0,0.0,0.0,0.1842696629213483,0.00749063670411985,0.09072770464328307,1.0,0.03861003861003861,0.8751200361326728,0.6055555611848831,0.2569444477558136,0.6900000005960465,0.6055555555555555,0.8333333333333333,0.00934395155323497
[2002] HKCFI 566,10,1335,264,470941.2476534196,475698.8999540773,0.5884801376249771,0.9092586918419192,0.2,0.2,0.007575757575757576,0.0016548435544909313,0.19775280898876405,0.00749063670411985,0.09721285050286206,1.0,0.02320185614849188,0.8626567739496517,0.47569444626569746,0.2291666716337204,0.8333333373069763,0.47569444444444436,0.9166666666666666,-0.0010131614044632691
[2002] HKCFI 619,10,1335,213,540737.8907413484,567111.2592424743,0.6081271473953003,1.018970719307533,0.1,0.1,0.004694835680751174,0.19899107195822774,0.15955056179775282,0.00749063670411985,0.07266736086937187,1.0,0.016778523489932886,0.9312803787058839,0.5131944388151168,0.3611111044883728,0.48000000715255736,0.5131944444444445,0.71,0.017646168976582787
[2002] HKCFI 626,10,1335,401,80984.25539368099,82524.66865868156,0.4203548668736457,0.5628899292209093,0.3,0.3,0.007481296758104738,0.12439930018657916,0.300374531835206,0.00749063670411985,0.1495549980204709,1.0,0.01953125,0.9917771969995706,0.6555555582046508,0.5416666865348816,1.0,0.6555555555555556,1.0,0.05827803618151314
[2002] HKCFI 690,10,1335,547,219923.1978548384,216062.35610130767,0.6183276095843617,0.8860501371339584,0.1,0.1,0.0018281535648994515,0.05847454970692089,0.40973782771535583,0.00749063670411985,0.2078140892520425,1.0,0.046296296296296294,0.9499279334588778,0.747222225368023,0.2291666716337204,0.7083333343267441,0.7472222222222222,0.8166666666666668,-0.059646718387410265
[2002] HKCFI 699,10,1335,560,136075.03714670567,123056.5720187171,0.3672800101725498,0.3216915109813403,0.6,0.6,0.010714285714285714,0.24135033235137818,0.41947565543071164,0.00749063670411985,0.205590510448002,1.0,0.034482758620689655,0.9102681629616654,0.502083332836628,0.2222222238779068,0.6500000149011612,0.5020833333333333,0.8166666666666667,-0.005217843025458608
[2002] HKCFI 709,10,1335,425,301805.2531881345,260604.6383737247,0.5091264293646685,0.4387577493380803,0.4,0.4,0.009411764705882352,0.12850104970723167,0.31835205992509363,0.00749063670411985,0.16834387932366066,1.0,0.02053388090349076,0.8738315393316866,0.31027777642011645,0.15625,0.5369047701358796,0.31027777777777776,0.7004166666666667,0.12721375198500154
[2002] HKCFI 758,10,1335,479,156525.3757230983,103102.27707615765,0.3017696432859732,0.20166531778976626,0.7,0.7,0.014613778705636743,0.45622124412280285,0.3588014981273408,0.00749063670411985,0.19300144864687863,1.0,0.032679738562091505,0.9070773782746651,0.5271825522184372,0.25,0.7766666769981384,0.5271825396825396,0.8883333333333334,0.05886588339114032
[2002] HKCFI 761,10,1335,425,367888.3448448821,345358.583891991,0.620604437587425,0.8737078230692914,0.0,0.0,0.0,0.0,0.31835205992509363,0.00749063670411985,0.16834387932366066,1.0,0.016129032258064516,0.9581241476482228,0.5131944507360459,0.375,1.0,0.5131944444444445,1.0,0.0032792926864280915
[2002] HKCFI 772,10,1335,509,149830.6922985189,151712.35683406072,0.5055098582504083,0.7031190897254485,0.3,0.3,0.005893909626719057,0.2053175827417792,0.38127340823970035,0.00749063670411985,0.19834835132754958,1.0,0.05847953216374269,1.0,0.0,0.0,1.0,0.1,1.0,0.0997186680771286
[2002] HKCFI 775,10,1335,468,220474.01016360475,222656.666965398,0.4132508348662161,0.5457522957748271,0.4,0.4,0.008547008547008548,0.2017419093303481,0.350561797752809,0.00749063670411985,0.18981929315498702,1.0,0.05555555555555555,0.8440078224285675,0.4100694477558136,0.15625,0.5500000104308128,0.4100694444444445,0.7183333333333333,0.0036339566083464434
[2002] HKCFI 784,10,1335,529,200549.12065089395,199532.01524750225,0.6151158532658458,0.8409149754446386,0.2,0.2,0.003780718336483932,0.009160505198308197,0.3962546816479401,0.00749063670411985,0.20255367928170182,1.0,0.031545741324921134,0.9320000177668569,0.31041666865348816,0.25,1.0,0.3104166666666667,1.0,-0.06155891594010952
[2002] HKCFI 794,10,1335,453,238705.8305000049,262790.4516978888,0.42387545529754317,0.6286116244598832,0.4,0.4,0.008830022075055188,0.1948006516638666,0.3393258426966292,0.00749063670411985,0.18032902609775603,1.0,0.02631578947368421,0.8657411558454988,0.4048611119389534,0.1944444477558136,0.8500000059604644,0.40486111111111106,0.9166666666666666,-0.0040165576958370855
[2002] HKCFI 795,10,1335,479,201315.89035631708,192053.174960698,0.38812252735362035,0.37179862910458805,0.6,0.6,0.012526096033402923,0.20117181997522926,0.3588014981273408,0.00749063670411985,0.19300144864687863,1.0,0.031055900621118012,0.9524034305873191,0.8204365044832229,0.3333333432674408,0.6261904835700989,0.8204365079365079,0.7964285714285715,-0.006212967282511515
[2002] HKCFI 816,10,1335,376,241510.78448900735,277681.3416170243,0.36214530046499804,0.5385334063540936,0.4,0.4,0.010638297872340425,0.23775925761527253,0.28164794007490634,0.00749063670411985,0.14192374179114703,1.0,0.029850746268656716,0.9018889901408373,0.5305555671453476,0.3333333432674408,0.8750000059604645,0.5305555555555554,0.9375,0.03455495103755385
[2002] HKCFI 833,10,1335,45,783048.3366322365,899649.6684204774,0.5283812649887795,0.8390090249215865,0.2,0.2,0.044444444444444446,0.30335180526048733,0.033707865168539325,0.00749063670411985,0.018018181444617035,1.0,0.02304147465437788,0.9119759575254026,0.4160879611968994,0.1388888955116272,0.5654762029647827,0.41608796296296297,0.7383333333333333,0.19605631035419926
[2002] HKCFI 838,10,1335,525,176377.39542347594,116988.22605182545,0.3967167242407912,0.2335498454749727,0.6,0.6,0.011428571428571429,0.4188100485749941,0.39325842696629215,0.00749063670411985,0.20322813179500257,1.0,0.040160642570281124,0.956272438002752,0.5268055632710457,0.2152777761220932,0.3404762014746666,0.5268055555555556,0.5316666666666666,0.024034158926580503
[2002] HKCFI 851,10,1335,425,235470.08387923017,227775.68066446242,0.39722318203951223,0.4849075927904849,0.4,0.4,0.009411764705882352,0.1565344174148575,0.31835205992509363,0.00749063670411985,0.16834387932366066,1.0,0.032679738562091505,0.9323038478748232,0.6805555611848831,0.25,0.7833333373069763,0.6805555555555555,0.875,0.06779545455102702
[2002] HKCFI 860,10,1335,425,194538.04129207655,161288.39777074315,0.328173407494967,0.31807191731690754,0.6,0.6,0.01411764705882353,0.36344783624847404,0.31835205992509363,0.00749063670411985,0.16834387932366066,1.0,0.02610966057441253,0.9260746909289167,0.4677083283662796,0.15625,0.7416666746139526,0.4677083333333333,0.8625,0.05955283296912092
[2002] HKCFI 885,10,1335,307,141930.29684726082,44712.9764750934,0.19154196817765473,0.06167344880666992,0.8,0.8,0.026058631921824105,0.6860874079190127,0.2299625468164794,0.00749063670411985,0.11426449672141188,1.0,0.023980815347721823,0.953396640137494,0.56875,0.3645833432674408,0.6008730232715607,0.5687499999999999,0.7666666666666668,0.1523605941775691
[2002] HKCFI 914,10,1335,509,117823.26252593519,113298.84748571126,0.3975208271708354,0.40942409945956015,0.5,0.5,0.009823182711198428,0.29345311907435956,0.38127340823970035,0.00749063670411985,0.19834835132754958,1.0,0.040983606557377046,0.8895852553009982,0.500347226858139,0.25,0.7333333373069764,0.5003472222222223,0.8666666666666666,0.025971090340553747
[2002] HKCFI 915,10,1335,380,102759.09355960292,65676.83740922852,0.5778270351061757,0.39260398156141907,0.6,0.6,0.015789473684210527,0.228742782417195,0.2846441947565543,0.00749063670411985,0.1389061544794618,1.0,0.027855153203342618,0.9594468469241836,0.8000000029802322,0.4583333432674408,0.85,0.8,0.925,0.028711932000976242
[2002] HKCFI 921,10,1335,442,290610.9154955788,348050.2144473245,1.3073127670041353,0.9422159517386799,0.1,0.1,0.0022624434389140274,0.06368920861876558,0.3310861423220974,0.00749063670411985,0.1665459565633194,1.0,0.0211864406779661,0.9575313945836802,0.5980555549263954,0.17499999701976776,0.6350000083446503,0.5980555555555556,0.7791666666666666,-0.10939240279624181
[2002] HKCFI 958,10,1335,529,79122.6039355198,71517.4877979382,0.24268153295538228,0.21302194884428616,0.7,0.7,0.013232514177693762,0.5689717966172688,0.3962546816479401,0.00749063670411985,0.20255367928170182,1.0,0.01953125,0.9942149954975786,0.9416666626930237,0.75,0.75,0.9416666666666667,0.875,0.02912111579552995
[2002] HKCFI 982,10,1335,66,402270.9927558893,265090.36169634765,0.3016025761503115,0.21928252826725458,0.7,0.7,0.10606060606060606,0.5119983090873927,0.04943820224719101,0.00749063670411985,0.024916348091995933,1.0,0.023696682464454975,0.8892420813223207,0.5708086937665939,0.3888888955116272,0.5094444513320923,0.570808682058682,0.6848214285714286,0.20193351449196792
[2002] HKCFI 996,10,1335,376,362420.09063257114,390663.90712414694,0.5434487445121039,0.8840802128479899,0.2,0.2,0.005319148936170213,0.09608603527511371,0.28164794007490634,0.00749063670411985,0.14192374179114703,1.0,0.05917159763313609,0.9347230305630363,0.7416666686534882,0.5416666865348816,0.30261905044317244,0.7416666666666667,0.45999999999999996,-0.05238653568681853
[2002] HKDC 104,10,1335,509,205023.90178209677,192041.52249134946,0.6917247857422995,0.8488971035915043,0.1,0.1,0.0019646365422396855,0.14085784878666557,0.38127340823970035,0.00749063670411985,0.19834835132754958,1.0,0.072992700729927,0.96077381694112,0.7479166686534882,0.5625,0.3392857164144516,0.7479166666666666,0.5433333333333333,-0.05543415952178575
[2002] HKDC 11,10,1335,380,114062.40026220863,57153.2512393009,0.6413869203933505,0.3877386546490058,0.6,0.6,0.015789473684210527,0.19577701931827637,0.2846441947565543,0.00749063670411985,0.1389061544794618,1.0,0.017543859649122806,0.8215279578615567,0.27152777910232545,0.1875,1.0,0.27152777777777776,1.0,-0.06641858701048439
[2002] HKDC 113,10,1335,338,171986.92700144957,158226.55181108354,1.1605243993160876,0.8071499859229796,0.2,0.2,0.005917159763313609,0.12879563372711564,0.2531835205992509,0.00749063670411985,0.1254347987214266,1.0,0.02247191011235955,0.8549604098796091,0.3895833343267441,0.1944444477558136,0.95,0.3895833333333333,0.975,-0.08969997966670062
[2002] HKDC 130,10,1335,492,161084.39473444535,122450.94360784668,0.6038649232037018,0.3721905526962619,0.5,0.5,0.01016260162601626,0.253501585992224,0.3685393258426966,0.00749063670411985,0.19190755227155284,1.0,0.019417475728155338,0.9045331449511023,0.45694444328546524,0.1666666716337204,0.8666666686534882,0.4569444444444445,0.9333333333333333,-0.12921591802043814
[2002] HKDC 193,10,1335,442,113491.7725189325,64188.10538046136,0.510542568268351,0.24480833491198695,0.6,0.6,0.013574660633484163,0.38128982537756134,0.3310861423220974,0.00749063670411985,0.1665459565633194,1.0,0.03663003663003663,0.9455969813137718,0.6458333283662796,0.3333333432674408,0.7100000023841858,0.6458333333333333,0.85,0.012149719465336
[2002] HKDC 204,10,1335,479,137713.84851524062,120458.69993636536,0.2655023746149684,0.24984116263400757,0.8,0.8,0.016701461377870562,0.43248513360344487,0.3588014981273408,0.00749063670411985,0.19300144864687863,1.0,0.012300123001230012,0.8572733512253893,0.3121527791023254,0.2569444477558136,1.0,0.3121527777777778,1.0,0.07317006610569984
[2002] HKDC 34,10,1335,442,86119.90642542756,82463.85329728459,0.3874102697456171,0.38516979603813883,0.5,0.5,0.011312217194570135,0.20858424450949373,0.3310861423220974,0.00749063670411985,0.1665459565633194,1.0,0.021739130434782608,0.9695538740075121,0.48125,0.375,1.0,0.48125,1.0,0.03357488238266368
[2003] HKCFI 1038,10,1335,411,259056.27049948246,208565.7955003323,0.4230085498020829,0.41841914831699967,0.5,0.5,0.012165450121654502,0.1554911579362896,0.30786516853932583,0.00749063670411985,0.161823100019523,1.0,0.026041666666666668,0.9334258644024858,0.5408333241939545,0.3333333432674408,0.6504762053489686,0.5408333333333333,0.7983333333333335,0.09174395078744955
[2003] HKCFI 1047,10,1335,557,109988.26306403242,85528.15261187166,0.28735672332044504,0.2528999682310058,0.7,0.7,0.012567324955116697,0.3523461943241123,0.41722846441947564,0.00749063670411985,0.20583230187312998,1.0,0.019342359767891684,0.8729105481359796,0.5488095313310624,0.3333333432674408,0.95,0.5488095238095237,0.975,0.015013497967357617
[2003] HKCFI 112,10,1335,559,118563.96091228703,111685.87641866328,0.32266843716744786,0.3103260357998838,0.5,0.5,0.008944543828264758,0.5033994846980048,0.41872659176029964,0.00749063670411985,0.20768987667568184,1.0,0.014792899408284023,0.8731693794859522,0.40229167491197587,0.1388888955116272,0.800000011920929,0.4022916666666667,0.9,0.0436610244685257
[2003] HKCFI 147,10,1335,166,554538.8959195382,604233.3130408314,0.5749187752633567,0.9860354607512596,0.2,0.2,0.012048192771084338,0.06545177897582742,0.12434456928838951,0.00749063670411985,0.058426726125712765,1.0,0.02262443438914027,0.8911158406297109,0.3095734141767025,0.1190476194024086,0.5608333468437194,0.3095734126984127,0.7202380952380952,0.17528843892633775
[2003] HKCFI 176,10,1335,97,532120.161264248,465657.880917557,0.43883328432589386,0.4846670006339213,0.4,0.4,0.041237113402061855,0.2829031819161649,0.07265917602996255,0.00749063670411985,0.03143303508399198,1.0,0.02544529262086514,0.8880082945008475,0.3843402788043022,0.2083333283662796,0.46428572535514834,0.3843402777777778,0.6491666666666667,0.027753631564128623
[2003] HKCFI 20,10,1335,365,342811.35353488417,418560.833896038,0.5088825374954772,0.9721437384753271,0.4,0.4,0.010958904109589041,0.21811560054686538,0.27340823970037453,0.00749063670411985,0.1394683008233482,1.0,0.056818181818181816,0.6769165839331185,0.2409722238779068,0.125,0.5950000122189522,0.24097222222222223,0.7625,0.04230114521950064
[2003] HKCFI 238,10,1335,452,73518.51557332285,67334.17124565468,0.3201256684123667,0.3504245413893363,0.5,0.5,0.011061946902654867,0.25476083951914086,0.33857677902621724,0.00749063670411985,0.17204189185196334,1.0,0.02564102564102564,0.7925794489738877,0.461111119389534,0.3333333432674408,0.9,0.4611111111111111,0.95,0.04255303529864317
[2003] HKCFI 270,10,1335,518,156749.3444235448,120396.09191104985,0.34127109521642635,0.23253474647094574,0.7,0.7,0.013513513513513514,0.3127117159357848,0.3880149812734082,0.00749063670411985,0.20306669277356004,1.0,0.019305019305019305,0.9384461278446823,0.5247916668653488,0.2604166567325592,0.5975000083446502,0.5247916666666667,0.7739285714285715,0.09264610287420708
[2003] HKCFI 278,10,1335,557,365543.4177445533,247384.34025084588,0.9550233436569411,0.7806844406103055,0.3,0.3,0.005385996409335727,0.14065569145391008,0.41722846441947564,0.00749063670411985,0.20583230187312998,1.0,0.02320185614849188,0.9305330127973277,0.5569444447755814,0.3194444477558136,0.61714286506176,0.5569444444444444,0.7794047619047618,-0.018531481322087748
[2003] HKCFI 298,10,1335,137,115045.92924804564,120993.42735164614,1.5028522289159119,0.9476122850033653,0.3,0.3,0.021897810218978103,0.28777466351815306,0.10262172284644194,0.00749063670411985,0.05036622015263982,1.0,0.026595744680851064,0.9551787512938481,0.8749999940395355,0.6666666865348816,0.35333333909511566,0.875,0.6041666666666667,0.014623830210650699
[2003] HKCFI 407,10,1335,519,64110.07635596585,37861.10814561759,0.20936849260394252,0.11657759336422835,0.8,0.8,0.015414258188824663,0.5718606213209199,0.3887640449438202,0.00749063670411985,0.1998294901440342,1.0,0.02976190476190476,0.9030618087679562,0.6041666686534881,0.3333333432674408,0.933333334326744,0.6041666666666666,0.9666666666666666,0.0377102454518488
[2003] HKCFI 488,10,1335,411,274143.7495617062,196988.37511576142,0.44764463610864197,0.3196941187554154,0.6,0.6,0.014598540145985401,0.2706225900801714,0.30786516853932583,0.00749063670411985,0.161823100019523,1.0,0.056179775280898875,0.9414496530227441,0.6770833402872085,0.375,0.3785714372992516,0.6770833333333334,0.55,-0.03930836971690094
[2003] HKCFI 489,10,1335,465,172031.4914863653,106342.55953630985,0.3210368888741694,0.17964323151206596,0.6,0.6,0.012903225806451613,0.45921894498615395,0.34831460674157305,0.00749063670411985,0.1889493771450163,1.0,0.026041666666666668,0.9887301850255437,0.8388889074325562,0.7777777910232544,0.3219047665596008,0.8388888888888889,0.5134523809523809,-0.0066053898809498085
[2003] HKCFI 556,10,1335,527,102602.34054815327,38275.86206896551,0.2978446322218664,0.11778303565638382,0.7,0.7,0.013282732447817837,0.42787448576287873,0.3947565543071161,0.00749063670411985,0.20473037194382493,1.0,0.029069767441860465,0.9531893377810694,0.48749999701976776,0.25,1.0,0.4875,1.0,0.027663433433988586
[2003] HKCFI 557,10,1335,465,188140.14599753133,202905.3944924493,0.35109808455137764,0.47699358639552614,0.4,0.4,0.008602150537634409,0.20023417322065046,0.34831460674157305,0.00749063670411985,0.1889493771450163,1.0,0.0423728813559322,0.9640847726687936,0.8499999970197678,0.3333333432674408,0.6500000119209289,0.85,0.7916666666666666,0.021404411069480024
[2003] HKCFI 707,10,1335,518,215262.54342201306,253700.44897712438,0.46866469663951804,0.7030447249044895,0.4,0.4,0.007722007722007722,0.25487227152613595,0.3880149812734082,0.00749063670411985,0.20306669277356004,1.0,0.018281535648994516,0.8774090423847344,0.4486111119389534,0.1666666716337204,0.8416666746139526,0.4486111111111112,0.9208333333333334,-0.004803525798080907
[2003] HKCFI 72,10,1335,352,408984.05485082977,423476.5352708821,0.5936205000337369,0.9542495773003301,0.1,0.1,0.002840909090909091,0.06270179817013771,0.2636704119850187,0.00749063670411985,0.13242618399313683,1.0,0.02444987775061125,0.9543801246863235,0.46527777910232543,0.375,1.0,0.4652777777777778,1.0,-0.047084615036450624
[2003] HKCFI 732,10,1335,188,642165.9434067715,676628.4038929723,0.6990545179728367,1.3440117781629883,0.1,0.1,0.005319148936170213,0.0048626093969632135,0.14082397003745317,0.00749063670411985,0.0660379906517684,1.0,0.02518891687657431,0.993565023352394,0.5252777695655823,0.42500001192092896,0.55,0.5252777777777778,0.775,-0.048835651359899306
[2003] HKCFI 811,10,1335,519,142739.40399775733,154285.89058000827,0.4661534590016849,0.6333481809669994,0.4,0.4,0.007707129094412331,0.17275236058919863,0.3887640449438202,0.00749063670411985,0.1998294901440342,1.0,0.02967359050445104,0.8832757426617983,0.6458333343267441,0.3333333432674408,0.85,0.6458333333333333,0.925,0.0366963297494481
[2003] HKCFI 837,10,1335,12,1120849.0033667344,1002562.6860769801,0.4880573738383678,0.49668489566219787,0.4,0.4,0.3333333333333333,0.2394138790807499,0.008988764044943821,0.00749063670411985,0.006697700421316473,1.0,0.02932551319648094,0.8369663725189191,0.4026641443371773,0.2083333283662796,0.5227195173501968,0.4026641414141414,0.6879274891774891,0.15196395646457758
[2003] HKCFI 839,10,1335,527,70419.26345112946,70331.10310516381,0.20442028429256806,0.2283883606467212,0.8,0.8,0.015180265654648957,0.5978135743924251,0.3947565543071161,0.00749063670411985,0.20473037194382493,1.0,0.01953125,0.9812788130835729,0.9083333253860474,0.75,0.7833333373069763,0.9083333333333332,0.8916666666666666,0.021156019823754816
[2003] HKCFI 866,10,1335,557,276187.58391447226,278771.19746649056,0.7215711651819544,1.2099847909041177,0.2,0.2,0.003590664272890485,0.20979118952125111,0.41722846441947564,0.00749063670411985,0.20583230187312998,1.0,0.04032258064516129,0.9435956956406658,0.6654861196875572,0.20000000298023224,0.3366666719317436,0.6654861111111111,0.5291666666666666,-0.01124552708444595
[2003] HKCFI 872,10,1335,459,140378.89570837474,85217.07694681577,0.2546914399113406,0.16895216725575413,0.7,0.7,0.015250544662309368,0.43854868108792755,0.3438202247191011,0.00749063670411985,0.18445182859779702,1.0,0.02564102564102564,0.8530190794933444,0.3525694504380226,0.21111111342906952,0.4750000089406967,0.35256944444444444,0.6666666666666666,0.05856380167931865
[2003] HKCFI 892,10,1335,352,258778.29809652962,179443.82647385975,0.37560413637634427,0.3021901012090069,0.6,0.6,0.017045454545454544,0.42738953464111745,0.2636704119850187,0.00749063670411985,0.13242618399313683,1.0,0.024390243902439025,0.8968174353532149,0.527083334326744,0.3472222089767456,0.5783333450555801,0.5270833333333333,0.73625,0.15899853617665466
[2003] HKCFI 893,10,1335,352,675045.957818496,290179.59058131976,0.9797964352720914,0.5070408434761209,0.4,0.4,0.011363636363636364,0.3373596851965612,0.2636704119850187,0.00749063670411985,0.13242618399313683,1.0,0.023094688221709007,0.9117053433400532,0.5631827235221862,0.3375000059604645,0.5376190602779388,0.5631827200577201,0.71,0.14484769290197372
[2003] HKCFI 958,10,1335,352,341388.4577139519,325875.117652092,0.49550877245768793,0.6204652406448865,0.2,0.2,0.005681818181818182,0.0157489743611859,0.2636704119850187,0.00749063670411985,0.13242618399313683,1.0,0.02079002079002079,0.9513344573163391,0.5432291835546493,0.1944444477558136,0.3916666716337204,0.5432291666666667,0.5833333333333333,-0.07034999107710799
[2003] HKCFI 962,10,1335,91,645719.0699113647,755764.1576082685,0.5271918082046615,0.9600376114928375,0.2,0.2,0.02197802197802198,0.1128922973519501,0.06816479400749063,0.00749063670411985,0.03053356732040258,1.0,0.018018018018018018,0.9054921328025838,0.4182291716337204,0.3194444477558136,0.5541666746139526,0.4182291666666667,0.7094047619047619,0.16312301153647438
[2003] HKCFI 982,10,1335,518,191080.2290867577,184672.22015273845,0.41601551377747537,0.5143729627777471,0.3,0.3,0.005791505791505791,0.14988190772741486,0.3880149812734082,0.00749063670411985,0.20306669277356004,1.0,0.014577259475218658,0.905472577834517,0.469328710436821,0.2118055522441864,0.6600000113248825,0.4693287037037037,0.8216666666666667,0.03691305647981352
[2003] HKCFI 990,10,1335,539,99039.27033431504,61016.22718052741,0.23102789894587644,0.1330717281714744,0.9,0.9,0.016697588126159554,0.5672640306089701,0.4037453183520599,0.00749063670411985,0.20493528406784992,1.0,0.0196078431372549,0.945482242237158,0.6166666686534882,0.25,0.8000000059604645,0.6166666666666667,0.9,0.05944378707132074
[2003] HKDC 107,10,1335,510,188503.86256860863,148147.90213167496,0.6840105123235298,0.423017319780862,0.5,0.5,0.00980392156862745,0.24762275582581278,0.38202247191011235,0.00749063670411985,0.1943939516807387,1.0,0.05747126436781609,0.8867135869508104,0.4605555564165115,0.25,0.41000000685453414,0.4605555555555555,0.595,0.028734552467490602
[2003] HKDC 126,10,1335,519,169168.63166083873,161244.91684503952,0.5524651259194057,0.5075303109751408,0.4,0.4,0.007707129094412331,0.11162577202642926,0.3887640449438202,0.00749063670411985,0.1998294901440342,1.0,0.022026431718061675,0.9743289211445921,0.800000011920929,0.6388888955116272,0.600000011920929,0.8,0.7741666666666667,0.022780201474339012
[2003] HKDC 147,10,1335,12,291329.7199086454,317274.9012490658,10.873310009460381,2.552694078982796,0.1,0.1,0.08333333333333333,0.07327872134834652,0.008988764044943821,0.00749063670411985,0.006254960076688588,1.0,0.03663003663003663,0.9191139039406724,0.41138889640569687,0.2222222238779068,0.95,0.4113888888888888,0.975,0.0006147034305949245
[2003] HKDC 161,10,1335,6,301836.38573493937,338298.27521218656,24.643173384890886,3.353339672210641,0.1,0.1,0.16666666666666666,0.08469587118891604,0.0044943820224719105,0.00749063670411985,0.005720926854960432,1.0,0.018018018018018018,0.8997202862791764,0.4692361161112785,0.2395833283662796,0.95,0.4692361111111111,0.975,0.06984115647004831
[2003] HKDC 191,10,1335,247,135184.5647903934,92583.09722894063,1.1772829966730955,0.7475545558229024,0.2,0.2,0.008097165991902834,0.04348239523651304,0.1850187265917603,0.00749063670411985,0.10069938391415272,1.0,0.02512562814070352,0.9525017662830102,0.5272222310304642,0.30000001192092896,0.5333333373069763,0.5272222222222221,0.7333333333333333,0.03105216952542873
[2003] HKDC 56,10,1335,352,93772.92727816406,89810.38070810295,0.588923876270521,0.4581453659370771,0.5,0.5,0.014204545454545454,0.20495277605741324,0.2636704119850187,0.00749063670411985,0.13259005584702105,1.0,0.04950495049504951,0.9456705207353623,0.5868055522441864,0.25,0.5733333379030228,0.5868055555555556,0.7533333333333333,-0.004703546951166419
[2003] HKDC 64,10,1335,519,114115.15781611584,101548.35946899404,0.37267337575082876,0.4030408497618243,0.5,0.5,0.009633911368015413,0.2552820132403807,0.3887640449438202,0.00749063670411985,0.1998294901440342,1.0,0.053763440860215055,0.9928788008819641,0.975,0.75,0.16666666865348817,0.975,0.24166666666666664,0.032289109544778656
[2003] HKDC 82,10,1335,510,154235.56298294786,123875.65078750362,0.5596635793925786,0.514340315729533,0.4,0.4,0.00784313725490196,0.2136754559834411,0.38202247191011235,0.00749063670411985,0.1943939516807387,1.0,0.027548209366391185,0.8917850281441134,0.3815972223877907,0.1666666716337204,0.5995238184928894,0.3815972222222222,0.7616666666666667,-0.13728267352308654
[2003] HKDC 87,10,1335,266,170464.96372414468,104496.13319989084,1.3917466069820372,0.6163661892034629,0.3,0.3,0.011278195488721804,0.2289583325607422,0.199250936329588,0.00749063670411985,0.10870934308150788,1.0,0.043668122270742356,0.9051092482255528,0.29871031939983367,0.125,0.7833333343267441,0.29871031746031745,0.8916666666666666,-0.006795747568831471
[2004] HKCFI 1017,10,1335,415,317331.38714732893,334715.12647566496,0.5174502799429417,0.7892104669644446,0.1,0.1,0.0024096385542168677,0.01752815268902857,0.31086142322097376,0.00749063670411985,0.16138125583206447,1.0,0.023696682464454975,0.9114048285411608,0.6527777880430221,0.3333333432674408,0.5117857187986374,0.6527777777777777,0.6864285714285715,-0.017560755347282013
[2004] HKCFI 1055,10,1335,188,542254.0449800738,486905.7148056631,0.5894773702185787,0.6371264819351588,0.1,0.1,0.005319148936170213,0.0026173853067621364,0.14082397003745317,0.00749063670411985,0.06574312977440104,1.0,0.016051364365971106,0.7498933159906035,0.38659722805023194,0.2430555522441864,0.48115080296993257,0.38659722222222226,0.6820833333333334,0.14955921186493656
[2004] HKCFI 1059,10,1335,465,253700.13888999214,288980.5150604118,0.4727899628220188,0.7398633723302481,0.3,0.3,0.0064516129032258064,0.3060075664802627,0.34831460674157305,0.00749063670411985,0.18866027415502395,1.0,0.03367003367003367,0.930112684506737,0.5854166597127914,0.3541666567325592,0.37952381670475005,0.5854166666666666,0.5466666666666666,-0.01183254704842577
[2004] HKCFI 1107,10,1335,297,362546.8241432564,393003.89323397237,0.4729439651886803,0.7225145216054116,0.3,0.3,0.010101010101010102,0.08453403431451967,0.22247191011235956,0.00749063670411985,0.10413770912720523,1.0,0.02518891687657431,0.7850686913409277,0.37374999970197675,0.21875,0.5403571575880051,0.37375,0.7157142857142857,0.15092683643795896
[2004] HKCFI 1131,10,1335,463,128428.79832982233,138486.84258108982,0.5235498310292306,0.4610574300800723,0.3,0.3,0.0064794816414686825,0.2569249099049056,0.34681647940074906,0.00749063670411985,0.18218494090824622,1.0,0.01953125,0.9133493508335142,0.6395833313465118,0.4583333432674408,0.8833333373069763,0.6395833333333333,0.9416666666666667,0.019234352984101342
[2004] HKCFI 1152,10,1335,434,173393.16156577575,195405.74639871204,0.3015895470837757,0.4155011168482101,0.5,0.5,0.01152073732718894,0.38412770245507044,0.3250936329588015,0.00749063670411985,0.17603491258101142,1.0,0.04807692307692308,0.9744387610892512,0.8583333313465118,0.75,0.5133333414793014,0.8583333333333332,0.7,0.0309660428559389
[2004] HKCFI 139,10,1335,465,217998.28929265606,160203.24419987877,0.40625678622363715,0.3574255055721629,0.5,0.5,0.010752688172043012,0.30128958671348105,0.34831460674157305,0.00749063670411985,0.18866027415502395,1.0,0.025839793281653745,0.9625236571109735,0.9013888835906982,0.8055555820465088,0.1316666692495346,0.9013888888888889,0.2533333333333333,-0.006876561521628981
[2004] HKCFI 190,10,1335,297,366470.79775147384,382889.4167351698,0.47806280643615695,0.6921101943603807,0.2,0.2,0.006734006734006734,0.05321380390003653,0.22247191011235956,0.00749063670411985,0.10413770912720523,1.0,0.040983606557377046,0.8906283242771807,0.4958333373069763,0.3958333432674408,0.22333333641290665,0.4958333333333333,0.3583333333333333,0.08295205339973219
[2004] HKCFI 193,10,1335,415,263201.3454656407,256186.04712663087,0.4291841759394682,0.5415532561670355,0.3,0.3,0.007228915662650603,0.10971216394989897,0.31086142322097376,0.00749063670411985,0.16138125583206447,1.0,0.017064846416382253,0.9908083844398591,0.3663194477558136,0.2777777910232544,1.0,0.3663194444444444,1.0,0.0684399951322489
[2004] HKCFI 222,10,1335,557,213448.33995845114,198824.4852623568,0.5568886419096166,0.5599233099329384,0.3,0.3,0.005385996409335727,0.18434041889100278,0.41722846441947564,0.00749063670411985,0.20559620347341728,1.0,0.023474178403755867,0.9352186900312746,0.4887499988079071,0.26249998807907104,0.4728571563959122,0.48875,0.6499999999999999,-0.02045340006308616
[2004] HKCFI 241,10,1335,510,100017.65440646827,56044.63518870088,0.3624263352867018,0.22709458998448362,0.6,0.6,0.011764705882352941,0.5310224292757668,0.38202247191011235,0.00749063670411985,0.19410459590750453,1.0,0.027624309392265192,0.9800451676202921,0.5979166567325592,0.4375,1.0,0.5979166666666667,1.0,0.03952899982760296
[2004] HKCFI 300,10,1335,557,178349.41430502463,139726.61886177346,0.46531522867328945,0.4570522198993858,0.5,0.5,0.008976660682226212,0.18938753206108883,0.41722846441947564,0.00749063670411985,0.20559620347341728,1.0,0.028011204481792718,0.949625978709352,0.48402778804302216,0.3333333432674408,1.0,0.48402777777777767,1.0,-0.007480760693664318
[2004] HKCFI 448,10,1335,557,188325.17237159534,196858.92221341463,0.49134207134066676,0.7223883786595575,0.3,0.3,0.005385996409335727,0.2446534947281999,0.41722846441947564,0.00749063670411985,0.20559620347341728,1.0,0.019569471624266144,0.9959221049784802,0.9416666626930237,0.75,1.0,0.9416666666666667,1.0,-0.0027266344467993817
[2004] HKCFI 461,10,1335,538,221410.16133296653,159370.2424715012,0.5157688442891498,0.3737679832644858,0.5,0.5,0.00929368029739777,0.4130638643054945,0.40299625468164796,0.00749063670411985,0.20481709363660813,1.0,0.043478260869565216,0.945606231285168,0.7520833283662796,0.25,0.2859523892402649,0.7520833333333333,0.43166666666666664,0.0016543219288668246
[2004] HKCFI 462,10,1335,138,171672.43027950116,211338.53168613592,2.2394745859884475,1.3235448391207685,0.0,0.0,0.0,0.0,0.10337078651685393,0.00749063670411985,0.05048234306549629,1.0,0.028011204481792718,0.9753086403097255,0.3777777820825577,0.3194444477558136,1.0,0.37777777777777777,1.0,-0.023816363939226766
[2004] HKCFI 463,10,1335,557,165151.14216605408,155800.3977583974,0.43088081775936277,0.3408421052619426,0.8,0.8,0.01436265709156194,0.3060141196468395,0.41722846441947564,0.00749063670411985,0.20559620347341728,1.0,0.038314176245210725,0.8270435986900712,0.47159722447395325,0.1041666641831398,0.7333333343267441,0.4715972222222223,0.8666666666666666,-0.001788253871907375
[2004] HKCFI 464,10,1335,217,513749.3752795823,546406.3334468079,0.587884538805781,0.9836227151152572,0.2,0.2,0.009216589861751152,0.14758599911550097,0.16254681647940075,0.00749063670411985,0.07734363424998968,1.0,0.03636363636363636,0.9475412967284803,0.6444444388151169,0.1944444477558136,0.5166666746139527,0.6444444444444445,0.7,0.03286355000859925
[2004] HKCFI 465,10,1335,557,182862.18876920405,183997.09788341742,0.4770890979059595,0.6834575234249316,0.4,0.4,0.00718132854578097,0.13638614598259632,0.41722846441947564,0.00749063670411985,0.20559620347341728,1.0,0.021367521367521368,0.9400394249577445,0.4118055567145348,0.1388888955116272,0.95,0.41180555555555565,0.975,-0.026877825200015124
[2004] HKCFI 659,10,1335,524,141574.7992372661,152622.06240908068,0.46171240832333627,0.5554212449392262,0.5,0.5,0.009541984732824428,0.16770736139899994,0.39250936329588015,0.00749063670411985,0.19986073366422286,1.0,0.02564102564102564,0.9948621368397086,0.8298611223697663,0.7777777910232544,0.0,0.829861111111111,0.3,0.01842850809617345
[2004] HKCFI 678,10,1335,524,140782.61039050735,161580.90946178956,0.45912887352579884,0.7488364363965152,0.4,0.4,0.007633587786259542,0.14751801045895016,0.39250936329588015,0.00749063670411985,0.19986073366422286,1.0,0.01876172607879925,0.9692404754788183,0.4930555522441864,0.3333333432674408,1.0,0.4930555555555555,1.0,0.02231253243417024
[2004] HKCFI 688,10,1335,415,262845.48928894365,259144.84952287737,0.4286039059576468,0.44773587312676266,0.4,0.4,0.00963855421686747,0.10279507509730447,0.31086142322097376,0.00749063670411985,0.16138125583206447,1.0,0.019455252918287938,0.873259807798607,0.5029861152172088,0.3333333432674408,0.4655952453613281,0.5029861111111111,0.6701190476190477,0.10414211110389889
[2004] HKCFI 74,10,1335,518,293358.7453970993,288686.07942878734,0.6378130080105101,0.9367345654820953,0.3,0.3,0.005791505791505791,0.11620675404439439,0.3880149812734082,0.00749063670411985,0.203317257497716,1.0,0.03690036900369004,0.9310618752146064,0.6416666716337204,0.375,0.5883333414793015,0.6416666666666666,0.7491666666666666,0.011475024871344972
[2004] HKCFI 75,10,1335,465,234863.1294920048,287813.91260673024,0.4376857290919215,0.7687528211357959,0.4,0.4,0.008602150537634409,0.13271421838237657,0.34831460674157305,0.00749063670411985,0.18866027415502395,1.0,0.019011406844106463,0.9636072585839642,0.8041666656732559,0.4583333432674408,0.8166666746139526,0.8041666666666666,0.9083333333333334,-0.009764304817743114
[2004] HKCFI 752,10,1335,557,228260.08449851358,252434.67413664813,0.5955326168537796,0.5843224753627378,0.3,0.3,0.005385996409335727,0.15714628505413464,0.41722846441947564,0.00749063670411985,0.20559620347341728,1.0,0.9090909090909091,1.0,0.0,0.0,0.7333333492279053,0.0,0.8666666666666666,0.03069206279196908
[2004] HKCFI 760,10,1335,91,435008.042154495,237145.3750022882,0.35466871905389014,0.19569607518453225,0.7,0.7,0.07692307692307693,0.5573796823857976,0.06816479400749063,0.00749063670411985,0.03043889799814211,1.0,0.02386634844868735,0.9624014788589379,0.6424834668636322,0.4196428656578064,0.5236652284860611,0.6424834656084657,0.69625,0.16865061960711714
[2004] HKCFI 762,10,1335,415,330281.84142487217,415069.59907374106,0.5385676873684853,1.1305711245557974,0.2,0.2,0.004819277108433735,0.13471267180779198,0.31086142322097376,0.00749063670411985,0.16138125583206447,1.0,0.040983606557377046,0.8226582740985202,0.4659722149372101,0.18958333134651184,0.6500000089406968,0.46597222222222223,0.8083333333333333,0.0021361367180721875
[2004] HKCFI 765,10,1335,246,371815.29393361567,354326.11305055756,0.44910622757413704,0.4496851761620402,0.4,0.4,0.016260162601626018,0.13013715043204338,0.1842696629213483,0.00749063670411985,0.08686794176931323,1.0,0.05319148936170213,0.9206811153408213,0.41069444119930265,0.1388888955116272,0.40853175073862075,0.4106944444444444,0.5900000000000001,0.041706908536972204
[2004] HKCFI 782,10,1335,7,1717170.7930809192,1786149.4884523747,0.5600142586444079,0.8743730096117144,0.1,0.1,0.14285714285714285,0.1685446674385663,0.0052434456928838954,0.00749063670411985,0.005633113372825539,1.0,0.016051364365971106,0.9659211557516687,0.5722468763589859,0.3898809552192688,0.43980159163475036,0.5722468734968735,0.6101190476190477,0.07932251555068205
[2004] HKCFI 785,10,1335,465,331942.0785789552,355527.5506674279,0.6185999096297646,1.0873780503210773,0.1,0.1,0.002150537634408602,0.12778950966204858,0.34831460674157305,0.00749063670411985,0.18866027415502395,1.0,0.02849002849002849,0.8846485901001344,0.6104166656732559,0.2986111044883728,0.7833333343267441,0.6104166666666666,0.875,-0.016466870204893132
[2004] HKCFI 852,10,1335,297,347226.50353558076,402907.7582486667,0.4529585379455144,0.7465949593282799,0.4,0.4,0.013468013468013467,0.16985685081628019,0.22247191011235956,0.00749063670411985,0.10413770912720523,1.0,0.015432098765432098,0.9088837406232363,0.43666666746139526,0.2708333432674408,0.5886904865503311,0.43666666666666665,0.7473809523809524,0.12143109384949387
[2004] HKCFI 87,10,1335,517,112060.67649993666,93157.83269812581,0.332235584709067,0.30932981917306,0.8,0.8,0.015473887814313346,0.2794051736263841,0.3872659176029963,0.00749063670411985,0.20380825046943726,1.0,0.02109704641350211,0.9315639403773331,0.5563657492399215,0.2361111044883728,0.4466666728258133,0.5563657407407409,0.6216666666666667,-0.015602234874177818
[2004] HKCFI 907,10,1335,524,180342.9475890397,200560.8026146422,0.5881454687138051,0.8473847920038526,0.2,0.2,0.003816793893129771,0.11986144195687459,0.39250936329588015,0.00749063670411985,0.19986073366422286,1.0,0.024630541871921183,0.9869916908559312,0.3694444477558136,0.3333333432674408,1.0,0.36944444444444446,1.0,-0.03977065785177055
[2004] HKCFI 970,10,1335,297,269026.95168957976,364730.3233402771,0.3509468703121725,0.6474719594820382,0.4,0.4,0.013468013468013467,0.4547319710987492,0.22247191011235956,0.00749063670411985,0.10413770912720523,1.0,0.024096385542168676,0.9518324507987813,0.7251041650772094,0.5208333134651184,0.5099206417798996,0.7251041666666667,0.6884523809523809,0.1493285920299441
[2004] HKCFI 985,10,1335,309,308998.2302245595,306026.3148828773,0.4198849825123519,0.5426945220055623,0.4,0.4,0.012944983818770227,0.21043833632929967,0.23146067415730337,0.00749063670411985,0.11587122720228286,1.0,0.017094017094017096,0.8705594262162348,0.3683333367109299,0.1944444477558136,0.9166666686534881,0.3683333333333333,0.9583333333333334,0.06152769427817107
[2004] HKDC 115,10,1335,352,355268.1297010938,343888.935232349,2.317244377509837,1.1728763599605259,0.0,0.0,0.0,0.0,0.2636704119850187,0.00749063670411985,0.12911570930146768,1.0,0.02570694087403599,0.9718787516624333,0.7855555593967438,0.42500001192092896,0.5066666692495346,0.7855555555555556,0.72,0.050463322216311696
[2004] HKDC 131,10,1335,538,198950.45928082502,221587.55374025786,0.4634495898304933,0.4517883023990761,0.4,0.4,0.007434944237918215,0.16514317343431428,0.40299625468164796,0.00749063670411985,0.20481709363660813,1.0,0.02857142857142857,0.9735599942854397,0.5607638925313949,0.375,0.85,0.5607638888888888,0.925,0.04580046660152011
[2004] HKDC 145,10,1335,235,124942.96699511769,112843.69958773974,1.1642047375092046,0.8309925627406223,0.4,0.4,0.01702127659574468,0.2191417485104389,0.1760299625468165,0.00749063670411985,0.09124924007667927,1.0,0.03802281368821293,0.8895202416687082,0.2937500014901161,0.1458333283662796,0.5000000029802323,0.29375,0.75,0.03527059273264879
[2004] HKDC 163,10,1335,347,312365.21359215945,220814.9057757617,2.0579890312196145,0.8979005103115325,0.1,0.1,0.002881844380403458,0.031537901734353106,0.2599250936329588,0.00749063670411985,0.1269153067999082,1.0,0.023529411764705882,0.8752884621368463,0.3740575410425663,0.1190476194024086,0.6136111229658127,0.3740575396825397,0.774484126984127,-0.10864808022910684
[2004] HKDC 167,10,1335,517,100614.810870382,82195.69177483523,0.2983010772733684,0.23436238878130222,0.6,0.6,0.01160541586073501,0.39963448093958087,0.3872659176029963,0.00749063670411985,0.20380825046943726,1.0,0.016778523489932886,0.9890188243643919,0.6513889074325562,0.5555555820465088,1.0,0.6513888888888889,1.0,0.03949727295670617
[2004] HKDC 169,10,1335,557,139872.55710819334,153230.14996053668,0.36492876160840354,0.3968145057432677,0.6,0.6,0.010771992818671455,0.2258698912767652,0.41722846441947564,0.00749063670411985,0.20559620347341728,1.0,0.08771929824561403,0.9815457222526011,0.7899999976158142,0.5,0.2766666695475578,0.79,0.4458333333333333,-0.02689830510181683
[2004] HKDC 82,10,1335,510,129923.58584533792,94114.64879206814,0.4707941749350583,0.31226844447060387,0.6,0.6,0.011764705882352941,0.308669338011937,0.38202247191011235,0.00749063670411985,0.19410459590750453,1.0,0.03436426116838488,0.8517732368684684,0.4979166716337204,0.15625,0.6666666716337204,0.4979166666666666,0.8166666666666667,0.036264195934150895
[2004] HKDC 83,10,1335,352,251932.90011967818,213617.74810847038,1.643238015195018,0.9240100404196481,0.2,0.2,0.005681818181818182,0.1749480822319411,0.2636704119850187,0.00749063670411985,0.12911570930146768,1.0,0.02710027100271003,0.9659309804996339,0.5947916746139527,0.3715277910232544,0.6166666716337204,0.5947916666666667,0.7916666666666666,-0.10478845017933515
[2004] HKDC 84,10,1335,138,197525.8601606208,100634.1562304426,2.5767337433565665,0.8279887081539199,0.1,0.1,0.007246376811594203,0.043282279931287256,0.10337078651685393,0.00749063670411985,0.05048234306549629,1.0,0.034722222222222224,0.8660321394254102,0.4239583298563957,0.2083333283662796,0.4333333343267441,0.4239583333333334,0.6666666666666666,-0.03309758016923165
[2004] HKDC 85,10,1335,518,446967.9470543795,354815.0604185087,0.9717861671692816,0.717374422742604,0.2,0.2,0.003861003861003861,0.06174608957368931,0.3880149812734082,0.00749063670411985,0.203317257497716,1.0,0.02320185614849188,0.9368708592019286,0.5416269958019256,0.4444444477558136,0.30583333820104597,0.5416269841269842,0.5095238095238095,0.06441633611261668
[2005] HKCFI 1,10,1335,524,146910.3208507733,155916.59960062563,0.4844070038863336,0.46762244997420943,0.4,0.4,0.007633587786259542,0.20628985287871282,0.39250936329588015,0.00749063670411985,0.1993191254831326,1.0,0.03787878787878788,0.960545658614829,0.5152777820825577,0.3333333432674408,0.7083333462476731,0.5152777777777777,0.8424999999999999,-0.02862711704292923
[2005] HKCFI 1068,10,1335,242,364095.72221816744,414748.48893333913,0.4365570330281714,0.6879955098817625,0.3,0.3,0.012396694214876033,0.13182872709889107,0.18127340823970037,0.00749063670411985,0.08534512092612523,1.0,0.022727272727272728,0.9636993012863441,0.80625,0.625,0.5266666755080223,0.80625,0.6916666666666667,0.1495981201430349
[2005] HKCFI 1069,10,1335,343,234613.34977614135,166828.6768238655,1.5471799282534726,0.7417723457544003,0.1,0.1,0.0029154518950437317,0.13788919583328163,0.25692883895131086,0.00749063670411985,0.12674701158102297,1.0,0.014204545454545454,0.9002978020825608,0.5253472298383712,0.1944444477558136,0.5039682641625405,0.5253472222222222,0.6905158730158729,-0.09309808103112902
[2005] HKCFI 1113,10,1335,359,194924.77895338228,163685.4603952812,0.28565553191967136,0.2742728978368145,0.6,0.6,0.016713091922005572,0.3459864049071009,0.2689138576779026,0.00749063670411985,0.13531183024891752,1.0,0.03717472118959108,0.9429801165238064,0.7294642746448516,0.523809552192688,0.4410714328289032,0.7294642857142856,0.6747619047619048,0.000577375617307134
[2005] HKCFI 1118,10,1335,524,141236.0461556887,83455.08604733585,0.4656972332701087,0.3166127430702641,0.6,0.6,0.011450381679389313,0.28509214180778036,0.39250936329588015,0.00749063670411985,0.1993191254831326,1.0,0.05319148936170213,0.9524480557365043,0.7916666686534881,0.25,0.46666666865348816,0.7916666666666667,0.7333333333333333,0.03882594880202918
[2005] HKCFI 1126,10,1335,303,367223.9027255913,154113.15515446023,0.48433855278402316,0.22174625184870145,0.7,0.7,0.0231023102310231,0.442273617304021,0.22696629213483147,0.00749063670411985,0.10729161083970877,1.0,0.025380710659898477,0.8787309935560345,0.4569444477558136,0.1944444477558136,0.5420238152146339,0.4569444444444445,0.7218253968253967,0.11528488120332549
[2005] HKCFI 113,10,1335,466,266369.7129207591,289019.7879435315,0.48794451916415327,0.7552095182221477,0.3,0.3,0.006437768240343348,0.06359693207314467,0.349063670411985,0.00749063670411985,0.18815069205100737,1.0,0.019011406844106463,0.8566677594855876,0.341666667163372,0.15625,0.9166666686534881,0.3416666666666667,0.9583333333333333,0.020989144622383608
[2005] HKCFI 1135,10,1335,407,334702.7818070837,357265.94379276154,0.5409875381619529,0.8627989302339749,0.1,0.1,0.002457002457002457,0.051468979797132795,0.3048689138576779,0.00749063670411985,0.16002582809813068,1.0,0.022779043280182234,0.9892497367084362,0.544097226858139,0.3888888955116272,1.0,0.5440972222222223,1.0,-0.04467529528820871
[2005] HKCFI 114,10,1335,97,502270.03264944005,264116.9900282941,0.41403340529210597,0.24596138157083303,0.7,0.7,0.07216494845360824,0.5058021078204641,0.07265917602996255,0.00749063670411985,0.03138197367597016,1.0,0.024390243902439025,0.949074563440548,0.7045652985572814,0.5055555701255798,0.4113131374120712,0.7045652958152957,0.6128968253968254,0.15827015080672058
[2005] HKCFI 1219,10,1335,501,91612.21571759232,95184.69656992085,0.3356363458722601,0.31654719191930436,0.6,0.6,0.011976047904191617,0.3151072470204388,0.3752808988764045,0.00749063670411985,0.19475732826560668,1.0,0.023529411764705882,0.9899871175030113,0.9833333313465118,0.8333333134651184,0.3183333411812782,0.9833333333333332,0.6,0.02575353617716866
[2005] HKCFI 1234,10,1335,242,500830.9703111007,481922.7973835097,0.6005049472034819,0.8661631068430324,0.1,0.1,0.004132231404958678,0.007750711644376623,0.18127340823970037,0.00749063670411985,0.08534512092612523,1.0,0.01366120218579235,0.9784902829640445,0.5577380955219269,0.3273809552192688,1.0,0.5577380952380953,1.0,-0.04751814161824209
[2005] HKCFI 1257,10,1335,522,172220.80642512828,135653.83444145563,0.5162392723308513,0.3906296929209718,0.6,0.6,0.011494252873563218,0.31239273370413373,0.39101123595505616,0.00749063670411985,0.20483024875890246,1.0,0.021367521367521368,0.8724001787878168,0.3143452391028404,0.1458333283662796,0.8833333343267441,0.31434523809523807,0.9416666666666667,-0.009825514934744047
[2005] HKCFI 159,10,1335,451,197822.53948075292,155086.21616042216,0.3478825198796664,0.3138791337917404,0.7,0.7,0.015521064301552107,0.24993724137730808,0.33782771535580525,0.00749063670411985,0.1776841811406837,1.0,0.033003300330033,0.9253846187728029,0.6255952447652817,0.3333333432674408,0.8500000059604644,0.6255952380952381,0.925,0.055662322449366045
[2005] HKCFI 207,10,1335,424,289535.24762555346,317405.0966119395,0.47734189473402067,0.7409287847704356,0.3,0.3,0.007075471698113208,0.08791970431437121,0.31760299625468164,0.00749063670411985,0.16365136038716727,1.0,0.01855287569573284,0.9193369127005191,0.466805562376976,0.2777777910232544,1.0,0.4668055555555554,1.0,0.039353833018005095
[2005] HKCFI 214,10,1335,445,95060.5272336002,113216.06413641438,0.4179237593693414,0.40389664056285657,0.5,0.5,0.011235955056179775,0.17921487502492464,0.3333333333333333,0.00749063670411985,0.1704794505216153,1.0,0.01953125,0.9558966983724837,0.8166666567325592,0.5833333134651184,0.8833333373069763,0.8166666666666667,0.9416666666666667,0.038540428189257875
[2005] HKCFI 248,10,1335,524,155028.62905786338,110894.35115113514,0.5111754795961981,0.3694484522820556,0.6,0.6,0.011450381679389313,0.23133775761719907,0.39250936329588015,0.00749063670411985,0.1993191254831326,1.0,0.023752969121140142,0.9512677655354823,0.6427083402872086,0.3402777910232544,0.5960714429616928,0.6427083333333332,0.7548809523809524,-0.12047405913566599
[2005] HKCFI 249,10,1335,517,132833.34016270385,137071.84044769866,0.2919940090063039,0.3106280690801091,0.7,0.7,0.013539651837524178,0.3641598064889194,0.3872659176029963,0.00749063670411985,0.2026817768048197,1.0,0.023752969121140142,0.9446155584253106,0.5888888835906982,0.25,0.5433333486318588,0.5888888888888888,0.7175,-0.009514760187499537
[2005] HKCFI 274,10,1335,401,318224.97106538137,320194.9522445907,0.49965825572685363,0.7009347382007425,0.3,0.3,0.007481296758104738,0.10282669972137969,0.300374531835206,0.00749063670411985,0.1533606904057266,1.0,0.02512562814070352,0.9503123540947606,0.5034722268581391,0.4375,0.5319047749042511,0.5034722222222222,0.6991666666666667,0.0372627176682634
[2005] HKCFI 282,10,1335,555,116881.3432491821,114595.26915877247,0.30831402976000477,0.36045304055273863,0.6,0.6,0.010810810810810811,0.26207838144077944,0.4157303370786517,0.00749063670411985,0.2058170683445604,1.0,0.026455026455026454,0.8391317296617834,0.5679166629910469,0.1875,0.6083333343267441,0.5679166666666666,0.7041666666666666,0.013332137559937689
[2005] HKCFI 292,10,1335,500,240888.3635611011,210917.6652688073,0.4813821515881137,0.5483672594839861,0.3,0.3,0.006,0.07906869512925269,0.37453183520599254,0.00749063670411985,0.19926942892776084,1.0,0.01597444089456869,0.8636248601348048,0.2923115104436874,0.2222222238779068,1.0,0.2923115079365079,1.0,0.08454837439890057
[2005] HKCFI 295,10,1335,524,143288.394815584,88148.44951179088,0.4724644369594932,0.31278410962855396,0.6,0.6,0.011450381679389313,0.44024404625684516,0.39250936329588015,0.00749063670411985,0.1993191254831326,1.0,0.024154589371980676,0.9684758857415554,0.6325694501399994,0.4548611044883728,0.48285714983940126,0.6325694444444445,0.6897619047619047,-0.10561407497315067
[2005] HKCFI 300,10,1335,517,254958.24103011494,217241.76988628777,0.5604487460481806,0.6230355616028982,0.4,0.4,0.007736943907156673,0.26509262623418983,0.3872659176029963,0.00749063670411985,0.2026817768048197,1.0,0.014858841010401188,0.8225690935275671,0.33864583894610406,0.11666666716337204,0.6366666734218598,0.3386458333333333,0.7825,0.06581105697565406
[2005] HKCFI 313,10,1335,242,506727.33751302364,500280.40088325547,0.6075747928903084,0.9180680667847883,0.2,0.2,0.008264462809917356,0.09644564166425211,0.18127340823970037,0.00749063670411985,0.08534512092612523,1.0,0.04739336492890995,0.9280492004425397,0.7010416686534882,0.375,0.48166667222976683,0.7010416666666667,0.6666666666666666,-0.01367253151260706
[2005] HKCFI 330,10,1335,524,132002.81009792976,147819.47181614133,0.4352525089715522,0.5306851173169385,0.3,0.3,0.0057251908396946565,0.3252645802316721,0.39250936329588015,0.00749063670411985,0.1993191254831326,1.0,0.025,0.9300783194066775,0.47916666567325594,0.3194444477558136,1.0,0.4791666666666667,1.0,0.03127454974470302
[2005] HKCFI 334,10,1335,524,349363.97371348494,296667.8810617316,1.151956886298518,0.6729316981188518,0.3,0.3,0.0057251908396946565,0.2679658753047773,0.39250936329588015,0.00749063670411985,0.1993191254831326,1.0,0.02252252252252252,0.9353827582600744,0.6154861152172089,0.3958333432674408,0.42182540595531465,0.6154861111111111,0.6212698412698413,-0.11851341989895924
[2005] HKCFI 395,10,1335,517,193860.67497271503,170154.42441807807,0.42614418642650864,0.4227699378781544,0.5,0.5,0.009671179883945842,0.2110137962000732,0.3872659176029963,0.00749063670411985,0.2026817768048197,1.0,0.02518891687657431,0.927660072936073,0.6944444432854653,0.2222222238779068,0.42678571939468385,0.6944444444444444,0.6214285714285713,-0.004836094802660495
[2005] HKCFI 396,10,1335,517,222031.39162738202,200471.9038345682,0.4880690050187496,0.5816740166469154,0.3,0.3,0.005802707930367505,0.1820015925623143,0.3872659176029963,0.00749063670411985,0.2026817768048197,1.0,0.01953125,0.9464894548670199,0.7958333283662796,0.4583333432674408,0.8166666686534881,0.7958333333333333,0.9083333333333332,0.005309494355567615
[2005] HKCFI 399,10,1335,355,151208.7063038579,73948.9867378649,0.90650919749733,0.5015599714550483,0.5,0.5,0.014084507042253521,0.2358147444027505,0.26591760299625467,0.00749063670411985,0.13223384900053792,1.0,0.038314176245210725,0.8495264135973064,0.2125,0.1666666716337204,1.0,0.2125,1.0,-0.013954750203308707
[2005] HKCFI 476,10,1335,468,266250.50644016796,259714.69206195898,0.5016611858795443,0.6724494444824769,0.2,0.2,0.004273504273504274,0.10087839782110933,0.350561797752809,0.00749063670411985,0.19092743561996814,1.0,0.02631578947368421,0.7676089253943106,0.3089930549263954,0.10694444179534912,0.6666666746139527,0.3089930555555555,0.8041666666666666,0.0003689780232336774
[2005] HKCFI 507,10,1335,468,347947.44040690805,413671.5495968439,0.6555920884886917,1.515678131137851,0.1,0.1,0.002136752136752137,0.07501684458317306,0.350561797752809,0.00749063670411985,0.19092743561996814,1.0,0.02570694087403599,0.9802694509779349,0.3979166656732559,0.3125,1.0,0.39791666666666664,1.0,0.04285215819219119
[2005] HKCFI 531,10,1335,555,199312.3882602133,198438.81667104125,0.5257537593026167,0.5423462246671269,0.2,0.2,0.0036036036036036037,0.05646271977014329,0.4157303370786517,0.00749063670411985,0.2058170683445604,1.0,0.02610966057441253,0.9375003453958668,0.5791666626930236,0.375,0.8500000059604644,0.5791666666666667,0.925,-0.011474066658493383
[2005] HKCFI 566,10,1335,539,157035.5905524403,134812.26864093074,0.36985216307717605,0.3180323325839547,0.6,0.6,0.011131725417439703,0.2616598267337295,0.4037453183520599,0.00749063670411985,0.20609101360858118,1.0,0.02386634844868735,0.9508562038911529,0.5658730179071426,0.2986111044883728,0.6470238238573074,0.5658730158730159,0.7848809523809523,0.03602689206128375
[2005] HKCFI 568,10,1335,555,175502.67907930858,108574.7556560438,0.46294760751731145,0.29995545177787086,0.6,0.6,0.010810810810810811,0.26064249276410273,0.4157303370786517,0.00749063670411985,0.2058170683445604,1.0,0.0234192037470726,0.885459550845024,0.4763888880610466,0.1388888955116272,0.8166666686534881,0.4763888888888889,0.9083333333333332,0.019974651105351085
[2005] HKCFI 622,10,1335,359,260413.5707027489,191537.4251804925,0.3816270946034278,0.33865759004020113,0.5,0.5,0.013927576601671309,0.3982248387525844,0.2689138576779026,0.00749063670411985,0.13531183024891752,1.0,0.017421602787456445,0.9116871283135386,0.5694444388151169,0.4166666567325592,0.4390476271510124,0.5694444444444444,0.6216666666666667,0.10929921889671906
[2005] HKCFI 639,10,1335,424,302984.5722393873,322207.4918597429,0.4995151055838548,0.7656020010306568,0.2,0.2,0.0047169811320754715,0.09547257582456985,0.31760299625468164,0.00749063670411985,0.16365136038716727,1.0,0.02364066193853428,0.9166658310982229,0.7708333313465119,0.25,0.6400000005960464,0.7708333333333333,0.82,-0.02923277901526579
[2005] HKCFI 64,10,1335,424,230180.36765091313,181720.45332941622,0.3794865520731271,0.3608995142500966,0.5,0.5,0.01179245283018868,0.22316592018312234,0.31760299625468164,0.00749063670411985,0.16365136038716727,1.0,0.014684287812041116,0.8863838329905368,0.47291667461395265,0.2888889014720917,0.4755952477455139,0.4729166666666666,0.6725,0.15118415209825942
[2005] HKCFI 67,10,1335,524,82609.50141302877,81661.00808526888,0.2723880857402571,0.290731707633646,0.7,0.7,0.013358778625954198,0.3292339738698562,0.39250936329588015,0.00749063670411985,0.1993191254831326,1.0,0.02544529262086514,0.9703540611405014,0.7291666567325592,0.4166666567325592,0.9,0.7291666666666666,0.95,0.024826023764694307
[2005] HKCFI 783,10,1335,303,207858.40292388047,120127.19415486057,0.2741483800725775,0.15104836822698342,0.6,0.6,0.019801980198019802,0.5904387085011524,0.22696629213483147,0.00749063670411985,0.10729161083970877,1.0,0.016051364365971106,0.9282988090522707,0.4489583343267441,0.21875,0.6272222310304642,0.4489583333333333,0.786329365079365,0.24098657838874774
[2005] HKCFI 810,10,1335,564,143488.51733662788,133430.01983844995,0.3942702503393829,0.39986323270595037,0.6,0.6,0.010638297872340425,0.15252589785416484,0.42247191011235957,0.00749063670411985,0.20737187808191865,1.0,0.025974025974025976,0.9538318201548597,0.8416666716337204,0.3333333432674408,0.581666675209999,0.8416666666666666,0.7625,-0.018985042904464764
[2005] HKCFI 831,10,1335,445,248524.21094827208,146918.26671289158,1.092610945430241,0.7863896272960442,0.2,0.2,0.0044943820224719105,0.06423625597265084,0.3333333333333333,0.00749063670411985,0.1704794505216153,1.0,0.02577319587628866,0.8902754569841104,0.6166666731238365,0.2083333283662796,0.2700000017881393,0.6166666666666668,0.485,-0.15269782398490983
[2005] HKCFI 868,10,1335,424,168702.8359294497,156882.38302983716,0.278131702478282,0.29950385986871986,0.7,0.7,0.01650943396226415,0.3073289517491393,0.31760299625468164,0.00749063670411985,0.16365136038716727,1.0,0.02631578947368421,0.8961704828108951,0.5496527761220932,0.2361111044883728,0.2997619122266769,0.5496527777777778,0.4491666666666666,0.09376849476355353
[2005] HKCFI 891,10,1335,242,392742.2932111112,389834.9756709612,0.47090476434157813,0.5447326008344433,0.3,0.3,0.012396694214876033,0.10714074044958297,0.18127340823970037,0.00749063670411985,0.08534512092612523,1.0,0.046296296296296294,0.7801914660296777,0.4383035719394684,0.14374999701976776,0.32833333760499955,0.43830357142857135,0.4875,0.01178324552704113
[2005] HKCFI 91,10,1335,468,266205.5805859252,256586.04940250693,0.5015765379379594,0.6606122538191235,0.2,0.2,0.004273504273504274,0.0727721943484172,0.350561797752809,0.00749063670411985,0.19092743561996814,1.0,0.027700831024930747,1.0,1.0,1.0,0.0,1.0,0.0,-0.04565028413059939
[2005] HKCFI 915,10,1335,110,788726.319050019,647818.5993111366,0.6935107093628995,0.6785877859619527,0.3,0.3,0.02727272727272727,0.14425581213662608,0.08239700374531835,0.00749063670411985,0.038252634478786726,1.0,0.02252252252252252,0.9437034615881587,0.5557449489831925,0.4469696879386902,0.4319444507360458,0.5557449494949493,0.6127380952380952,0.16792828410822916
[2005] HKCFI 919,10,1335,555,186731.5368825348,194313.51968684047,0.49256751350636196,0.5792728756677592,0.5,0.5,0.009009009009009009,0.14696731178972977,0.4157303370786517,0.00749063670411985,0.2058170683445604,1.0,0.017953321364452424,0.903123277477781,0.3171130955219269,0.2291666716337204,1.0,0.31711309523809517,1.0,-0.0057493794736495725
[2005] HKCFI 920,10,1335,424,262307.01394687535,259892.41141311976,0.43245210407457824,0.5594500892690153,0.4,0.4,0.009433962264150943,0.13556443631995363,0.31760299625468164,0.00749063670411985,0.16365136038716727,1.0,0.014947683109118086,0.9158737775881747,0.4034722253680229,0.2222222238779068,0.9666666686534882,0.40347222222222223,0.9833333333333334,0.032114100578253
[2005] HKCFI 921,10,1335,43,673172.5974927131,671859.8327980306,0.443930037265465,0.5891493632731084,0.2,0.2,0.046511627906976744,0.13863255756720455,0.03220973782771536,0.00749063670411985,0.01718543545790322,1.0,0.01858736059479554,0.9348042692991289,0.5402976214885712,0.4583333432674408,0.5713889062404632,0.540297619047619,0.7452380952380953,0.15113852800394076
[2005] HKCFI 961,10,1335,347,238970.76611077096,282391.15878634714,0.342590287491352,0.5246115956771815,0.4,0.4,0.011527377521613832,0.24340277388554923,0.2599250936329588,0.00749063670411985,0.13057906810611192,1.0,0.015197568389057751,0.8750977793890312,0.3590972289443016,0.17499999701976776,0.6450000077486038,0.3590972222222222,0.7883333333333333,0.1415247742283595
[2005] HKDC 101,10,1335,410,211069.24560303093,78198.7644824768,1.070704697029928,0.34925456185066484,0.5,0.5,0.012195121951219513,0.26912418737248367,0.30711610486891383,0.00749063670411985,0.1541287760217867,1.0,0.03278688524590164,0.8865301832673964,0.6695833370089531,0.1666666716337204,0.35333333909511566,0.6695833333333333,0.6766666666666666,-0.13408198473783095
[2005] HKDC 190,10,1335,445,71169.00762599525,40720.56034339334,0.3128871686620332,0.1789224954370443,0.7,0.7,0.015730337078651686,0.4089477419197271,0.3333333333333333,0.00749063670411985,0.1704794505216153,1.0,0.02044989775051125,0.8683050078849643,0.29791667461395266,0.1666666716337204,0.9666666686534882,0.29791666666666666,0.9833333333333334,0.1165045586530615
[2005] HKDC 202,10,1335,343,165590.83322776877,129974.56877487837,1.092004413718259,0.7013207651479023,0.2,0.2,0.0058309037900874635,0.13967101311043356,0.25692883895131086,0.00749063670411985,0.12674701158102297,1.0,0.02252252252252252,0.9030103794252651,0.4854166641831398,0.2083333283662796,0.95,0.4854166666666665,0.975,-0.09031590055624336
[2005] HKDC 262,10,1335,517,213538.95113291574,206796.76229472793,0.46940093762550833,0.4731434910139747,0.5,0.5,0.009671179883945842,0.13912401854267886,0.3872659176029963,0.00749063670411985,0.2026817768048197,1.0,0.013368983957219251,0.7988933883821069,0.2969444513320923,0.14305555820465088,0.5933333441615105,0.29694444444444446,0.743452380952381,0.09433497249037794
[2005] HKDC 277,10,1335,555,146481.72452808305,139046.45754155086,0.3863950355119164,0.45916771044570126,0.5,0.5,0.009009009009009009,0.2274984149507714,0.4157303370786517,0.00749063670411985,0.2058170683445604,1.0,0.020242914979757085,0.864522937722838,0.37489583194255827,0.1666666716337204,0.8833333343267441,0.3748958333333333,0.9416666666666667,0.0005714893140016713
[2005] HKDC 279,10,1335,524,190102.84165114438,136313.68657054118,0.6268255859848544,0.5968683946752567,0.4,0.4,0.007633587786259542,0.13136761094691876,0.39250936329588015,0.00749063670411985,0.1993191254831326,1.0,0.0364963503649635,0.9107984707796244,0.2645833343267441,0.1666666716337204,1.0,0.2645833333333333,1.0,-0.029856148118525556
[2005] HKDC 286,10,1335,359,843872.0593498733,472168.3449328309,1.236665360248463,0.6538367032519821,0.2,0.2,0.005571030640668524,0.07480043429509992,0.2689138576779026,0.00749063670411985,0.13531183024891752,1.0,0.016863406408094434,0.8773994837565662,0.40578403770923616,0.2797619104385376,0.37143939882516863,0.40578403078403075,0.5486904761904763,0.11322056779017589
[2005] HKDC 438,10,1335,555,207172.68643006278,201806.74586175918,0.5464879512317331,0.5755621761248948,0.4,0.4,0.007207207207207207,0.1990962605981756,0.4157303370786517,0.00749063670411985,0.2058170683445604,1.0,0.020242914979757085,0.9576719922372682,0.5399305492639541,0.3090277910232544,0.6114285826683045,0.5399305555555555,0.7641666666666667,-0.01829862028143324
[2005] HKDC 49,10,1335,343,315656.6356466976,374640.31786569924,2.0816275431836275,1.2442238272515764,0.1,0.1,0.0029154518950437317,0.04788403237991576,0.25692883895131086,0.00749063670411985,0.12674701158102297,1.0,0.041666666666666664,0.9368817401217147,0.8263392835855484,0.3333333432674408,0.4035714328289032,0.8263392857142857,0.5726190476190476,0.013961756259756144
[2005] HKDC 52,10,1335,493,77564.38337268755,74089.38653156412,0.30088568430740475,0.27423786173561737,0.8,0.8,0.016227180527383367,0.26509921931315594,0.3692883895131086,0.00749063670411985,0.18840429938243392,1.0,0.014792899408284023,0.8612926674015058,0.4055555611848831,0.125,0.6178571462631226,0.40555555555555556,0.7833333333333333,-0.013392950805184458
[2005] HKDC 6,10,1335,541,129950.46040250435,125010.70061372375,0.3725959146675801,0.3166350712405013,0.7,0.7,0.012939001848428836,0.22885577596524356,0.4052434456928839,0.00749063670411985,0.2047902560969415,1.0,0.05263157894736842,0.9870459824157339,0.9166666626930237,0.75,0.43666667193174363,0.9166666666666666,0.6041666666666667,0.03412730026653961
[2005] HKDC 71,10,1335,468,214659.94738326626,229736.48943464438,0.4044558081970423,0.5799079780190377,0.4,0.4,0.008547008547008548,0.2270286870098217,0.350561797752809,0.00749063670411985,0.19092743561996814,1.0,0.03134796238244514,0.8571207698363231,0.5948611110448837,0.3333333432674408,0.5666666746139526,0.5948611111111111,0.7166666666666666,0.053845782207280805
[2005] HKDC 8,10,1335,410,103649.16613951593,92828.84792709307,0.5257878698137608,0.5412746050482582,0.4,0.4,0.00975609756097561,0.15477743376123204,0.30711610486891383,0.00749063670411985,0.1541287760217867,1.0,0.019569471624266144,0.9916754181040739,0.9333333313465119,0.75,1.0,0.9333333333333332,1.0,0.06135495966269544
[2005] HKDC 94,10,1335,445,124698.05237881625,115237.02069324246,0.5482220681158767,0.588689607376244,0.3,0.3,0.006741573033707865,0.065715931208402,0.3333333333333333,0.00749063670411985,0.1704794505216153,1.0,0.05319148936170213,1.0,0.0,0.0,1.0,0.0,1.0,0.08321932827063967
[2006] HKCFI 1018,10,1335,480,208479.4220634344,217402.7454533611,0.40139667362535114,0.4932799638603562,0.4,0.4,0.008333333333333333,0.11464920731066561,0.3595505617977528,0.00749063670411985,0.19295421197078844,1.0,0.04291845493562232,0.9220007799848808,0.6261111080646515,0.3166666626930237,0.6833333432674408,0.6261111111111111,0.825,0.019600646832649234
[2006] HKCFI 1105,10,1335,465,137445.20226361876,139317.26389176853,0.544827828792723,0.4768669997015076,0.3,0.3,0.0064516129032258064,0.19411111919620858,0.34831460674157305,0.00749063670411985,0.18454937261990426,1.0,0.017241379310344827,0.9391162327019076,0.5499999970197678,0.25,0.9083333373069763,0.55,0.9541666666666666,0.0009246890122909057
[2006] HKCFI 1108,10,1335,112,726899.696353433,725277.0085030638,0.6531182857325739,1.0606341036810036,0.0,0.0,0.0,0.0,0.08389513108614233,0.00749063670411985,0.040289781909245204,1.0,0.01694915254237288,0.9522845700183897,0.4725595206022263,0.25833332538604736,0.6916666746139526,0.4725595238095239,0.8291666666666666,0.13433688968692853
[2006] HKCFI 1294,10,1335,427,196950.70989201817,168485.03087478742,0.3317998445928594,0.31551574264347515,0.8,0.8,0.01873536299765808,0.319428437230217,0.31985018726591763,0.00749063670411985,0.16833569113077151,1.0,0.023923444976076555,0.9387202745761674,0.5185416609048843,0.375,0.40634921491146087,0.5185416666666667,0.6394047619047619,0.016895007841903516
[2006] HKCFI 131,10,1335,521,126016.29034635719,110150.9553320545,0.3774181588751758,0.4004688610652556,0.5,0.5,0.009596928982725527,0.18698946356490004,0.3902621722846442,0.00749063670411985,0.2047450946457006,1.0,0.01610305958132045,0.9438256455695725,0.43402777463197706,0.1666666716337204,0.7833333373069763,0.4340277777777778,0.8916666666666666,-0.04190801139114329
[2006] HKCFI 1358,10,1335,6,2061812.9083590123,2163698.825282722,0.6175119341151315,1.044720564086159,0.1,0.1,0.16666666666666666,0.28066103975569723,0.0044943820224719105,0.00749063670411985,0.005210105880469311,1.0,0.024330900243309004,0.9537935159605755,0.6511868596076965,0.5648148059844971,0.44924603402614594,0.6511868686868687,0.6329761904761904,0.09686609283249234
[2006] HKCFI 1398,10,1335,519,124745.58526280569,117130.15528633658,0.4203139539485525,0.3326026181228716,0.7,0.7,0.01348747591522158,0.2572886010701965,0.3887640449438202,0.00749063670411985,0.1983827189136188,1.0,0.029498525073746312,0.9972033042060149,0.6277777791023255,0.5555555820465088,0.0,0.6277777777777777,0.1,0.03186842216953136
[2006] HKCFI 1401,10,1335,519,106704.13304914604,77334.51828445407,0.35952563748090643,0.25102908086268894,0.6,0.6,0.011560693641618497,0.38214315841000085,0.3887640449438202,0.00749063670411985,0.1983827189136188,1.0,0.07575757575757576,0.9887207310890377,0.5843055605888366,0.5,0.0,0.5843055555555556,0.2,-0.014830802371034566
[2006] HKCFI 1428,10,1335,562,178355.123447924,214854.3200202766,0.4807554318524222,0.4555577952852765,0.5,0.5,0.008896797153024912,0.1903795375363909,0.4209737827715356,0.00749063670411985,0.20580358318846104,1.0,0.035211267605633804,0.9317071763299434,0.5908333331346511,0.3472222089767456,0.5516666755080223,0.5908333333333334,0.6966666666666665,-0.0072289915201569485
[2006] HKCFI 145,10,1335,501,88729.0794156647,68887.25017807016,0.18118851051847445,0.13934028114288477,0.9,0.9,0.017964071856287425,0.6935131929202474,0.3752808988764045,0.00749063670411985,0.2001669110757285,1.0,0.02197802197802198,0.9055377036687292,0.548888885974884,0.3083333373069763,0.5500000059604645,0.5488888888888889,0.7416666666666666,0.10779254386662912
[2006] HKCFI 164,10,1335,522,222328.99913204863,203060.91737027996,0.499405679732049,0.5189983272221514,0.4,0.4,0.007662835249042145,0.20362581179119174,0.39101123595505616,0.00749063670411985,0.20323167777559328,1.0,0.023310023310023312,0.9491356842047081,0.5672222316265106,0.3888888955116272,0.6500000149011612,0.5672222222222223,0.825,0.02364648766159115
[2006] HKCFI 181,10,1335,346,88185.2193007946,61098.09739639491,0.5942571534864356,0.3989199582801177,0.6,0.6,0.017341040462427744,0.06562251642624434,0.2591760299625468,0.00749063670411985,0.12563090439613542,1.0,0.019417475728155338,0.9860008302115383,0.6874999821186065,0.5833333134651184,1.0,0.6874999999999999,1.0,0.06763369606886586
[2006] HKCFI 240,10,1335,455,183180.41795062023,157308.2595283604,0.3291746609659193,0.3330294462547361,0.7,0.7,0.015384615384615385,0.38661294737591223,0.3408239700374532,0.00749063670411985,0.18193249194000927,1.0,0.034013605442176874,0.9121381516224646,0.3933333337306976,0.14374999701976776,0.7,0.3933333333333333,0.85,0.0841240749851265
[2006] HKCFI 265,10,1335,522,172834.11762460903,166751.14464818494,0.3882279879375602,0.41345053367245654,0.5,0.5,0.009578544061302681,0.17213793020482288,0.39101123595505616,0.00749063670411985,0.20323167777559328,1.0,0.033783783783783786,0.926018615494232,0.5229166626930237,0.3333333432674408,0.6733333438634872,0.5229166666666665,0.8366666666666666,0.022555200321374175
[2006] HKCFI 27,10,1335,519,101519.07161217276,78070.30830115828,0.34205525029687034,0.22866991910631818,0.6,0.6,0.011560693641618497,0.44035773806062445,0.3887640449438202,0.00749063670411985,0.1983827189136188,1.0,0.07518796992481203,0.9415169112876333,0.27680556029081343,0.1388888955116272,0.6166666686534882,0.2768055555555555,0.8083333333333332,-0.021751465829729054
[2006] HKCFI 284,10,1335,522,205280.375450296,171327.59511350485,0.4611102727832475,0.4523649547365398,0.4,0.4,0.007662835249042145,0.18421101951778335,0.39101123595505616,0.00749063670411985,0.20323167777559328,1.0,0.046948356807511735,0.9504816671478968,0.8263888835906983,0.5,0.5666666775941849,0.826388888888889,0.7333333333333333,0.024917469701905996
[2006] HKCFI 31,10,1335,184,547939.8658912069,542034.9000844358,0.5955521936742556,0.881530729841951,0.1,0.1,0.005434782608695652,0.07457895155598142,0.13782771535580524,0.00749063670411985,0.0657201511389483,1.0,0.03389830508474576,0.9644632748599813,0.4479166716337204,0.28125,0.7416666746139526,0.44791666666666663,0.8708333333333332,0.017273234247820842
[2006] HKCFI 354,10,1335,130,343622.3425740866,397970.41486895795,4.631162382800302,1.8503266613270481,0.1,0.1,0.007692307692307693,0.03239427577812311,0.09737827715355805,0.00749063670411985,0.04791155076130085,1.0,0.014925373134328358,0.9153179741449868,0.40895833671092985,0.14722222089767456,0.5695238262414932,0.40895833333333337,0.7366666666666667,-0.05903715517412796
[2006] HKCFI 369,10,1335,204,348261.82384056115,353913.87411576393,0.39114090725636597,0.40891943706931944,0.5,0.5,0.024509803921568627,0.22288101376051525,0.15280898876404495,0.00749063670411985,0.07236519047308469,1.0,0.02127659574468085,0.9530736907973161,0.5379398137331008,0.328125,0.5026984214782715,0.5379398148148147,0.6829761904761905,0.13866749995999647
[2006] HKCFI 370,10,1335,501,169383.14922310208,98055.86168893793,0.34588751192705525,0.22395014019761028,0.7,0.7,0.013972055888223553,0.43088772503739703,0.3752808988764045,0.00749063670411985,0.2001669110757285,1.0,0.01845018450184502,0.8993973160150978,0.5416666626930237,0.28125,0.9000000059604645,0.5416666666666667,0.95,0.1108856562438414
[2006] HKCFI 4,10,1335,487,147360.93534979614,151694.6729740848,0.5516815797880256,0.8397498655549791,0.1,0.1,0.002053388090349076,0.04958139058347922,0.36479400749063673,0.00749063670411985,0.19218151969025699,1.0,0.09090909090909091,1.0,0.8,0.75,0.0,0.8,0.2,-0.04940107845157584
[2006] HKCFI 439,10,1335,98,747107.5853452397,713879.407761948,0.6293203534214407,0.9196254076332062,0.0,0.0,0.0,0.0,0.07340823970037454,0.00749063670411985,0.03400699832049359,1.0,0.08064516129032258,0.9745427042343966,0.6718055546283722,0.5625,0.28501082509756087,0.6718055555555555,0.5011904761904763,-0.00295742517230697
[2006] HKCFI 448,10,1335,562,189223.6680996085,211988.34493827127,0.5100515450036294,0.8701827106485629,0.3,0.3,0.005338078291814947,0.143976792257574,0.4209737827715356,0.00749063670411985,0.20580358318846104,1.0,0.018975332068311195,0.9838106512629804,0.542916664481163,0.375,1.0,0.5429166666666667,1.0,-0.05445184607053073
[2006] HKCFI 486,10,1335,480,271650.2458059364,271223.19193559303,0.5230228670858184,0.5527672941588673,0.5,0.5,0.010416666666666666,0.27979661399211003,0.3595505617977528,0.00749063670411985,0.19295421197078844,1.0,0.026595744680851064,0.9524143592144222,0.5043749988079071,0.25,0.7166666805744171,0.504375,0.8583333333333332,0.09529022106500157
[2006] HKCFI 498,10,1335,487,144800.85401401226,128270.84123603044,0.5420972913037094,0.6261527191439358,0.3,0.3,0.006160164271047228,0.144724629430532,0.36479400749063673,0.00749063670411985,0.19218151969025699,0.1,1.0,1.0,0.0,0.0,0.5166666686534882,0.0,0.7583333333333333,0.18640896257302508
[2006] HKCFI 672,10,1335,562,110591.23844532587,90983.60655737706,0.2980981850706441,0.25541281188299614,0.8,0.8,0.014234875444839857,0.44212312284347693,0.4209737827715356,0.00749063670411985,0.20580358318846104,1.0,0.025,0.9024396697929221,0.6999999970197678,0.4166666567325592,0.4894841358065605,0.7,0.7000000000000001,0.01017784658052989
[2006] HKCFI 698,10,1335,250,39507.55849197427,30483.862259098612,0.3549748198438049,0.2822649013689267,0.8,0.8,0.032,0.36512143394820396,0.18726591760299627,0.00749063670411985,0.09552247061735941,1.0,0.07751937984496124,0.9951391037358274,0.6145833373069763,0.5416666865348816,0.0,0.6145833333333333,0.4,0.10696744122137294
[2006] HKCFI 70,10,1335,480,153549.91230254303,137817.42595650465,0.29563792638945213,0.3083675946944675,0.8,0.8,0.016666666666666666,0.39621871844303813,0.3595505617977528,0.00749063670411985,0.19295421197078844,1.0,0.04132231404958678,0.8673629319557387,0.3347222238779068,0.1041666641831398,0.7166666686534882,0.33472222222222225,0.8583333333333332,0.05815495493248918
[2006] HKCFI 709,10,1335,480,265252.5298977419,252003.78636448103,0.5107049996486769,0.6640752483929129,0.2,0.2,0.004166666666666667,0.10389181554830568,0.3595505617977528,0.00749063670411985,0.19295421197078844,1.0,0.05235602094240838,0.9897586542670374,0.6006944477558136,0.5347222089767456,0.0,0.6006944444444444,0.1,0.036279520246039317
[2006] HKCFI 794,10,1335,519,216046.14819519152,96020.76124567473,0.7279392740991137,0.3465735902799727,0.5,0.5,0.009633911368015413,0.38529338753260683,0.3887640449438202,0.00749063670411985,0.1983827189136188,1.0,0.02237136465324385,0.8931166917432423,0.49513888657093047,0.25,0.6066666752099991,0.49513888888888885,0.7716666666666666,0.005731067979817991
[2006] HKCFI 824,10,1335,445,220932.00059153535,159635.66634707575,0.9925353540088194,0.7358369167953374,0.2,0.2,0.0044943820224719105,0.07251824152327756,0.3333333333333333,0.00749063670411985,0.16673047181491413,1.0,0.026881720430107527,0.9065863304452604,0.5509722203016281,0.30000001192092896,0.6350000083446503,0.5509722222222223,0.7875,-0.0387942507346217
[2006] HKCFI 837,10,1335,522,233374.24926727684,244404.5245959448,0.5242160313871563,0.7970914555595225,0.3,0.3,0.005747126436781609,0.1394335414557772,0.39101123595505616,0.00749063670411985,0.20323167777559328,1.0,0.023529411764705882,0.7970970914499187,0.6472222208976746,0.25,0.6150000005960464,0.6472222222222221,0.7866666666666666,-0.010974141975250009
[2006] HKCFI 876,10,1335,204,535193.4378510437,538365.2686576059,0.6010881253942651,0.9293534409538537,0.1,0.1,0.004901960784313725,0.014814517936547707,0.15280898876404495,0.00749063670411985,0.07236519047308469,1.0,0.01589825119236884,0.8391947373781138,0.22345734387636185,0.14374999701976776,1.0,0.22345734126984124,1.0,0.0683431230943114
[2006] HKCFI 889,10,1335,562,204252.78655547445,119763.31848919674,0.5505624661026843,0.3198482595727672,0.7,0.7,0.012455516014234875,0.17883010781441888,0.4209737827715356,0.00749063670411985,0.20580358318846104,1.0,0.07092198581560284,0.928659288211709,0.48111110627651216,0.20000000298023224,0.3608333423733711,0.4811111111111111,0.5375,-0.029436366144954387
[2006] HKCFI 899,10,1335,522,153093.09944930274,145189.01394666012,0.3438847999641995,0.3358245434609586,0.6,0.6,0.011494252873563218,0.25365823999294246,0.39101123595505616,0.00749063670411985,0.20323167777559328,1.0,0.037037037037037035,0.9099816440462629,0.4219444453716278,0.2083333283662796,0.8583333373069764,0.4219444444444444,0.9083333333333332,0.020167140956204085
[2006] HKCFI 94,10,1335,112,760284.2601622222,879868.3995571602,0.6831142661877985,1.5678236644809855,0.1,0.1,0.008928571428571428,0.01536203240571684,0.08389513108614233,0.00749063670411985,0.040289781909245204,1.0,0.02680965147453083,0.9953130587803787,0.5637499928474426,0.4826388955116272,0.0,0.5637499999999999,0.1,0.03018738768548992
[2006] HKDC 113,10,1335,522,201258.56277568956,169742.44005143896,0.45207629115980713,0.4801096117038641,0.1,0.1,0.0019157088122605363,0.028918044744807803,0.39101123595505616,0.00749063670411985,0.20323167777559328,1.0,0.04878048780487805,0.9861748626896757,0.7166666805744171,0.6666666865348816,0.0,0.7166666666666667,0.0,-0.018116492583419148
[2006] HKDC 119,10,1335,445,271854.9609577279,135314.3441297977,1.221306371149432,0.4747160832606596,0.5,0.5,0.011235955056179775,0.24476299501429477,0.3333333333333333,0.00749063670411985,0.1667304718149141,1.0,0.022321428571428572,0.9331426980882589,0.6710763871669769,0.3888888955116272,0.41238096058368684,0.6710763888888889,0.58,-0.15023803575032732
[2006] HKDC 123,10,1335,529,217259.0496358169,201783.63748343746,0.6654781700556552,0.688333138995457,0.4,0.4,0.007561436672967864,0.3643443250881763,0.3962546816479401,0.00749063670411985,0.2028798080112528,1.0,0.030959752321981424,0.9342828003670945,0.32222222089767455,0.125,0.8000000059604645,0.3222222222222222,0.9,-0.022016214016961792
[2006] HKDC 129,10,1335,204,200129.28866815526,178356.34712613974,2.0747984466220393,1.2896252671146406,0.1,0.1,0.004901960784313725,0.057357124460742516,0.15280898876404495,0.00749063670411985,0.07523773685083855,1.0,0.018018018018018018,0.8905937563767417,0.4875000089406967,0.25,0.95,0.48749999999999993,0.975,-0.03885814099432686
[2006] HKDC 146,10,1335,480,319402.5227346271,406181.9063666833,0.6149629009150606,1.5250302030963638,0.3,0.3,0.00625,0.13478511863690681,0.3595505617977528,0.00749063670411985,0.19295421197078844,1.0,0.03546099290780142,0.9116355447365775,0.5416666716337204,0.3333333432674408,0.6816666752099991,0.5416666666666666,0.8125,0.0456745367597523
[2006] HKDC 149,10,1335,501,195541.6141282537,157469.37020849754,0.3993041970186562,0.38810848809219856,0.5,0.5,0.00998003992015968,0.31125436137520884,0.3752808988764045,0.00749063670411985,0.2001669110757285,1.0,0.017271157167530225,0.887604656088204,0.2927083373069763,0.125,1.0,0.29270833333333335,1.0,0.0446262492682855
[2006] HKDC 176,10,1335,487,210702.61848739203,148313.8137030755,0.7888166097525987,0.6487539162951261,0.4,0.4,0.008213552361396304,0.22881794387802848,0.36479400749063673,0.00749063670411985,0.19218151969025699,1.0,0.029585798816568046,0.8939933106315309,0.6674999982118607,0.375,0.29333333522081373,0.6675,0.4116666666666666,0.0028224638526038897
[2006] HKDC 196,10,1335,378,140354.53212406317,97596.89568591645,0.7881771023183127,0.4415063791777465,0.5,0.5,0.013227513227513227,0.19688437596597122,0.28314606741573034,0.00749063670411985,0.1392346581336718,1.0,0.08695652173913043,0.910596418658511,0.29247685372829435,0.1944444477558136,0.4733333349227905,0.29247685185185185,0.7366666666666666,-0.07523684689708857
[2006] HKDC 207,10,1335,445,198653.5895366268,164858.59047992158,0.892449759599981,0.5532860499105645,0.4,0.4,0.008988764044943821,0.33507295584193014,0.3333333333333333,0.00749063670411985,0.1667304718149141,1.0,0.0641025641025641,0.9412370421125301,0.470833332836628,0.2083333283662796,0.5433333396911622,0.4708333333333333,0.68,-0.01610843806901036
[2006] HKDC 209,10,1335,398,256816.31200933043,208252.67844840456,1.3844944243818316,0.7459419047151066,0.3,0.3,0.007537688442211055,0.11309951957806544,0.29812734082397,0.00749063670411985,0.1454308853366551,1.0,0.0353356890459364,0.8924938038370227,0.2558333307504654,0.125,0.6166666775941849,0.2558333333333333,0.7916666666666666,0.04475176883567162
[2006] HKDC 23,10,1335,445,82443.27481421024,60662.305436498966,0.3703757931593349,0.2935268978432326,0.6,0.6,0.01348314606741573,0.4640204584193976,0.3333333333333333,0.00749063670411985,0.16673047181491413,1.0,0.02145922746781116,0.9225883009533017,0.36587301790714266,0.2222222238779068,1.0,0.3658730158730159,1.0,-0.02073124245674164
[2006] HKDC 231,10,1335,519,160408.94089494483,154816.2522370554,0.5404769720244087,0.700455387165265,0.2,0.2,0.0038535645472061657,0.1499106223512177,0.3887640449438202,0.00749063670411985,0.1983827189136188,1.0,0.025510204081632654,0.9292472879084689,0.6175000071525574,0.3263888955116272,0.5333333373069763,0.6174999999999999,0.6916666666666667,-0.10830538162741907
[2006] HKDC 265,10,1335,346,248178.11483240902,244848.09994910168,1.6724074765283057,0.9476681609319941,0.3,0.3,0.008670520231213872,0.2794585950701678,0.2591760299625468,0.00749063670411985,0.12563090439613542,1.0,0.022222222222222223,0.9137450375220542,0.45666666626930236,0.2666666805744171,0.6833333402872086,0.45666666666666667,0.8133333333333332,-0.09264459570420729
[2006] HKDC 290,10,1335,529,146039.70867443815,159986.8305531167,0.44732883738116175,0.39878721251738725,0.5,0.5,0.00945179584120983,0.33091271835699687,0.3962546816479401,0.00749063670411985,0.2028798080112528,1.0,0.01841620626151013,0.8480829425003426,0.2118055522441864,0.1458333283662796,1.0,0.21180555555555552,1.0,-0.052581395753164964
[2006] HKDC 294,10,1335,548,154014.89756899522,138885.76984619207,0.39917929099656413,0.30739475270314376,0.6,0.6,0.010948905109489052,0.41691586602377706,0.41048689138576777,0.00749063670411985,0.2072250006832365,1.0,0.020202020202020204,0.883777424984412,0.4573611095547676,0.1666666716337204,0.7500000119209289,0.4573611111111111,0.875,0.02411761782451506
[2006] HKDC 31,10,1335,519,154891.02378350362,108318.64475637217,0.5218850711263996,0.3810700260234485,0.5,0.5,0.009633911368015413,0.15485410542122724,0.3887640449438202,0.00749063670411985,0.1983827189136188,1.0,0.02336448598130841,0.8930789279056871,0.6000000029802323,0.25,0.5533333390951156,0.6,0.6833333333333333,0.017660899926325285
[2006] HKDC 32,10,1335,465,245874.5573362756,196969.07951499347,0.9746378849365879,1.046262925430244,0.3,0.3,0.0064516129032258064,0.21774823477503538,0.34831460674157305,0.00749063670411985,0.18454937261990426,1.0,0.024096385542168676,0.9425819628209046,0.5027777791023255,0.40625,0.5233333379030227,0.5027777777777777,0.7,-0.14303629014277863
[2006] HKDC 391,10,1335,459,129087.11802895227,123902.74207891243,0.5436777268336503,0.6610371953786407,0.2,0.2,0.004357298474945534,0.07694746675635364,0.3438202247191011,0.00749063670411985,0.17833803635550943,1.0,0.022321428571428572,0.8533723057845407,0.49236111640930175,0.1666666716337204,0.4733333379030228,0.4923611111111111,0.6616666666666666,-0.11028151028404537
[2006] HKDC 40,10,1335,522,206382.96182832832,208131.52716227144,0.46358695329606475,0.47340187524562527,0.3,0.3,0.005747126436781609,0.09455637561796137,0.39101123595505616,0.00749063670411985,0.20323167777559328,1.0,0.046948356807511735,0.7298336769865453,0.36666666269302367,0.1875,0.8333333402872085,0.36666666666666664,0.9,0.026828968325801596
[2007] HKCFI 1005,10,1335,503,155837.7989346472,135786.12020596844,0.5320948269930745,0.42492490770268265,0.5,0.5,0.009940357852882704,0.16218656982689578,0.3767790262172285,0.00749063670411985,0.19836327719449523,1.0,0.01855287569573284,0.8222172349323982,0.3375,0.125,0.95,0.3375,0.9666666666666666,0.025136540535831767
[2007] HKCFI 110,10,1335,46,721186.9442800457,668799.6030413548,0.49248621960745453,0.6227912354736471,0.4,0.4,0.08695652173913043,0.36757971463773725,0.03445692883895131,0.00749063670411985,0.018627347701015266,1.0,0.023980815347721823,0.9471620804688575,0.6231120735406875,0.4791666567325592,0.5034848570823669,0.6231120731120731,0.6724404761904763,0.19256367758541598
[2007] HKCFI 1106,10,1335,526,238749.19458766267,252885.6135646006,0.543459127619965,0.8588179421968576,0.2,0.2,0.0038022813688212928,0.1659193751742898,0.3940074906367041,0.00749063670411985,0.20470547858111018,1.0,0.019569471624266144,0.9959221049784802,0.9416666626930237,0.75,1.0,0.9416666666666667,1.0,-0.018283602168822365
[2007] HKCFI 1183,10,1335,265,60515.871852640164,31922.175585037854,0.49196729798692884,0.26609918900943264,0.6,0.6,0.022641509433962263,0.40185618151470937,0.19850187265917604,0.00749063670411985,0.10864066346494708,1.0,0.05319148936170213,1.0,0.0,0.0,1.0,0.0,1.0,0.15006921956120103
[2007] HKCFI 1208,10,1335,291,369997.8062970884,319350.21192856494,0.481266987856187,0.5382058083801322,0.4,0.4,0.013745704467353952,0.14786330068750037,0.21797752808988763,0.00749063670411985,0.1037431808078252,1.0,0.04,0.9466477737502649,0.5795486152172089,0.3055555522441864,0.4500000089406967,0.5795486111111112,0.65,0.08077565759149058
[2007] HKCFI 1209,10,1335,388,315153.33875504404,264498.71900235245,0.47825071226491167,0.5138907149453713,0.3,0.3,0.007731958762886598,0.17386716452106568,0.2906367041198502,0.00749063670411985,0.14574659578217591,1.0,0.020491803278688523,0.7791438570160976,0.32504464238882064,0.15625,0.800000011920929,0.32504464285714285,0.9,0.13331129504532369
[2007] HKCFI 1211,10,1335,312,215735.54735173687,201382.17495613566,0.29464422503174154,0.2873227479663205,0.6,0.6,0.019230769230769232,0.5463559159624218,0.23370786516853934,0.00749063670411985,0.11692352957060045,1.0,0.023529411764705882,0.9712897944876278,0.6607638895511627,0.5451388955116272,0.5704365193843841,0.6607638888888889,0.755297619047619,0.1511191832758312
[2007] HKCFI 147,10,1335,312,365233.0559512833,379616.34067358647,0.4988228043442751,0.737638584786489,0.4,0.4,0.01282051282051282,0.17304976387542553,0.23370786516853934,0.00749063670411985,0.11692352957060045,1.0,0.03508771929824561,0.9748298426344371,0.6275793582201004,0.4424603283405304,0.6371428668498993,0.6275793650793651,0.7960714285714285,0.00011278463544795963
[2007] HKCFI 159,10,1335,427,209754.11421895484,225514.92223623372,0.35809373553596335,0.39189222733243856,0.5,0.5,0.0117096018735363,0.40007568830295404,0.31985018726591763,0.00749063670411985,0.17294844381002475,1.0,0.03322259136212625,0.9387561136064573,0.6809722155332565,0.375,0.7833333402872086,0.6809722222222222,0.875,0.06607141695609976
[2007] HKCFI 188,10,1335,503,111814.60722158189,123020.34617132889,0.38178140663945526,0.35040913234689075,0.6,0.6,0.011928429423459244,0.4177189308275806,0.3767790262172285,0.00749063670411985,0.19836327719449523,1.0,0.07042253521126761,0.9950367568096803,0.626388892531395,0.4305555522441864,0.0,0.6263888888888889,0.2,-0.0025571762654872424
[2007] HKCFI 235,10,1335,39,275063.95630974567,178586.71307465513,6.261215582065679,1.603820079784823,0.0,0.0,0.0,0.0,0.029213483146067417,0.00749063670411985,0.015228851170578888,1.0,0.06666666666666667,0.953946972313823,0.86875,0.5625,0.2833333402872086,0.86875,0.42857142857142855,-0.019342113097863652
[2007] HKCFI 292,10,1335,490,188660.99121393057,161057.24062771487,0.7157408975983953,0.5708283703238175,0.4,0.4,0.00816326530612245,0.26430716855267,0.36704119850187267,0.00749063670411985,0.19024715754324018,1.0,0.02710027100271003,0.9295968711942963,0.5152777850627899,0.2222222238779068,0.6650000065565109,0.5152777777777778,0.7958333333333333,0.03444910207509801
[2007] HKCFI 325,10,1335,558,115215.15497260951,89215.74577154571,0.31471382871797476,0.25608081465436694,0.6,0.6,0.010752688172043012,0.4470718794332024,0.41797752808988764,0.00749063670411985,0.20639503698071393,1.0,0.19607843137254902,1.0,0.0,0.0,1.0,0.0,1.0,0.02922415777292401
[2007] HKCFI 335,10,1335,533,107398.27113994719,92972.96558993956,0.32595751561193176,0.28595495501773716,0.8,0.8,0.0150093808630394,0.39645952731571604,0.399250936329588,0.00749063670411985,0.2041674986850841,1.0,0.02564102564102564,0.88870164674342,0.5541666626930237,0.25,0.5885714411735534,0.5541666666666666,0.7633333333333334,0.0705956566975903
[2007] HKCFI 392,10,1335,388,425031.9627306213,413131.3331829461,0.6449934489485701,0.6714463451458181,0.4,0.4,0.010309278350515464,0.20573840729942744,0.2906367041198502,0.00749063670411985,0.14574659578217591,1.0,0.024509803921568627,0.9847043055857326,0.7974603056907654,0.7083333134651184,0.0,0.7974603174603174,0.0,0.12369922635278678
[2007] HKCFI 402,10,1335,546,199251.15957931042,199071.69471925992,0.48594716525456016,0.5238048671078692,0.5,0.5,0.009157509157509158,0.1037784658644594,0.40898876404494383,0.00749063670411985,0.2049691642305466,1.0,0.014144271570014143,0.9636061189862898,0.4537500023841858,0.28125,1.0,0.45375,1.0,0.03434563014451572
[2007] HKCFI 453,10,1335,558,142860.18477616884,150704.42858642043,0.39022709931652605,0.44022927065546913,0.5,0.5,0.008960573476702509,0.37891746135042154,0.41797752808988764,0.00749063670411985,0.20639503698071393,1.0,0.040160642570281124,0.8965929834945009,0.4941468209028244,0.2847222089767456,0.47880953550338745,0.4941468253968253,0.6394047619047619,-0.003991650644715362
[2007] HKCFI 479,10,1335,312,279054.6813613089,231239.70161031222,0.3811233305799497,0.38016068464445407,0.5,0.5,0.016025641025641024,0.27263811577204683,0.23370786516853934,0.00749063670411985,0.11692352957060045,1.0,0.024154589371980676,0.9438581910509374,0.668645828962326,0.421875,0.5861904829740524,0.6686458333333334,0.7847619047619048,0.1544836427727285
[2007] HKCFI 500,10,1335,503,131027.61495466772,117150.39577836411,0.44738257718755925,0.4280212253879778,0.5,0.5,0.009940357852882704,0.12573863491998094,0.3767790262172285,0.00749063670411985,0.19836327719449523,1.0,0.019417475728155338,0.936220793870995,0.5833333283662796,0.25,0.7833333373069763,0.5833333333333333,0.8916666666666666,0.04641914802352423
[2007] HKCFI 507,10,1335,526,173873.4134556041,163711.0436767334,0.3957839261241679,0.36354738584572477,0.6,0.6,0.011406844106463879,0.20183195921310604,0.3940074906367041,0.00749063670411985,0.20470547858111018,1.0,0.018050541516245487,0.9780555704846204,0.43472222089767454,0.3611111044883728,1.0,0.43472222222222223,1.0,0.06843595008954195
[2007] HKCFI 636,10,1335,516,190501.956775282,237325.4800840941,0.5656109801631952,0.8944306491576395,0.4,0.4,0.007751937984496124,0.18163919405997625,0.3865168539325843,0.00749063670411985,0.20412699688244082,1.0,0.018083182640144666,0.9210473406084329,0.31500000655651095,0.25,1.0,0.315,1.0,-0.046585554538479894
[2007] HKCFI 646,10,1335,490,187297.90885281484,157610.64039730243,0.7105696441963645,0.48714065208917123,0.4,0.4,0.00816326530612245,0.1412925592003413,0.36704119850187267,0.00749063670411985,0.19024715754324018,1.0,0.01953125,0.9696931269240499,0.8499999940395355,0.5,0.7666666686534882,0.85,0.8833333333333332,0.01230383359736728
[2007] HKCFI 647,10,1335,443,100858.63556728364,50078.24345865246,0.45916423879880475,0.26195116949429664,0.6,0.6,0.013544018058690745,0.4351520751191511,0.3318352059925094,0.00749063670411985,0.16544429925345236,1.0,0.021834061135371178,0.944283146930267,0.8305555492639541,0.3333333432674408,0.6166666746139526,0.8305555555555555,0.7666666666666667,0.05038629492073487
[2007] HKCFI 652,10,1335,375,129218.62092093546,108013.51083904483,0.7353432031386569,0.5148097085905787,0.4,0.4,0.010666666666666666,0.05810243633751032,0.2808988764044944,0.00749063670411985,0.1372330920505321,1.0,0.019157088122605363,0.9227318773937723,0.33739583268761636,0.1041666641831398,0.95,0.3373958333333333,0.975,-0.055183519415169566
[2007] HKCFI 692,10,1335,443,94096.77623243754,102623.28303689163,0.4283805188239498,0.49711318045100317,0.4,0.4,0.009029345372460496,0.26260223467267074,0.3318352059925094,0.00749063670411985,0.16544429925345236,1.0,0.012987012987012988,0.9849836576218945,0.500277778506279,0.4000000059604645,1.0,0.5002777777777778,1.0,-0.05128438564350286
[2007] HKCFI 704,10,1335,489,172092.69487197557,189273.12565921122,0.33576901599216846,0.4203313278020149,0.5,0.5,0.010224948875255624,0.26661713076119553,0.36629213483146067,0.00749063670411985,0.19509791181693245,1.0,0.055865921787709494,0.9346818477677469,0.6638888776302337,0.3333333432674408,0.49666667729616165,0.6638888888888889,0.6791666666666666,0.0373451370708348
[2007] HKCFI 799,10,1335,558,123039.9128330776,128238.80910427189,0.33608740154044253,0.434162383109185,0.5,0.5,0.008960573476702509,0.22035375957993195,0.41797752808988764,0.00749063670411985,0.20639503698071393,1.0,0.023809523809523808,0.9432419824412341,0.8736111044883728,0.625,0.5250000089406968,0.8736111111111111,0.7375,0.02342165112287821
[2007] HKCFI 813,10,1335,489,302040.3028541354,290722.9075806722,0.5893090078852886,0.8544999367616519,0.1,0.1,0.002044989775051125,0.001848536585396694,0.36629213483146067,0.00749063670411985,0.19509791181693245,1.0,0.02518891687657431,0.9480734675733811,0.5161458343267441,0.3333333432674408,1.0,0.5161458333333333,1.0,-0.004301094000026612
[2007] HKCFI 874,10,1335,558,170536.82585362013,137664.91741322976,0.46582671710646506,0.37838021476422856,0.5,0.5,0.008960573476702509,0.17005547088000242,0.41797752808988764,0.00749063670411985,0.20639503698071393,1.0,0.032679738562091505,0.9282096661024297,0.47420634329319,0.25,0.8333333373069763,0.47420634920634913,0.9166666666666666,-0.016966280034299643
[2007] HKCFI 887,10,1335,443,121816.09073436746,127787.01595447233,0.554574154814718,0.7827796133068681,0.1,0.1,0.002257336343115124,0.05768448921980833,0.3318352059925094,0.00749063670411985,0.16544429925345236,1.0,0.030211480362537766,0.9241653358501372,0.61875,0.4375,0.95,0.6187499999999999,0.975,-0.030671777511861058
[2007] HKCFI 923,10,1335,427,103951.5533829043,85116.65233548864,0.17746684113567895,0.14505758183821094,0.8,0.8,0.01873536299765808,0.6097546967076899,0.31985018726591763,0.00749063670411985,0.17294844381002475,1.0,0.024752475247524754,0.8238614446319733,0.43194444179534913,0.1805555522441864,0.4964285731315613,0.43194444444444446,0.6840476190476191,-0.0074929926129959955
[2007] HKCFI 991,10,1335,503,181057.0790733069,213238.03530301453,0.6182039006196693,1.0751275996098837,0.3,0.3,0.005964214711729622,0.14738290036661464,0.3767790262172285,0.00749063670411985,0.19836327719449523,1.0,0.01615508885298869,0.9783575718634674,0.4713194459676743,0.3395833373069763,1.0,0.47131944444444446,1.0,-0.10080549173709465
[2007] HKCFI 998,10,1335,546,186965.48397207452,202936.83298546847,0.45598403105158464,0.6830701926095895,0.2,0.2,0.003663003663003663,0.0917831947211832,0.40898876404494383,0.00749063670411985,0.2049691642305466,1.0,0.022727272727272728,0.9655747052352311,0.720138880610466,0.4305555522441864,0.7500000059604645,0.7201388888888888,0.875,0.015030317874952577
[2007] HKDC 105,10,1335,254,105395.82657671729,106634.68372423595,0.8996625737066634,0.8293384907124564,0.4,0.4,0.015748031496062992,0.4208813724304334,0.1902621722846442,0.00749063670411985,0.10265491620886422,1.0,0.029585798816568046,0.9320066730359502,0.336111119389534,0.25,1.0,0.3361111111111111,1.0,-0.033022993765905825
[2007] HKDC 110,10,1335,546,275274.62909751746,152782.8127820906,0.6713583296522466,0.37305578095296266,0.6,0.6,0.01098901098901099,0.3246572778770912,0.40898876404494383,0.00749063670411985,0.2049691642305466,1.0,0.01639344262295082,0.883021799964719,0.3838888883590698,0.25833332538604736,0.5626984298229217,0.3838888888888889,0.7320833333333333,0.05158862343966965
[2007] HKDC 12,10,1335,443,101143.67687046001,78841.21146869626,0.4604619043111632,0.43797914493409085,0.5,0.5,0.011286681715575621,0.1977024290983083,0.3318352059925094,0.00749063670411985,0.16544429925345236,1.0,0.018050541516245487,0.8814192561989579,0.46493055373430253,0.2083333283662796,0.7666666686534882,0.4649305555555555,0.8833333333333332,0.06876123739781967
[2007] HKDC 134,10,1335,443,242675.592922555,178549.66692819638,1.1047933900017817,0.5944765387674114,0.2,0.2,0.004514672686230248,0.2870853203817277,0.3318352059925094,0.00749063670411985,0.16544429925345236,1.0,0.043668122270742356,0.9423831781652654,0.4386111155152321,0.2083333283662796,0.658333346247673,0.4386111111111111,0.7875,0.0062123809474841606
[2007] HKDC 136,10,1335,503,132540.86258512712,79924.92699260302,0.45254943170957806,0.24089949955262746,0.6,0.6,0.011928429423459244,0.34014641275007984,0.3767790262172285,0.00749063670411985,0.19836327719449523,1.0,0.028011204481792718,0.8956915399285593,0.6208333402872086,0.3125,1.0,0.6208333333333333,1.0,0.02357499152483973
[2007] HKDC 16,10,1335,375,104876.22796630471,113973.45208728619,0.5968181741626049,0.49881911783822375,0.3,0.3,0.008,0.24981039741545025,0.2808988764044944,0.00749063670411985,0.1372330920505321,1.0,0.02544529262086514,0.9866941561104305,0.9249999940395355,0.5833333134651184,0.8,0.925,0.9,0.03917200619150526
[2007] HKDC 171,10,1335,457,138649.13431048757,96097.26240169723,0.5917570034197611,0.3428870175435774,0.6,0.6,0.01312910284463895,0.3431225823882684,0.3423220973782772,0.00749063670411985,0.1756006217649083,1.0,0.044642857142857144,0.9247091844791552,0.5875000089406968,0.3055555522441864,0.7666666746139527,0.5875,0.8833333333333332,0.024301829522204256
[2007] HKDC 183,10,1335,457,177292.02192482882,105561.89937817976,0.7566855440260147,0.40568280669636003,0.5,0.5,0.010940919037199124,0.19347328554171234,0.3423220973782772,0.00749063670411985,0.1756006217649083,1.0,0.03861003861003861,0.8486714440955623,0.3221180573105812,0.1041666641831398,0.8,0.3221180555555555,0.9,0.012970649712091508
[2007] HKDC 199,10,1335,526,177906.8495799987,169900.85140843532,0.404965141086003,0.4266506988617067,0.5,0.5,0.009505703422053232,0.2234997963201003,0.3940074906367041,0.00749063670411985,0.20470547858111018,1.0,0.01834862385321101,0.8319837523507966,0.41319443881511686,0.1388888955116272,0.85,0.4131944444444445,0.925,0.02149794436915596
[2007] HKDC 221,10,1335,375,56522.093416829455,59603.70560988163,0.32164975082550085,0.3220626573648646,0.6,0.6,0.016,0.27013492876974343,0.2808988764044944,0.00749063670411985,0.1372330920505321,1.0,0.02570694087403599,0.9263407629788389,0.6805555492639541,0.3333333432674408,0.95,0.6805555555555555,0.975,0.03601010995802671
[2007] HKDC 227,10,1335,526,200991.24019377521,208809.57777780725,0.4575115917924372,0.6465024881600785,0.3,0.3,0.005703422053231939,0.2907389278955891,0.3940074906367041,0.00749063670411985,0.20470547858111018,1.0,0.05025125628140704,0.9941188880570248,0.575,0.5,0.0,0.575,0.0,0.029805402557767334
[2007] HKDC 271,10,1335,443,110346.36283009264,86549.90446729137,0.5023576157670283,0.3531962036549823,0.6,0.6,0.013544018058690745,0.2863220338937733,0.3318352059925094,0.00749063670411985,0.16544429925345236,1.0,0.06172839506172839,1.0,1.0,1.0,0.0,1.0,0.2,0.010395475538312906
[2007] HKDC 279,10,1335,526,192482.88627431702,206975.7859829554,0.43814422761541233,0.6397751072747813,0.3,0.3,0.005703422053231939,0.1388411805174333,0.3940074906367041,0.00749063670411985,0.20470547858111018,1.0,0.024154589371980676,0.9007965268695021,0.29215277582406995,0.125,0.683333334326744,0.29215277777777776,0.8416666666666666,0.0425079150137662
[2007] HKDC 294,10,1335,503,128021.5299419176,64107.426364204686,0.43711855718907,0.24737482874821115,0.6,0.6,0.011928429423459244,0.33326622428575015,0.3767790262172285,0.00749063670411985,0.19836327719449523,1.0,0.02386634844868735,0.9933814434674703,0.6065972208976745,0.5,1.0,0.6065972222222221,1.0,0.03836615779264964
[2007] HKDC 318,10,1335,327,55701.5019162767,45790.20850469914,0.3803760220949345,0.323008611425319,0.6,0.6,0.01834862385321101,0.27496799349753476,0.2449438202247191,0.00749063670411985,0.12436568777589,1.0,0.053763440860215055,0.8697837112742195,0.3062500074505806,0.1875,0.65,0.30625,0.825,-0.036808976344181
[2007] HKDC 32,10,1335,375,269442.9865483749,176200.90713135814,1.5333166952227335,0.6940628624095302,0.3,0.3,0.008,0.1713825566141106,0.2808988764044944,0.00749063670411985,0.1372330920505321,1.0,0.02457002457002457,0.981140598081926,0.7644444406032562,0.5249999761581421,0.45166667401790617,0.7644444444444445,0.6416666666666666,-0.12296428374559178
[2007] HKDC 326,10,1335,490,146438.25894132897,100563.76912714283,0.5555565579455826,0.48465920228329473,0.5,0.5,0.01020408163265306,0.3716552167113321,0.36704119850187267,0.00749063670411985,0.19024715754324018,1.0,0.027777777777777776,0.9381866251308322,0.7430555522441864,0.5555555820465088,0.3440476268529892,0.7430555555555556,0.5041666666666667,-0.007930439581194692
[2007] HKDC 327,10,1335,526,126918.40777567099,116054.12829773364,0.28890136064251837,0.306936945443649,0.6,0.6,0.011406844106463879,0.3641278329490729,0.3940074906367041,0.00749063670411985,0.20470547858111018,1.0,0.04201680672268908,0.863641464567393,0.3830555588006973,0.1388888955116272,0.5983333379030228,0.3830555555555556,0.7783333333333332,0.01976579631367303
[2007] HKDC 343,10,1335,254,222513.63151151262,143612.69270418253,1.8993843770915155,0.7891531486813683,0.3,0.3,0.011811023622047244,0.1087398848106517,0.1902621722846442,0.00749063670411985,0.10265491620886422,1.0,0.01953125,0.9532998101316492,0.5305555582046508,0.5,1.0,0.5305555555555556,1.0,0.06019770924855784
[2007] HKDC 349,10,1335,490,166438.65755222822,167690.6999496013,0.6314339460690139,0.6776126566202088,0.4,0.4,0.00816326530612245,0.17759018070981877,0.36704119850187267,0.00749063670411985,0.19024715754324018,1.0,0.02145922746781116,0.753208236241044,0.29513888657093046,0.1875,1.0,0.2951388888888889,1.0,-0.13600192031257058
[2007] HKDC 353,10,1335,254,194306.6773697604,177912.09253429557,1.6586088000707022,0.8814314395441487,0.4,0.4,0.015748031496062992,0.1869841937585374,0.1902621722846442,0.00749063670411985,0.10265491620886422,1.0,0.02544529262086514,0.8969212313698582,0.6159374967217446,0.2239583283662796,0.5583333373069763,0.6159375,0.7291666666666667,-0.054028176896172314
[2007] HKDC 359,10,1335,443,159776.75523901227,122856.16838822841,0.7273920749019297,0.5776591580812047,0.4,0.4,0.009029345372460496,0.19777745612840897,0.3318352059925094,0.00749063670411985,0.16544429925345236,1.0,0.03115264797507788,0.9521521044357312,0.7374999970197678,0.3333333432674408,0.6500000089406968,0.7374999999999999,0.8083333333333332,0.012390477692535259
[2007] HKDC 360,10,1335,558,192970.27910071364,207714.70130206516,0.5271044020120395,0.8389546432266366,0.3,0.3,0.005376344086021506,0.06961665764249433,0.41797752808988764,0.00749063670411985,0.20639503698071393,1.0,0.10309278350515463,0.9936528288750043,0.6458333313465119,0.5,0.0,0.6458333333333333,0.0,-0.04750375246254499
[2007] HKDC 378,10,1335,441,177280.87631915376,108237.5847315033,0.8647291135773394,0.46061250886244487,0.5,0.5,0.011337868480725623,0.24888563070071307,0.3303370786516854,0.00749063670411985,0.16053522793092412,1.0,0.033783783783783786,0.9298494941269875,0.36875,0.25,1.0,0.36875,1.0,-0.013092505346434935
[2007] HKDC 379,10,1335,121,260342.21172731463,106823.3157555887,3.5556648016090895,0.8997369820453471,0.1,0.1,0.008264462809917356,0.04370963825222594,0.09063670411985018,0.00749063670411985,0.04736750679381879,1.0,0.03558718861209965,0.9688286379579791,0.6499999970197677,0.375,0.5583333432674408,0.65,0.725,0.02542497348611675
[2007] HKDC 387,10,1335,443,86169.1364207142,51054.83935578438,0.3922895219633714,0.26310444093460816,0.7,0.7,0.01580135440180587,0.42119086910692044,0.3318352059925094,0.00749063670411985,0.16544429925345236,1.0,0.04032258064516129,0.9934077810339947,0.9395833313465118,0.8125,0.4066666752099991,0.9395833333333332,0.6416666666666666,0.03482218965082412
[2007] HKDC 394,10,1335,81,121826.02138701182,88296.14951147915,2.079822617372859,1.0783406836586762,0.1,0.1,0.012345679012345678,0.12250984079135922,0.060674157303370786,0.00749063670411985,0.03017160470337244,1.0,0.027855153203342618,0.9602486997759019,0.5718750029802322,0.4270833432674408,1.0,0.5718749999999999,1.0,-0.05328030317799407
[2007] HKDC 400,10,1335,254,278161.5166648564,264904.4764242409,2.3743967300896522,1.1755390858240684,0.3,0.3,0.011811023622047244,0.2379206444304358,0.1902621722846442,0.00749063670411985,0.10265491620886422,1.0,0.019193857965451054,0.905395960841338,0.5375,0.1666666716337204,0.6566666752099991,0.5374999999999999,0.7916666666666667,0.03685934609578087
[2007] HKDC 402,10,1335,375,118445.55007170196,88009.6012921365,0.6740369891467723,0.5224424501120408,0.3,0.3,0.008,0.16965037534227953,0.2808988764044944,0.00749063670411985,0.1372330920505321,1.0,0.019569471624266144,0.9972814032759741,0.9444444417953491,0.7777777910232544,1.0,0.9444444444444443,1.0,0.04564988115300129
[2007] HKDC 411,10,1335,121,89956.55189966378,67367.09173179761,1.2285957899089213,0.7181178125498713,0.2,0.2,0.01652892561983471,0.041419812336954506,0.09063670411985018,0.00749063670411985,0.04736750679381879,1.0,0.02028397565922921,0.88321286145184,0.4805555522441864,0.2777777910232544,1.0,0.4805555555555555,1.0,0.01969368933675468
[2007] HKDC 422,10,1335,427,285461.4984279635,276296.6276935651,0.48734192749638805,0.6395198895952063,0.3,0.3,0.00702576112412178,0.24734849678994159,0.31985018726591763,0.00749063670411985,0.17294844381002475,1.0,0.017543859649122806,0.983532106262401,0.35958333015441896,0.28125,1.0,0.3595833333333333,1.0,0.019142848319590875
[2007] HKDC 50,10,1335,229,148589.0399049056,160636.8168632196,1.449555884786595,0.9289270849011153,0.4,0.4,0.017467248908296942,0.2671175125234672,0.17153558052434456,0.00749063670411985,0.08466094325019899,1.0,0.016863406408094434,0.9396273098617667,0.365972226858139,0.25,1.0,0.36597222222222225,1.0,0.012875067995422198
[2007] HKDC 53,10,1335,327,131162.2237628724,70618.08358493564,0.8956843748852004,0.5642326259088959,0.4,0.4,0.012232415902140673,0.14109490450686082,0.2449438202247191,0.00749063670411985,0.12436568777589,1.0,0.026737967914438502,0.9427715310431588,0.5325000077486038,0.3125,0.5416666716337204,0.5325,0.7,-0.09400915972445656
[2007] HKDC 55,10,1335,558,119400.88292743635,79308.59476850802,0.32614727660899734,0.24491836011786816,0.6,0.6,0.010752688172043012,0.30039262035552544,0.41797752808988764,0.00749063670411985,0.20639503698071393,1.0,0.020366598778004074,0.891405840193486,0.5239583283662796,0.1805555522441864,0.6066666781902313,0.5239583333333333,0.75,-0.02507106555976996
[2007] HKDC 6,10,1335,388,190491.8256231386,152128.44768634604,0.28907468232700506,0.2480152324246223,0.7,0.7,0.01804123711340206,0.39841385357610837,0.2906367041198502,0.00749063670411985,0.14574659578217591,1.0,0.026954177897574125,0.9556057063432953,0.5927083373069764,0.3125,0.85,0.5927083333333333,0.925,0.13002064167350713
[2007] HKDC 72,10,1335,412,202035.4565752876,189804.77803413785,0.3284917976921235,0.3737498205389036,0.5,0.5,0.012135922330097087,0.4450591729842841,0.3086142322097378,0.00749063670411985,0.1612104109095581,1.0,0.02032520325203252,0.9716236344329165,0.5412615805864334,0.3958333432674408,0.602142870426178,0.5412615740740742,0.7660714285714286,0.13966979291262685
[2007] HKDC 92,10,1335,490,157475.227190666,182062.85486962495,0.5974285395922163,0.5483512629716287,0.4,0.4,0.00816326530612245,0.17788011924759733,0.36704119850187267,0.00749063670411985,0.19024715754324018,1.0,0.024875621890547265,0.9769288205788934,0.8499999940395355,0.625,0.3997619092464447,0.85,0.605,0.007704770322290263
[2007] HKDC 93,10,1335,327,301577.2522789227,181990.497551327,2.059419434481291,0.9134609506940823,0.1,0.1,0.0030581039755351682,0.0526536044125142,0.2449438202247191,0.00749063670411985,0.12436568777589,1.0,0.01579778830963665,0.9419117527784129,0.38041666373610494,0.11666666716337204,0.8250000059604645,0.3804166666666666,0.9041666666666666,-0.05365115122820494
[2008] HKCA 340,10,1335,347,463534.1136428725,552538.0065616191,0.6714980673312965,1.6116098053930221,0.1,0.1,0.002881844380403458,0.21344844293755902,0.2599250936329588,0.00749063670411985,0.1319321447581668,1.0,0.07042253521126761,0.9580317206004519,0.884375,0.46875,0.2916666716337204,0.884375,0.4133333333333333,-0.03794451841056902
[2008] HKCFI 1,10,1335,507,209161.8384712454,150972.44307943687,0.4328600209289094,0.37475269691064206,0.6,0.6,0.011834319526627219,0.3134862619725616,0.3797752808988764,0.00749063670411985,0.20010548100395983,1.0,0.020161290322580645,0.9034041519199166,0.31562499701976776,0.2083333283662796,1.0,0.31562500000000004,1.0,0.07742412290097901
[2008] HKCFI 1046,10,1335,510,103996.66590055036,82099.41285560155,0.2215509257658784,0.19232169102954355,0.8,0.8,0.01568627450980392,0.4962995139836183,0.38202247191011235,0.00749063670411985,0.20410993646555864,1.0,0.01287001287001287,0.8433764634122127,0.3778472259640694,0.21875,0.8916666686534882,0.3778472222222222,0.9375,0.07923092409300883
[2008] HKCFI 1052,10,1335,347,280054.8125116326,325188.2999861374,0.4057010256925273,0.6386547308653663,0.4,0.4,0.011527377521613832,0.24611053235591906,0.2599250936329588,0.00749063670411985,0.1319321447581668,1.0,0.039525691699604744,0.9749743662254619,0.8555555582046509,0.5555555820465088,0.5500000059604645,0.8555555555555555,0.7416666666666666,0.03557880752787392
[2008] HKCFI 1105,10,1335,507,180438.1550335946,120562.93246250041,0.37341641350581745,0.22150069846815157,0.7,0.7,0.013806706114398421,0.37741327785992057,0.3797752808988764,0.00749063670411985,0.20010548100395983,1.0,0.029411764705882353,0.9036328947814062,0.46104166507720945,0.1875,0.6833333462476731,0.4610416666666667,0.825,0.08188578583336122
[2008] HKCFI 14,10,1335,444,96906.61030328965,99363.743126852,0.438698843940568,0.37144101027202225,0.6,0.6,0.013513513513513514,0.2602993051455135,0.3325842696629214,0.00749063670411985,0.16784897660809645,1.0,0.01904761904761905,1.0,0.7222222089767456,0.7222222089767456,1.0,0.7222222222222222,1.0,0.029663388548564183
[2008] HKCFI 1825,10,1335,134,307841.6772825506,299764.1953426671,4.054131179937276,1.5815286881340374,0.0,0.0,0.0,0.0,0.10037453183520599,0.00749063670411985,0.04970392629256245,1.0,0.01366120218579235,0.9322824818702856,0.5090277701616287,0.4166666567325592,0.5933333456516265,0.5090277777777777,0.7716666666666667,-0.0710720926288892
[2008] HKCFI 1971,10,1335,436,175086.17159843366,129516.22063248508,0.8454611529437877,0.65150198347719,0.2,0.2,0.0045871559633027525,0.18399046406362363,0.32659176029962544,0.00749063670411985,0.15821878517509896,1.0,0.03076923076923077,0.8665180365343532,0.3305555559694767,0.1111111119389534,0.8333333343267441,0.33055555555555555,0.9,-0.05467380599944656
[2008] HKCFI 246,10,1335,436,156457.72639745654,146230.6229891781,0.7555075797210515,0.6060809915124548,0.2,0.2,0.0045871559633027525,0.02340756626509079,0.32659176029962544,0.00749063670411985,0.15821878517509896,1.0,0.023980815347721823,0.8946306542300488,0.3548611104488373,0.25,0.9666666686534882,0.3548611111111111,0.9833333333333332,0.042917923933883356
[2008] HKCFI 283,10,1335,405,141305.15315681195,100081.76802593766,0.2274461324085622,0.17609251988985708,0.6,0.6,0.014814814814814815,0.5624850576393023,0.30337078651685395,0.00749063670411985,0.15871532774616168,1.0,0.02518891687657431,0.9519010540992974,0.743055546283722,0.6111111044883728,0.4167857199907303,0.7430555555555556,0.615,-0.0202190376417396
[2008] HKCFI 292,10,1335,526,128944.18604746713,150041.44641438732,0.37358964173752646,0.5843639945434917,0.4,0.4,0.0076045627376425855,0.3857370374740215,0.3940074906367041,0.00749063670411985,0.20477460243120893,1.0,0.01838235294117647,0.9822953737139047,0.7083333283662796,0.4583333432674408,0.8833333373069763,0.7083333333333333,0.9416666666666667,0.008136858564377873
[2008] HKCFI 305,10,1335,347,311507.8515470789,344452.8101333097,0.4512654281871198,0.6922664837053327,0.2,0.2,0.005763688760806916,0.11700054396345581,0.2599250936329588,0.00749063670411985,0.1319321447581668,1.0,0.013717421124828532,0.8797741885202577,0.2725942462682724,0.21250000596046448,0.8100000083446502,0.27259424603174603,0.9,0.14292445430104161
[2008] HKCFI 338,10,1335,313,246052.6179570537,77070.53752026198,1.78221896249974,0.44191256558026115,0.5,0.5,0.01597444089456869,0.19202097401279478,0.2344569288389513,0.00749063670411985,0.11822919407840143,1.0,0.02197802197802198,0.9225326282757813,0.5201388895511627,0.28125,0.565000006556511,0.5201388888888888,0.7616666666666666,-0.013354394853973653
[2008] HKCFI 360,10,1335,507,151382.01948983158,132375.567061237,0.3132847970909257,0.2856033052732512,0.7,0.7,0.013806706114398421,0.43743981978862995,0.3797752808988764,0.00749063670411985,0.20010548100395983,1.0,0.020876826722338204,0.9774534296119903,0.8138888895511627,0.25,0.36500000655651094,0.8138888888888889,0.5525,0.01918651187497665
[2008] HKCFI 372,10,1335,475,343552.9525919455,253537.31601133308,1.3824653347543754,0.8505470790975096,0.0,0.0,0.0,0.0,0.35580524344569286,0.00749063670411985,0.18152164894061484,1.0,0.06802721088435375,0.8922117508495754,0.29305555671453476,0.1944444477558136,0.4916666716337204,0.29305555555555557,0.7125,-0.08136421868573519
[2008] HKCFI 394,10,1335,543,211919.55641757106,144152.28218268458,0.5116616317108924,0.4239880779375236,0.5,0.5,0.009208103130755065,0.09474611807866296,0.4067415730337079,0.00749063670411985,0.20624009801405285,1.0,0.03115264797507788,0.9546237291364724,0.8513888835906982,0.625,0.6666666746139527,0.851388888888889,0.8,0.02725441822582948
[2008] HKCFI 395,10,1335,240,93211.09933197053,59197.561377492166,0.8439383317894629,0.5942401390848744,0.5,0.5,0.020833333333333332,0.3604563532205942,0.1797752808988764,0.00749063670411985,0.09464087632272164,1.0,0.029585798816568046,0.8710924542557164,0.3569444537162781,0.25,1.0,0.3569444444444444,1.0,-0.027839405177361474
[2008] HKCFI 436,10,1335,347,180005.3889004838,125244.17802972265,0.2607645633801604,0.17858027882129068,0.6,0.6,0.01729106628242075,0.4957090542814145,0.2599250936329588,0.00749063670411985,0.1319321447581668,1.0,0.04149377593360996,0.984182137876736,0.6489583373069763,0.25,0.8166666686534881,0.6489583333333334,0.9083333333333332,0.14631126336974273
[2008] HKCFI 437,10,1335,405,246522.06005912964,200225.3928866832,0.3968042768519325,0.3292727066314791,0.6,0.6,0.014814814814814815,0.2385465674402815,0.30337078651685395,0.00749063670411985,0.15871532774616168,1.0,0.03076923076923077,0.9494452450539972,0.44253968000411986,0.33571428060531616,0.8850000023841857,0.44253968253968246,0.9425000000000001,0.08986245515955958
[2008] HKCFI 451,10,1335,427,239641.80403848676,210681.18109275296,0.4036706692791607,0.3638216827902099,0.5,0.5,0.0117096018735363,0.28327560721089956,0.31985018726591763,0.00749063670411985,0.1683488803313079,1.0,0.027855153203342618,0.9029554753929965,0.4281944498419762,0.15000000596046448,0.7933333396911622,0.42819444444444443,0.8800000000000001,0.010354989853762393
[2008] HKCFI 471,10,1335,178,483215.5316754954,516133.4026503703,0.5185255755316628,0.813083955472802,0.3,0.3,0.016853932584269662,0.13639627160366632,0.13333333333333333,0.00749063670411985,0.06429442163198415,1.0,0.04975124378109453,0.8879768376643505,0.32263889312744143,0.1875,0.512500011920929,0.3226388888888889,0.6908333333333333,-0.013214663497659622
[2008] HKCFI 498,10,1335,246,345345.65243009006,232391.99781540106,0.41690376059128004,0.3294795460698996,0.6,0.6,0.024390243902439025,0.40163503658859256,0.1842696629213483,0.00749063670411985,0.08670228322166353,1.0,0.026525198938992044,0.9394863607930125,0.6284722179174423,0.25,0.356666673719883,0.6284722222222222,0.5458333333333334,0.1485843215814575
[2008] HKCFI 530,10,1335,528,88538.5719729649,112323.770330406,0.29150291509526527,0.39207613744284053,0.6,0.6,0.011363636363636364,0.3660403124179191,0.3955056179775281,0.00749063670411985,0.1999515072890574,1.0,0.02512562814070352,0.8493917898124645,0.25555555820465087,0.2222222238779068,1.0,0.2555555555555556,1.0,0.014854546607327048
[2008] HKCFI 552,10,1335,507,130790.87869290166,98265.49591245296,0.2706714709629162,0.195788907809896,0.8,0.8,0.015779092702169626,0.5196176031932863,0.3797752808988764,0.00749063670411985,0.20010548100395983,1.0,0.02403846153846154,0.8835183974386737,0.5597222298383713,0.3888888955116272,0.634523817896843,0.5597222222222221,0.7922619047619047,0.013668498690045048
[2008] HKCFI 557,10,1335,166,572479.1196803174,562799.6540923314,0.5923722165031856,0.8121375659044903,0.1,0.1,0.006024096385542169,0.008474028120993323,0.12434456928838951,0.00749063670411985,0.058041987466170265,1.0,0.021141649048625793,0.9320747474633986,0.45984127521514895,0.34761905670166016,0.5533333450555802,0.45984126984126983,0.7171428571428572,-0.026972924172486052
[2008] HKCFI 574,10,1335,462,213937.41506491526,225994.91237987563,0.3874001840364683,0.4533409363837597,0.5,0.5,0.010822510822510822,0.1782574167451579,0.34606741573033706,0.00749063670411985,0.18357061626034468,1.0,0.01841620626151013,0.851734187997874,0.467361119389534,0.2222222238779068,0.5565476298332215,0.46736111111111106,0.7403571428571428,-0.018738181793582012
[2008] HKCFI 578,10,1335,97,547519.895604729,565833.696954377,0.46656703345649414,0.6709762277386941,0.4,0.4,0.041237113402061855,0.14417695927087515,0.07265917602996255,0.00749063670411985,0.03527489425682808,1.0,0.023980815347721823,0.9332739077037079,0.6044097274541855,0.4583333432674408,0.4875000089406967,0.6044097222222222,0.6663888888888889,0.14142905044682025
[2008] HKCFI 59,10,1335,436,74806.8656876885,51190.67583431158,0.36122954962703646,0.2786352007304309,0.8,0.8,0.01834862385321101,0.3228898119852924,0.32659176029962544,0.00749063670411985,0.15821878517509896,1.0,0.022727272727272728,0.9769345578874198,0.8916666567325592,0.75,0.6666666746139527,0.8916666666666668,0.8333333333333333,0.0612474774439961
[2008] HKCFI 603,10,1335,401,413509.14592996315,491647.5086211206,0.6511189841905413,0.7414541134585404,0.3,0.3,0.007481296758104738,0.22722164151261984,0.300374531835206,0.00749063670411985,0.15450960833918473,1.0,0.05291005291005291,0.9442161427731216,0.5184722244739532,0.2152777761220932,0.481666673719883,0.5184722222222221,0.6483333333333333,-0.008305249423944703
[2008] HKCFI 652,10,1335,199,454320.5537489026,549142.4802110819,0.5062698894166566,0.6931471805599454,0.3,0.3,0.01507537688442211,0.19959110741952157,0.149063670411985,0.00749063670411985,0.0714020475893457,1.0,0.02403846153846154,0.9166736343037626,0.563657408952713,0.3611111044883728,0.45750001072883606,0.5636574074074072,0.6329166666666667,0.16760327548916362
[2008] HKCFI 653,10,1335,436,206745.9231790239,96415.46366528017,0.9983406740897012,0.40109281291378807,0.6,0.6,0.013761467889908258,0.03866848399663606,0.32659176029962544,0.00749063670411985,0.15821878517509896,1.0,0.016420361247947456,0.9087606340447004,0.31098710000514984,0.2222222238779068,1.0,0.3109871031746032,1.0,-0.021293211154122953
[2008] HKCFI 670,10,1335,507,171021.80850625734,195703.33712752952,0.35392930254576815,0.4447980583065556,0.4,0.4,0.007889546351084813,0.35365394415545065,0.3797752808988764,0.00749063670411985,0.20010548100395983,1.0,0.029069767441860465,0.7465972549668115,0.3448611080646515,0.1388888955116272,0.4500000014901161,0.3448611111111112,0.635,0.02489083787313575
[2008] HKCFI 706,10,1335,526,166295.1364678015,120296.27501181883,0.4818064494418467,0.4285973504065117,0.4,0.4,0.0076045627376425855,0.2007668559124369,0.3940074906367041,0.00749063670411985,0.20477460243120893,1.0,0.02336448598130841,0.9305145574761745,0.8166666597127914,0.3333333432674408,0.563333335518837,0.8166666666666667,0.7416666666666666,0.02102376954767544
[2008] HKCFI 724,10,1335,512,83885.89292474944,97342.98737089876,0.30380296356530867,0.33916130532510635,0.6,0.6,0.01171875,0.26941288835411964,0.38352059925093634,0.00749063670411985,0.19404452920464743,1.0,0.02544529262086514,0.9699213785469167,0.7999999910593033,0.4166666567325592,0.9,0.8,0.95,0.03224874652991621
[2008] HKCFI 725,10,1335,507,238500.12015213896,145441.56218109763,0.49357553822990924,0.3078045852507092,0.6,0.6,0.011834319526627219,0.41265233337986085,0.3797752808988764,0.00749063670411985,0.20010548100395983,1.0,0.0196078431372549,0.8819324913984095,0.47883929014205934,0.33125001192092896,0.5819444537162781,0.4788392857142857,0.7326190476190476,0.10546133075755361
[2008] HKCFI 748,10,1335,166,529725.38944304,600948.2613325445,0.5481328354082422,0.9735333148246372,0.3,0.3,0.018072289156626505,0.09093705075775102,0.12434456928838951,0.00749063670411985,0.058041987466170265,1.0,0.018315018315018316,0.9550676519865913,0.4108333349227905,0.3055555522441864,0.8166666746139526,0.41083333333333333,0.9083333333333334,0.1363186030821542
[2008] HKCFI 752,10,1335,347,398740.1553301371,439719.1566944083,0.5776343871809554,1.013763480595852,0.2,0.2,0.005763688760806916,0.1380449990220637,0.2599250936329588,0.00749063670411985,0.1319321447581668,1.0,0.024271844660194174,0.969229289323337,0.3875000007450581,0.1041666641831398,0.9083333373069763,0.38750000000000007,0.9541666666666666,0.07043189662083287
[2008] HKCFI 764,10,1335,436,178075.18831119046,213095.10947853644,0.8598946030161991,0.8205212792203396,0.2,0.2,0.0045871559633027525,0.1912097804020087,0.32659176029962544,0.00749063670411985,0.15821878517509896,0.0,0.0,0.0,0.0,0.0,0.0,1.0,1.0,0.18834871471286926
[2008] HKCFI 765,10,1335,512,119695.37129022507,125968.46284362214,0.43349134467270717,0.6092606650334238,0.3,0.3,0.005859375,0.11766818666291622,0.38352059925093634,0.00749063670411985,0.19404452920464743,1.0,0.01996007984031936,0.9574250293200359,0.45486111044883726,0.25,1.0,0.45486111111111105,1.0,0.017774193500233158
[2008] HKCFI 772,10,1335,507,211621.17763545984,228498.35628869053,0.43794961858149223,0.6072184477006948,0.3,0.3,0.005917159763313609,0.1728400440077671,0.3797752808988764,0.00749063670411985,0.20010548100395983,1.0,0.02320185614849188,0.9398284672434303,0.8236111104488373,0.625,0.5166666775941848,0.8236111111111111,0.7216666666666667,-0.013592636261819703
[2008] HKCFI 776,10,1335,436,184694.27610116632,108237.5847315033,0.8918570449569835,0.5705946646977011,0.4,0.4,0.009174311926605505,0.19079298941168749,0.32659176029962544,0.00749063670411985,0.15821878517509896,1.0,0.03424657534246575,0.9283634281983956,0.3333333358168602,0.2222222238779068,1.0,0.3333333333333333,1.0,-0.014153036274755193
[2008] HKCFI 78,10,1335,368,103685.18655360736,88009.6012921365,0.6008136215430654,0.5073308516751345,0.3,0.3,0.008152173913043478,0.17204535042647892,0.27565543071161047,0.00749063670411985,0.1372845302402558,1.0,0.019569471624266144,0.995753310079819,0.9416666626930237,0.75,1.0,0.9416666666666667,1.0,0.045805703418370085
[2008] HKCFI 794,10,1335,436,148500.93828437926,148149.93645912458,0.7170856118957414,0.5298860227498308,0.5,0.5,0.011467889908256881,0.2658343050815571,0.32659176029962544,0.00749063670411985,0.15821878517509896,1.0,0.02207505518763797,0.9523519242352095,0.5805555611848832,0.3333333432674408,0.9333333373069763,0.5805555555555555,0.9666666666666666,0.05549518791233369
[2008] HKCFI 859,10,1335,462,279297.4249232742,295390.44605087984,0.5057547964826857,0.7662391782043123,0.4,0.4,0.008658008658008658,0.1640042430612372,0.34606741573033706,0.00749063670411985,0.18357061626034468,1.0,0.016474464579901153,0.9526712855800651,0.45611111223697665,0.3333333432674408,0.95,0.4561111111111111,0.975,0.10747182442434022
[2008] HKCFI 860,10,1335,246,316811.9055275078,292893.0115776259,0.3824576156818564,0.4235673749954705,0.5,0.5,0.02032520325203252,0.1868079174035522,0.1842696629213483,0.00749063670411985,0.08670228322166353,1.0,0.0398406374501992,0.9412441560457171,0.5367063462734223,0.2604166567325592,0.4827381044626236,0.5367063492063492,0.6908333333333332,0.05848996758511134
[2008] HKCFI 918,10,1335,548,121726.11129415757,151234.9496511868,0.31488994041345786,0.41894573962995274,0.5,0.5,0.009124087591240875,0.3582922037477312,0.41048689138576777,0.00749063670411985,0.20728187154302585,1.0,0.023529411764705882,0.9849056474809872,0.9249999940395355,0.75,0.523333340883255,0.925,0.7083333333333334,0.021845591470497295
[2008] HKCFI 951,10,1335,436,108002.22497392449,105473.27767923806,0.5215242575317435,0.7119859985761794,0.3,0.3,0.006880733944954129,0.11243643873970637,0.32659176029962544,0.00749063670411985,0.15821878517509896,1.0,0.01349527665317139,0.9244657291511928,0.4233333349227905,0.2888889014720917,0.5166666716337204,0.42333333333333323,0.7416666666666666,0.015176582870720564
[2008] HKCFI 974,10,1335,115,557839.6288922026,580651.5317344605,0.5050710153483458,0.7463197251355176,0.3,0.3,0.02608695652173913,0.26649683336311186,0.08614232209737828,0.00749063670411985,0.04120996615902335,1.0,0.017761989342806393,0.894172690224861,0.4600347220897675,0.1770833283662796,0.5452381044626236,0.4600347222222223,0.7258333333333333,0.03651238487343611
[2008] HKCFI 975,10,1335,405,235932.2168149585,156714.25910981436,0.3797587634018551,0.26285874110379037,0.6,0.6,0.014814814814814815,0.31927296279314293,0.30337078651685395,0.00749063670411985,0.15871532774616168,0.4,1.0,0.9944496772865598,0.0,0.0,0.6002777993679047,0.1,0.7767857142857142,0.2008922495683447
[2008] HKCFI 976,10,1335,462,225889.74681494758,210976.56720690845,0.40904359558382397,0.48157707310216846,0.4,0.4,0.008658008658008658,0.16989234468245018,0.34606741573033706,0.00749063670411985,0.18357061626034468,1.0,0.023752969121140142,0.9174475998314433,0.5782638907432556,0.34375,0.46833334267139437,0.5782638888888888,0.6641666666666667,0.11779666528647761
[2008] HKDC 122,10,1335,313,141527.93261399824,95699.87689461789,1.0251212416365276,0.6303626458165059,0.3,0.3,0.009584664536741214,0.1408924451595878,0.2344569288389513,0.00749063670411985,0.11822919407840143,1.0,0.06802721088435375,0.9961727523272446,0.5987500011920929,0.5,0.0,0.59875,0.3,0.07676688170857034
[2008] HKDC 134,10,1335,507,221959.4208280751,236818.72115329333,0.45934459291061114,0.4911388629891533,0.4,0.4,0.007889546351084813,0.27870063243873994,0.3797752808988764,0.00749063670411985,0.20010548100395983,1.0,0.04065040650406504,0.9244835598071119,0.4463194489479065,0.25,0.35833334028720853,0.44631944444444444,0.575,0.04818984226626271
[2008] HKDC 136,10,1335,351,85423.36948234265,68410.58559445519,0.5156185365150412,0.5016828418377335,0.5,0.5,0.014245014245014245,0.2875044796098333,0.26292134831460673,0.00749063670411985,0.13234660498774947,1.0,0.03164556962025317,0.9165808130720332,0.5437500029802322,0.25,0.95,0.54375,0.975,0.040804142728039956
[2008] HKDC 139,10,1335,469,230422.38537004325,236139.70676313454,0.4392119436640938,0.6029945186180967,0.4,0.4,0.008528784648187633,0.20373981020552903,0.351310861423221,0.00749063670411985,0.19406704241203984,1.0,0.07194244604316546,0.9929480823631497,0.7361111223697663,0.6111111044883728,0.0,0.736111111111111,0.0,0.037301634684622775
[2008] HKDC 14,10,1335,269,113703.62780333112,53453.00569417399,0.9150922597985807,0.40378598264640964,0.5,0.5,0.01858736059479554,0.3510870292239529,0.20149812734082398,0.00749063670411985,0.10870476144520042,1.0,0.050505050505050504,0.9660403803825802,0.8666666686534882,0.625,0.6083333373069764,0.8666666666666666,0.75,0.100808825108841
[2008] HKDC 15,10,1335,351,147335.8716305157,84562.73138626083,0.8893246305625722,0.5471541794164159,0.5,0.5,0.014245014245014245,0.11398148538762558,0.26292134831460673,0.00749063670411985,0.13234660498774947,1.0,0.5,0.9973697693359491,0.0,0.0,0.7500000119209289,0.0,0.875,-0.02611563034827674
[2008] HKDC 151,10,1335,512,117775.9052544114,105356.33297600395,0.4265397649754359,0.458145365937078,0.4,0.4,0.0078125,0.13518634769065502,0.38352059925093634,0.00749063670411985,0.19404452920464743,1.0,0.019569471624266144,0.9972814032759741,0.9444444417953491,0.7777777910232544,1.0,0.9444444444444443,1.0,0.02892178487348169
[2008] HKDC 168,10,1335,166,67093.41129371648,54483.2414419015,0.8099564966989197,0.5053453834206998,0.4,0.4,0.024096385542168676,0.19657654383915016,0.12434456928838951,0.00749063670411985,0.05758791869349234,1.0,0.018148820326678767,0.9536190106152154,0.4075000062584877,0.20000000298023224,1.0,0.40750000000000003,1.0,0.010628829356809736
[2008] HKDC 175,10,1335,526,130715.67584031995,111067.02634584332,0.37872217432654864,0.3902069036007152,0.5,0.5,0.009505703422053232,0.2575459859879821,0.3940074906367041,0.00749063670411985,0.20477460243120893,1.0,0.017889087656529516,0.9750041676897171,0.4490277796983719,0.375,1.0,0.4490277777777778,1.0,-0.0012460212578723133
[2008] HKDC 176,10,1335,507,139264.44368399642,140870.22508126267,0.2882074973537533,0.3092854669944316,0.6,0.6,0.011834319526627219,0.2782212705048318,0.3797752808988764,0.00749063670411985,0.20010548100395983,1.0,0.03484320557491289,0.9375003044536134,0.7729166716337204,0.4583333432674408,0.7550000041723252,0.7729166666666666,0.8608333333333335,0.04269057968332905
[2008] HKDC 177,10,1335,240,61274.21648812832,51873.23997410858,0.554780068203324,0.3898318560893257,0.5,0.5,0.020833333333333332,0.1548307680577871,0.1797752808988764,0.00749063670411985,0.09464087632272164,1.0,0.02577319587628866,0.9470960039594255,0.7516666650772095,0.3333333432674408,0.95,0.7516666666666666,0.975,0.03639646361647015
[2008] HKDC 184,10,1335,269,332952.3343341574,339944.3291563573,2.6796163844310574,1.3171462898418103,0.0,0.0,0.0,0.0,0.20149812734082398,0.00749063670411985,0.10870476144520042,1.0,0.03076923076923077,0.820898828134243,0.33611111119389536,0.1111111119389534,0.8000000059604645,0.3361111111111111,0.9,-0.022282457121189925
[2008] HKDC 195,10,1335,436,166051.02931377004,121286.66776891149,0.8018319974070337,0.5117063206206032,0.3,0.3,0.006880733944954129,0.07628045221294355,0.32659176029962544,0.00749063670411985,0.15821878517509896,1.0,0.04878048780487805,0.8393460416138133,0.5958333343267441,0.1875,0.3642857179045677,0.5958333333333333,0.5821428571428571,0.03896435107748856
[2008] HKDC 199,10,1335,526,115453.13253368638,89624.01742285691,0.33450204885435625,0.2412374403305506,0.8,0.8,0.015209125475285171,0.406913792830342,0.3940074906367041,0.00749063670411985,0.20477460243120893,1.0,0.02242152466367713,0.9460258320962053,0.5034722268581391,0.2361111044883728,0.8666666686534882,0.5034722222222221,0.9333333333333332,-0.036397953824385994
[2008] HKDC 212,10,1335,512,181586.395611583,156670.0890504443,0.6576372165392466,0.5811127688183104,0.4,0.4,0.0078125,0.24797399718605836,0.38352059925093634,0.00749063670411985,0.19404452920464743,1.0,0.02544529262086514,0.9310167799827477,0.5968749970197678,0.40625,0.5500000089406967,0.5968749999999999,0.7333333333333334,0.0340051127412827
[2008] HKDC 217,10,1335,240,53120.066374935115,32996.422832136406,0.48095195231360177,0.2849620775060675,0.6,0.6,0.025,0.5258828649901508,0.1797752808988764,0.00749063670411985,0.09464087632272164,1.0,0.062111801242236024,0.9738438826022381,0.6125000059604645,0.5416666865348816,0.0,0.6125,0.4,0.11754980656909467
[2008] HKDC 233,10,1335,313,128138.58439565245,99502.72402247318,0.9281389356225638,0.683294645020279,0.3,0.3,0.009584664536741214,0.12806348248954877,0.2344569288389513,0.00749063670411985,0.11822919407840143,1.0,0.028328611898016998,0.8865632661760733,0.47222222089767457,0.3194444477558136,0.9666666686534882,0.4722222222222223,0.9833333333333332,0.02260309252428721
[2008] HKDC 257,10,1335,512,60575.224910277335,53479.14128224611,0.2193805442696531,0.21527648402897803,0.8,0.8,0.015625,0.5737144979851442,0.38352059925093634,0.00749063670411985,0.19404452920464743,1.0,0.040983606557377046,0.9526883390181694,0.7916666716337204,0.25,0.3685714304447174,0.7916666666666666,0.575,0.042646374193665286
[2008] HKDC 279,10,1335,475,146764.38716520846,116511.77661661379,0.5905834198239621,0.5480954739570922,0.3,0.3,0.00631578947368421,0.169078850021616,0.35580524344569286,0.00749063670411985,0.18152164894061484,1.0,0.05181347150259067,0.9470389132840378,0.7152777805924415,0.2222222238779068,0.6566666722297668,0.7152777777777777,0.8116666666666665,0.022739651495524704
[2008] HKDC 284,10,1335,548,153730.62809468247,164270.76898551302,0.39768154758083885,0.39582331956119265,0.6,0.6,0.010948905109489052,0.24136368249216864,0.41048689138576777,0.00749063670411985,0.20728187154302585,1.0,0.03663003663003663,0.9529029955497912,0.7916666656732559,0.3333333432674408,0.7000000059604645,0.7916666666666666,0.8166666666666667,0.03412308696201774
[2008] HKDC 286,10,1335,494,98195.63551336605,80102.66706539525,0.37434467023587625,0.36569491096795925,0.5,0.5,0.010121457489878543,0.22676380022071696,0.3700374531835206,0.00749063670411985,0.19000082915352462,1.0,0.02857142857142857,0.9617630782524799,0.5229166626930237,0.375,0.9666666686534882,0.5229166666666667,0.9833333333333332,0.03760832569233734
[2008] HKDC 291,10,1335,512,104175.51647969245,56197.187345046215,0.37728430292645365,0.22764722884905986,0.6,0.6,0.01171875,0.5611183439580302,0.38352059925093634,0.00749063670411985,0.19404452920464743,1.0,0.027700831024930747,0.9859121364682976,0.5972222268581391,0.5,1.0,0.5972222222222222,1.0,0.038870490294484465
[2008] HKDC 294,10,1335,351,111913.99427985572,124027.40396378763,0.6755169024099399,0.5577350013748177,0.3,0.3,0.008547008547008548,0.25536017019639223,0.26292134831460673,0.00749063670411985,0.13234660498774947,1.0,0.02544529262086514,0.9866941561104305,0.9249999940395355,0.5833333134651184,0.8,0.925,0.9,0.04957696650226936
[2008] HKDC 302,10,1335,347,118625.02663152658,66084.6653596829,0.7811181114803226,0.3600277024086411,0.5,0.5,0.01440922190201729,0.23746468473729024,0.2599250936329588,0.00749063670411985,0.12699752299702965,1.0,0.030959752321981424,0.9311009306303129,0.3748214319348335,0.1875,0.8833333343267441,0.3748214285714285,0.925,-0.0042463636170341195
[2008] HKDC 31,10,1335,204,141453.01287026829,105856.36699537862,1.4636836852985287,0.7393681688906923,0.2,0.2,0.00980392156862745,0.1756936286474425,0.15280898876404495,0.00749063670411985,0.07559937514003261,1.0,0.018083182640144666,0.999999997569544,0.7166666626930237,0.5833333134651184,1.0,0.7166666666666666,1.0,0.060146496185824364
[2008] HKDC 325,10,1335,494,116415.15371063887,118219.09299329999,0.44380172396089934,0.5308228662848133,0.4,0.4,0.008097165991902834,0.3182579049979044,0.3700374531835206,0.00749063670411985,0.19000082915352462,1.0,0.02386634844868735,0.9113365035121497,0.5269444406032562,0.14444445073604584,0.45666667222976687,0.5269444444444444,0.6699999999999999,0.031230222404403676
[2008] HKDC 342,10,1335,166,131095.27153333233,75819.67213114754,1.5825915662582464,0.8927181097966139,0.1,0.1,0.006024096385542169,0.024068008717505356,0.12434456928838951,0.00749063670411985,0.05758791869349234,1.0,0.021834061135371178,0.940307354448901,0.5819444417953491,0.25,0.8,0.5819444444444445,0.9,0.008135129134433747
[2008] HKDC 348,10,1335,475,186930.8626735267,133083.24013265118,0.7522142822298071,0.42885436917705366,0.3,0.3,0.00631578947368421,0.2375287278674315,0.35580524344569286,0.00749063670411985,0.18152164894061484,1.0,0.046296296296296294,0.8819148717662341,0.4340773805975914,0.1666666716337204,0.5466666802763939,0.4340773809523809,0.6958333333333333,-0.03822666545143778
[2008] HKDC 570,10,1335,32,146328.0617843467,117583.0494268018,3.5329658160544968,1.322277116756017,0.0,0.0,0.0,0.0,0.02397003745318352,0.00749063670411985,0.013714623492567999,1.0,0.03278688524590164,0.9847482680496739,0.6683333396911622,0.5625,1.0,0.6683333333333332,1.0,-0.021334883907678286
[2008] HKDC 571,10,1335,436,256691.89003034512,168286.5362590216,1.2395211987050903,0.6346218882003196,0.3,0.3,0.006880733944954129,0.2155435378543078,0.32659176029962544,0.00749063670411985,0.15821878517509896,1.0,0.02976190476190476,0.9848986630971466,0.68125,0.5104166865348816,0.25595238506793977,0.68125,0.44845238095238094,-0.15888546573067228
[2008] HKDC 60,10,1335,456,94484.51342616856,49796.20367817907,0.4025731255677771,0.1919768712660721,0.7,0.7,0.015350877192982455,0.5018249688836527,0.3415730337078652,0.00749063670411985,0.1760570973729446,1.0,0.025,0.9746731368916851,0.5402777791023254,0.3958333432674408,1.0,0.5402777777777777,1.0,0.057589095373449035
[2008] HKDC 7,10,1335,543,269870.9250935623,291137.60465962865,0.6515802515772495,1.2138253398656023,0.1,0.1,0.001841620626151013,0.028748493646934884,0.4067415730337079,0.00749063670411985,0.20624009801405285,1.0,0.04132231404958678,0.9577444142611078,0.596875,0.40625,0.5166666686534882,0.596875,0.725,-0.06426689361326178
[2008] HKDC 70,10,1335,240,250441.69943192476,308756.5915476321,2.2675126840458057,1.3292182463563167,0.3,0.3,0.0125,0.22880924182867574,0.1797752808988764,0.00749063670411985,0.09464087632272164,1.0,0.026737967914438502,0.9707812017459053,0.6874999940395355,0.5833333134651184,0.0,0.6875,0.0,-0.028533588301056602
[2008] HKDC 79,10,1335,512,94965.05222680149,84740.63036834003,0.34392748644301085,0.31283204596913006,0.6,0.6,0.01171875,0.42393778321301606,0.38352059925093634,0.00749063670411985,0.19404452920464743,1.0,0.02242152466367713,0.9086248503581692,0.46458333283662795,0.17083333432674408,0.5016666799783707,0.4645833333333333,0.7216666666666666,-0.07382779705844966
[2008] HKDC 84,10,1335,475,186103.51495238676,115734.40383481822,0.7488850151237185,0.6338023531886812,0.4,0.4,0.008421052631578947,0.2399615887012597,0.35580524344569286,0.00749063670411985,0.18152164894061484,1.0,0.01953125,0.9513782957399116,0.7555555522441864,0.5,1.0,0.7555555555555555,1.0,0.01603636012870629
[2008] HKDC 88,10,1335,475,109425.76899658321,96308.54348944931,0.44033192328955406,0.32753761630526856,0.6,0.6,0.01263157894736842,0.21005363412731862,0.35580524344569286,0.00749063670411985,0.18152164894061484,1.0,0.02976190476190476,0.9260669449055301,0.6013888895511628,0.3333333432674408,0.95,0.6013888888888889,0.975,0.025724861981728592
[2008] HKDC 94,10,1335,313,261084.69397531496,213949.36140065914,1.89109994555093,0.9346023194786905,0.3,0.3,0.009584664536741214,0.12863925680400978,0.2344569288389513,0.00749063670411985,0.11822919407840143,1.0,0.013869625520110958,0.8976794597699874,0.2874752014875412,0.190476194024086,1.0,0.2874751984126984,1.0,-0.023856249552190623
[2008] HKDC 95,10,1335,166,282276.7309785845,216298.3015000269,3.4076650406423723,1.6220139997450636,0.2,0.2,0.012048192771084338,0.0896679963535281,0.12434456928838951,0.00749063670411985,0.05758791869349234,1.0,0.026737967914438502,0.900418249651962,0.6444444477558136,0.25,0.32261904925107954,0.6444444444444445,0.46130952380952384,-0.053005088206146335
[2008] HKDC 99,10,1335,475,101922.17038013376,66730.01541360805,0.41013726219032814,0.23377409615062827,0.7,0.7,0.014736842105263158,0.4749489265844602,0.35580524344569286,0.00749063670411985,0.18152164894061484,1.0,0.04504504504504504,0.9268469305849508,0.7333333373069764,0.3333333432674408,0.6500000059604645,0.7333333333333332,0.7916666666666666,0.025095157363339973
[2009] HKCFI 1000,10,1335,443,101590.57173635444,61662.0625893946,0.4558991310465905,0.2493070816435008,0.6,0.6,0.013544018058690745,0.35524267169545953,0.3318352059925094,0.00749063670411985,0.16721490308503129,1.0,0.027700831024930747,0.967589645345459,0.7375000059604645,0.5625,1.0,0.7375,1.0,0.03755843441277642
[2009] HKCFI 1053,10,1335,439,179972.40897773005,144289.77297253316,0.8614895492807859,0.7616778118133167,0.3,0.3,0.00683371298405467,0.11282928946310405,0.32883895131086144,0.00749063670411985,0.1600759536003573,0.0,0.0,0.9760594437843376,0.0,0.0,0.38666667342185973,0.4,0.6016666666666667,0.0813825065428253
[2009] HKCFI 1159,10,1335,347,208747.56090972977,250311.45163156168,0.29976901990099936,0.30663989621321,0.6,0.6,0.01729106628242075,0.33571735715339796,0.2599250936329588,0.00749063670411985,0.13073896778413457,1.0,0.02577319587628866,0.8902844345558768,0.5784027695655822,0.1944444477558136,0.4463925093412399,0.5784027777777777,0.5918452380952381,0.16246315634606415
[2009] HKCFI 1169,10,1335,542,170499.77944889953,189865.26339757594,0.4896876548496323,0.44927821898851406,0.3,0.3,0.005535055350553505,0.2772785173494999,0.4059925093632959,0.00749063670411985,0.20431652561448602,1.0,0.024875621890547265,0.9357718534172492,0.7319444417953491,0.6388888955116272,0.4545635014772415,0.7319444444444444,0.6651190476190476,0.005491564126948956
[2009] HKCFI 125,10,1335,505,179280.85202578612,180643.43680627015,0.3677910915432472,0.4639989896011709,0.4,0.4,0.007920792079207921,0.18640694415578546,0.3782771535580524,0.00749063670411985,0.19979584572620443,1.0,0.01937984496124031,0.8684675977065398,0.2895833358168602,0.1944444477558136,1.0,0.2895833333333333,1.0,0.04660822570197917
[2009] HKCFI 17,10,1335,505,181895.92153817796,199245.37586262228,0.37315585448115274,0.3405021491434743,0.5,0.5,0.009900990099009901,0.2510956103899249,0.3782771535580524,0.00749063670411985,0.19979584572620443,1.0,0.022935779816513763,0.9345114984302432,0.6413194537162781,0.4375,0.503333343565464,0.6413194444444444,0.6966666666666667,0.09806535190923966
[2009] HKCFI 181,10,1335,557,166909.8548762865,202066.96163243748,0.4357973934034409,0.7528309743006929,0.3,0.3,0.005385996409335727,0.18606874055284764,0.41722846441947564,0.00749063670411985,0.20573518654951184,1.0,0.04926108374384237,0.9953024498175067,0.6819444537162781,0.5416666865348816,0.0,0.6819444444444445,0.0,-0.0024467215491865194
[2009] HKCFI 182,10,1335,557,192734.14624198776,175123.35482691275,0.5032239625056978,0.5119843268738702,0.4,0.4,0.00718132854578097,0.2693186349994057,0.41722846441947564,0.00749063670411985,0.20573518654951184,1.0,0.0392156862745098,0.934899700926134,0.5142361149191856,0.1284722238779068,0.5016666695475578,0.5142361111111111,0.6875,-0.03916183939678055
[2009] HKCFI 189,10,1335,47,892442.8790212529,928269.995023681,0.6102762544658418,1.0183532066527752,0.1,0.1,0.02127659574468085,0.031207017555282792,0.03520599250936329,0.00749063670411985,0.01870676545205978,1.0,0.021551724137931036,0.9123985979078388,0.566250005364418,0.3916666805744171,0.3979365140199661,0.5662499999999999,0.584642857142857,-0.015211784404082392
[2009] HKCFI 367,10,1335,505,266740.3015742307,265875.0017890283,0.5472124076053072,0.7895544125407001,0.4,0.4,0.007920792079207921,0.20386761326050562,0.3782771535580524,0.00749063670411985,0.19979584572620443,1.0,0.02518891687657431,0.9452179255837807,0.5204166680574417,0.18333333730697632,0.48333333879709245,0.5204166666666666,0.6541666666666666,0.08755439774779142
[2009] HKCFI 368,10,1335,539,164737.67667625728,142855.13780301166,0.39428206699993107,0.34569606717645396,0.5,0.5,0.00927643784786642,0.3048638788887209,0.4037453183520599,0.00749063670411985,0.20637833202919087,1.0,0.022222222222222223,0.8204494562435816,0.4847222238779068,0.25,0.5538095355033874,0.4847222222222222,0.7108333333333334,-0.0014354269858043685
[2009] HKCFI 379,10,1335,505,321816.13376715407,337062.77399460354,0.6601993786677522,0.8773435757145913,0.2,0.2,0.0039603960396039604,0.16837463972342828,0.3782771535580524,0.00749063670411985,0.19979584572620443,1.0,0.02557544757033248,0.8940081421453528,0.5506944417953491,0.3715277910232544,0.5011904835700989,0.5506944444444444,0.7175,0.09270977477420965
[2009] HKCFI 402,10,1335,239,426951.3620037328,410238.5815780106,0.5109312845600226,0.6762555454831825,0.2,0.2,0.008368200836820083,0.04528552966733328,0.17902621722846443,0.00749063670411985,0.08523874222295147,1.0,0.02481389578163772,0.9387290446093808,0.5708333343267441,0.375,0.37047619968652723,0.5708333333333333,0.5735714285714286,-0.02639910862152607
[2009] HKCFI 403,10,1335,539,210827.07856667307,209399.97938159882,0.5045921369899051,0.6383478673534988,0.3,0.3,0.0055658627087198514,0.1393720411906638,0.4037453183520599,0.00749063670411985,0.20637833202919087,1.0,0.019569471624266144,0.9158179474276504,0.5208333343267441,0.3472222089767456,0.5166666775941848,0.5208333333333333,0.725,0.025449179808192883
[2009] HKCFI 434,10,1335,400,327711.8606888685,318949.6182862913,0.522895601539596,0.7185649510847067,0.4,0.4,0.01,0.11395042867349013,0.299625468164794,0.00749063670411985,0.15840610138065495,1.0,0.02336448598130841,0.9405530697720436,0.6611111044883728,0.3611111044883728,0.6550000011920929,0.661111111111111,0.8041666666666666,-0.046235262766540546
[2009] HKCFI 478,10,1335,348,184145.9479827683,116821.2765082173,1.1497400747533597,0.5432420627703243,0.4,0.4,0.011494252873563218,0.358627475120947,0.2606741573033708,0.00749063670411985,0.13206819590927613,1.0,0.0684931506849315,0.9425960004172251,0.33333333283662797,0.1458333283662796,0.5583333402872086,0.33333333333333337,0.7375,-0.010255320027551635
[2009] HKCFI 483,10,1335,79,853256.9945022616,836913.4191064289,0.6807265511694721,1.1020246875394832,0.0,0.0,0.0,0.0,0.05917602996254682,0.00749063670411985,0.029487820984487555,1.0,0.020703933747412008,0.8049813095186613,0.3910416752099991,0.15000000596046448,0.7850000023841858,0.3910416666666666,0.8875,0.013163706660131455
[2009] HKCFI 499,10,1335,539,152662.4095198335,121493.03975980345,0.3653812023642861,0.309848309773912,0.6,0.6,0.011131725417439703,0.25002955338411625,0.4037453183520599,0.00749063670411985,0.20637833202919087,1.0,0.11627906976744186,1.0,0.0,0.0,1.0,0.0,1.0,0.17143301607431374
[2009] HKCFI 510,10,1335,347,250437.358757815,211030.40319107097,0.3596370719459073,0.3305228293365454,0.7,0.7,0.020172910662824207,0.2762357315637295,0.2599250936329588,0.00749063670411985,0.13073896778413457,1.0,0.01893939393939394,0.8567014873373949,0.35333333164453506,0.1388888955116272,0.7500000119209289,0.35333333333333333,0.875,0.1756724170675318
[2009] HKCFI 621,10,1335,516,91881.40919179023,85393.53445941243,0.32986253660295867,0.31415772364064587,0.6,0.6,0.011627906976744186,0.28685604892091043,0.3865168539325843,0.00749063670411985,0.19607952441797907,1.0,0.02493765586034913,0.9661850172343377,0.7555555462837219,0.6111111044883728,0.5266666740179062,0.7555555555555555,0.7133333333333334,0.0372415295668442
[2009] HKCFI 705,10,1335,323,222179.4307005796,212821.32504280214,1.5952883447600175,0.9236591502242959,0.3,0.3,0.009287925696594427,0.10282162523414953,0.24194756554307117,0.00749063670411985,0.11895417571356004,1.0,0.019342359767891684,0.9663643038840424,0.7625,0.5,0.8500000059604644,0.7625,0.925,0.040403810640080674
[2009] HKCFI 745,10,1335,323,75724.67279496547,55047.675072322396,0.5437167947530405,0.49524500577583996,0.5,0.5,0.015479876160990712,0.2644874157628705,0.24194756554307117,0.00749063670411985,0.11895417571356004,1.0,0.018975332068311195,0.863603407477852,0.3875,0.25,1.0,0.3875,1.0,0.09222299170510438
[2009] HKCFI 821,10,1335,539,135498.1616335134,120420.24235267282,0.3243004048706012,0.2837000741838871,0.7,0.7,0.012987012987012988,0.3843205327450745,0.4037453183520599,0.00749063670411985,0.20637833202919087,1.0,0.03003003003003003,0.9346092375693867,0.5881944477558136,0.25,0.7450000017881393,0.5881944444444444,0.8608333333333332,0.019755813670836016
[2009] HKCFI 837,10,1335,42,728107.6496883177,748448.5764891389,0.4752676468481484,0.6811634087242107,0.3,0.3,0.07142857142857142,0.33083295366597654,0.03146067415730337,0.00749063670411985,0.016848628338506345,1.0,0.023809523809523808,0.9168486123517925,0.4979580074548721,0.2817460298538208,0.41338384449481963,0.4979580026455025,0.5785714285714286,0.18215949096101972
[2009] HKCFI 85,10,1335,162,575927.1618844849,569302.9738498663,0.5907515418557715,0.8769662910494169,0.1,0.1,0.006172839506172839,0.03878437392138368,0.12134831460674157,0.00749063670411985,0.05686232440306961,1.0,0.02506265664160401,0.9298105202181164,0.5577083274722099,0.1666666716337204,0.5413095310330391,0.5577083333333334,0.7141666666666667,0.16963619888279666
[2009] HKCFI 880,10,1335,456,300582.6383480981,323592.9428466372,0.5395593755933203,0.8881090775574876,0.3,0.3,0.006578947368421052,0.19691047032108172,0.3415730337078652,0.00749063670411985,0.1819622202877315,1.0,0.026595744680851064,0.8382926373064868,0.3283333368599415,0.11666666716337204,0.8250000059604645,0.3283333333333333,0.9041666666666666,-0.021783812794498737
[2009] HKCFI 931,10,1335,542,164488.91056541435,119412.11445907225,0.4724240062004873,0.42034708691457734,0.5,0.5,0.00922509225092251,0.13897898188888402,0.4059925093632959,0.00749063670411985,0.20431652561448602,1.0,0.02564102564102564,0.9794659314115906,0.45138888657093046,0.3611111044883728,1.0,0.45138888888888873,1.0,0.007964656393891566
[2009] HKCFI 945,10,1335,542,116532.61664224828,99301.56041813144,0.3346900737436825,0.2721272513869675,0.6,0.6,0.01107011070110701,0.2567938125615023,0.4059925093632959,0.00749063670411985,0.20431652561448602,1.0,0.04081632653061224,0.9339976628217275,0.5166666775941848,0.25,0.7333333373069764,0.5166666666666666,0.8666666666666666,0.007991612054847582
[2009] HKCFI 999,10,1335,456,196105.53153195904,176212.28886017384,0.3520182626823679,0.2906687098075915,0.7,0.7,0.015350877192982455,0.30925158669656083,0.3415730337078652,0.00749063670411985,0.1819622202877315,1.0,0.01757469244288225,0.8939517107187878,0.6085069388151169,0.2569444477558136,0.4852381020784378,0.6085069444444444,0.6466666666666667,0.07155873409027423
[2009] HKDC 107,10,1335,327,355894.13701057405,372752.89191202907,2.4336990750530036,1.4739634239595087,0.2,0.2,0.0061162079510703364,0.13135604749013824,0.2449438202247191,0.00749063670411985,0.124464188874996,1.0,0.014925373134328358,0.8789810655824856,0.4613425984978676,0.1597222238779068,0.6333333402872086,0.4613425925925926,0.7999999999999999,-0.023689264041591634
[2009] HKDC 125,10,1335,103,258260.10881059914,256834.4527271386,3.708708229226082,1.5450562417399532,0.2,0.2,0.019417475728155338,0.015476314953875314,0.07715355805243446,0.00749063670411985,0.042541749773640204,1.0,0.033003300330033,0.8955058954850569,0.4295138940215111,0.2083333283662796,0.7333333402872085,0.42951388888888886,0.8666666666666666,0.020633505278118892
[2009] HKDC 136,10,1335,267,77306.81505515,61510.37016314516,0.6167520680576032,0.5505526729401566,0.2,0.2,0.00749063670411985,0.15984474098687335,0.2,0.00749063670411985,0.10990433830579917,1.0,0.03278688524590164,0.9256215411443505,0.6916666686534881,0.5625,1.0,0.6916666666666667,1.0,0.10370448936564247
[2009] HKDC 1368,10,1335,323,67387.69964353333,61234.009118675574,0.48385582536843297,0.4385817893418933,0.5,0.5,0.015479876160990712,0.1816745367817895,0.24194756554307117,0.00749063670411985,0.11895417571356004,1.0,0.02577319587628866,0.7627649094867506,0.4666666746139526,0.3333333432674408,0.8833333343267441,0.4666666666666666,0.9416666666666667,0.06065310815719855
[2009] HKDC 137,10,1335,169,96328.64856275395,43145.31131494971,1.1527617553230467,0.5630185876490419,0.4,0.4,0.023668639053254437,0.12588654813731584,0.12659176029962546,0.00749063670411985,0.05848186231196773,1.0,0.015313935681470138,0.9929375975459062,0.5206944495439529,0.375,1.0,0.5206944444444445,1.0,0.08185018317040758
[2009] HKDC 171,10,1335,521,154601.00137313205,165671.64179104473,0.48263610691103115,0.5335918293630773,0.3,0.3,0.005758157389635317,0.14785434021162036,0.3902621722846442,0.00749063670411985,0.201637297306075,1.0,0.04608294930875576,0.9597542540213357,0.440972226858139,0.1944444477558136,0.7500000029802323,0.4409722222222222,0.8583333333333332,0.020837224225914313
[2009] HKDC 1715,10,1335,267,196090.2324741113,84715.65026995118,1.564403556375042,0.5152816437032666,0.4,0.4,0.0149812734082397,0.10796320689565508,0.2,0.00749063670411985,0.10990433830579917,1.0,0.0641025641025641,0.9977354834475419,0.8791666686534881,0.8125,0.0,0.8791666666666668,0.0,0.10453046355962599
[2009] HKDC 176,10,1335,349,188317.21808783594,164187.06828808723,1.1267929640841234,0.6714660288249092,0.2,0.2,0.0057306590257879654,0.038309830695184115,0.2614232209737828,0.00749063670411985,0.13242506253315114,1.0,0.045454545454545456,0.8921134422503659,0.33027778267860414,0.2083333283662796,0.7500000119209289,0.3302777777777778,0.875,-0.0024363517629182097
[2009] HKDC 183,10,1335,249,184550.04690651238,125533.34138219297,1.6563782363118285,0.9059965654845339,0.2,0.2,0.008032128514056224,0.05824701346957422,0.18651685393258427,0.00749063670411985,0.09573338492539821,1.0,0.022935779816513763,0.915073870458893,0.5270833417773246,0.2222222238779068,0.5119047701358795,0.5270833333333333,0.6842857142857144,0.059034681148590916
[2009] HKDC 1832,10,1335,521,240890.3819856583,210981.25134224305,0.7520158027519377,0.6685387840575894,0.4,0.4,0.007677543186180422,0.1539755625862943,0.3902621722846442,0.00749063670411985,0.201637297306075,1.0,0.015174506828528073,0.8782550652658955,0.3672619104385376,0.23333333432674408,0.6804762065410614,0.3672619047619048,0.8202380952380952,0.06024158103444503
[2009] HKDC 192,10,1335,347,274761.54561050964,232543.54108565877,0.39456748081365073,0.4066076233485374,0.5,0.5,0.01440922190201729,0.1653493733176226,0.2599250936329588,0.00749063670411985,0.13073896778413457,1.0,0.0186219739292365,0.8837120602353871,0.3689583346247673,0.18333333730697632,0.6250000089406967,0.3689583333333333,0.7749999999999999,0.16128285090433783
[2009] HKDC 2,10,1335,103,67092.46571688366,40496.07166760876,0.9634719851595724,0.5299623833382432,0.4,0.4,0.038834951456310676,0.16495967847077808,0.07715355805243446,0.00749063670411985,0.042541749773640204,1.0,0.01984126984126984,0.9854474950152682,0.5861111164093018,0.5,1.0,0.586111111111111,1.0,0.02908214197467116
[2009] HKDC 206,10,1335,323,134026.24152836244,96129.65792376811,0.96233256304599,0.523311438947264,0.4,0.4,0.01238390092879257,0.2021642080912731,0.24194756554307117,0.00749063670411985,0.11895417571356004,1.0,0.052083333333333336,0.9554504621474207,0.627777774631977,0.2083333283662796,0.6333333402872086,0.6277777777777777,0.7666666666666666,-0.031153187311264905
[2009] HKDC 212,10,1335,323,95969.6221611333,68726.70836532519,0.68907917894075,0.40109281291378807,0.6,0.6,0.018575851393188854,0.14214002612113724,0.24194756554307117,0.00749063670411985,0.11895417571356004,1.0,0.02557544757033248,1.0,0.8388888716697693,0.8333333134651184,0.0,0.8388888888888888,0.3,0.06052544562211259
[2009] HKDC 23,10,1335,505,189432.18654781752,180513.7310669402,0.3886163518110954,0.38217438870322606,0.5,0.5,0.009900990099009901,0.20058804806204694,0.3782771535580524,0.00749063670411985,0.19979584572620443,1.0,0.01733102253032929,0.9625794741269769,0.7777777791023255,0.3888888955116272,0.7316666752099991,0.7777777777777778,0.8541666666666666,0.011719651620806926
[2009] HKDC 245,10,1335,513,205949.08587733615,268580.21451997705,0.43492692486549267,0.8375168340394339,0.4,0.4,0.007797270955165692,0.29864226378316383,0.3842696629213483,0.00749063670411985,0.20126532340290174,0.0,0.0,0.0,0.0,0.0,0.0,1.0,1.0,-0.11496273795632006
[2009] HKDC 247,10,1335,439,205911.28259922386,201081.95498072382,0.9856534067962845,0.839015163527657,0.2,0.2,0.004555808656036446,0.05782829312293955,0.32883895131086144,0.00749063670411985,0.1600759536003573,1.0,0.025,0.9671557723883998,0.8340277731418609,0.6666666865348816,0.36476191133260727,0.8340277777777777,0.5547619047619048,0.05575782642222051
[2009] HKDC 248,10,1335,439,134914.15796341226,113785.11919463752,0.645805308689727,0.43368053289913266,0.5,0.5,0.011389521640091117,0.3718784591437505,0.32883895131086144,0.00749063670411985,0.1600759536003573,1.0,0.02493765586034913,0.9155610427227746,0.41527777910232544,0.25,0.6900000095367431,0.41527777777777775,0.8333333333333333,-0.1290472467479414
[2009] HKDC 251,10,1335,249,148463.08717721706,53411.65787779435,1.3324896450477701,0.44986849102267357,0.4,0.4,0.01606425702811245,0.2435843108120471,0.18651685393258427,0.00749063670411985,0.09573338492539821,1.0,0.031746031746031744,0.9558805137845211,0.8395833313465119,0.625,0.608333346247673,0.8395833333333333,0.7875,0.0870498832285639
[2009] HKDC 26,10,1335,542,357065.20648218074,110465.3416011516,1.025517007446119,0.31450729297762337,0.6,0.6,0.01107011070110701,0.27553869985759966,0.4059925093632959,0.00749063670411985,0.20431652561448602,1.0,0.0423728813559322,0.8101443231231409,0.3493055567145348,0.1875,0.49722223430871965,0.3493055555555556,0.6944444444444444,-0.05802234703666484
[2009] HKDC 262,10,1335,439,183755.8503185741,119943.99730697431,0.8796000762997209,0.6109103816131709,0.3,0.3,0.00683371298405467,0.3185794759637929,0.32883895131086144,0.00749063670411985,0.1600759536003573,1.0,0.0411522633744856,0.9486459073480684,0.8298611134290695,0.3333333432674408,0.5833333373069763,0.829861111111111,0.7583333333333333,0.04487725166233308
[2009] HKDC 263,10,1335,542,149078.5773195023,86592.59361342227,0.42816441846357955,0.2494406108204199,0.6,0.6,0.01107011070110701,0.46039385084270834,0.4059925093632959,0.00749063670411985,0.20431652561448602,1.0,0.0211864406779661,0.9132016161303212,0.3874999925494194,0.1527777761220932,0.8666666686534882,0.3875,0.9333333333333332,-0.02387785705758077
[2009] HKDC 271,10,1335,542,162820.0154141986,125614.66313093324,0.4676308190454642,0.4474985155607065,0.4,0.4,0.007380073800738007,0.13932214722895397,0.4059925093632959,0.00749063670411985,0.20431652561448602,1.0,0.013908205841446454,0.9773165854897902,0.5326388895511627,0.3472222089767456,1.0,0.5326388888888889,1.0,0.01749683026215661
[2009] HKDC 273,10,1335,103,156301.40084269055,116792.23509610932,2.2445444409301682,0.9831128201790413,0.2,0.2,0.019417475728155338,0.07033527361304075,0.07715355805243446,0.00749063670411985,0.042541749773640204,1.0,0.019120458891013385,0.9903282414493377,0.7229166686534881,0.5625,1.0,0.7229166666666667,1.0,0.02884058658928936
[2009] HKDC 274,10,1335,103,225638.6678112185,133039.2857961439,3.2402525810007416,1.0209871509846327,0.3,0.3,0.02912621359223301,0.08265639581140763,0.07715355805243446,0.00749063670411985,0.042541749773640204,1.0,0.01953125,0.9404253104684822,0.7524999976158142,0.5,0.95,0.7525000000000001,0.975,0.005187400940317921
[2009] HKDC 277,10,1335,349,155240.11426722488,84625.92213010785,0.9288766596920288,0.46799790147674347,0.3,0.3,0.008595988538681949,0.07846002069317556,0.2614232209737828,0.00749063670411985,0.13242506253315114,1.0,0.025974025974025976,0.9624125458843492,0.37916667461395265,0.2777777910232544,1.0,0.3791666666666666,1.0,0.05622610788336154
[2009] HKDC 278,10,1335,249,137321.3129692007,115476.83455035632,1.2324897121222178,0.710689544019071,0.3,0.3,0.012048192771084338,0.03845496852320805,0.18651685393258427,0.00749063670411985,0.09573338492539821,1.0,0.027548209366391185,1.0,1.0,1.0,0.0,1.0,0.0,0.0407525085412906
[2009] HKDC 289,10,1335,467,311414.2598204014,291948.0638525572,1.2422280534377375,0.7715102438410151,0.0,0.0,0.0,0.0,0.349812734082397,0.00749063670411985,0.18439310020707061,1.0,0.06451612903225806,0.9881156690760725,0.5719444453716278,0.2916666567325592,0.5216666758060455,0.5719444444444444,0.6983333333333333,-0.020272548816105396
[2009] HKDC 291,10,1335,521,144252.42373548064,133897.85273325077,0.4503297364558483,0.5429434833160087,0.3,0.3,0.005758157389635317,0.19450908030149996,0.3902621722846442,0.00749063670411985,0.201637297306075,1.0,0.019569471624266144,0.9959221049784802,0.9416666626930237,0.75,1.0,0.9416666666666667,1.0,0.01451372535189568
[2009] HKDC 317,10,1335,516,107861.45509402792,58706.13518763092,0.38723234103576687,0.2366855604336653,0.7,0.7,0.013565891472868217,0.3180802174368794,0.3865168539325843,0.00749063670411985,0.19607952441797907,1.0,0.02100840336134454,0.7915932942092676,0.33361111432313917,0.11388888955116272,0.6333333373069763,0.3336111111111111,0.7708333333333333,0.07017820372104941
[2009] HKDC 38,10,1335,516,147354.10734064295,139272.2710163112,0.5290145204977137,0.4825404480217932,0.5,0.5,0.009689922480620155,0.29717876327425236,0.3865168539325843,0.00749063670411985,0.19607952441797907,1.0,0.016420361247947456,0.9302185593485603,0.5708333373069763,0.25,0.6500000029802322,0.5708333333333333,0.8083333333333333,0.037900838092708236
[2009] HKDC 42,10,1335,439,183395.1183251093,115402.23406435744,0.8778733291598325,0.4655545594819426,0.5,0.5,0.011389521640091117,0.19723323032176898,0.32883895131086144,0.00749063670411985,0.1600759536003573,0.6,0.8571428571428571,0.9887454494350241,0.0,0.0,0.600000011920929,0.1,0.7649999999999999,-0.05564213129753301
[2009] HKDC 5,10,1335,103,100601.90404445301,54107.42097055922,1.4446795950167395,0.6541592818632624,0.1,0.1,0.009708737864077669,0.13322773671862323,0.07715355805243446,0.00749063670411985,0.042541749773640204,1.0,0.028901734104046242,0.9784629470030859,0.3625,0.25,1.0,0.3625,1.0,-0.023903068964577005
[2009] HKDC 52,10,1335,323,184878.27687763085,163799.5425502131,1.3274593393826286,0.7775387514261789,0.3,0.3,0.009287925696594427,0.06969912211905806,0.24194756554307117,0.00749063670411985,0.11895417571356004,1.0,0.017094017094017096,0.8948006751366803,0.3184027776122093,0.2222222238779068,1.0,0.31840277777777776,1.0,-0.0004263504676165023
[2009] HKDC 61,10,1335,349,84958.68874501825,98362.25675092377,0.5083489108842308,0.4621892866175292,0.4,0.4,0.011461318051575931,0.1855018912567221,0.2614232209737828,0.00749063670411985,0.13242506253315114,1.0,0.027932960893854747,0.8377786570040374,0.4625,0.3333333432674408,1.0,0.4625,1.0,0.03797298443210329
[2009] HKDC 70,10,1335,349,88661.00732077958,98362.25675092377,0.5305016729328929,0.4621892866175292,0.4,0.4,0.011461318051575931,0.22034598425309668,0.2614232209737828,0.00749063670411985,0.13242506253315114,1.0,0.028011204481792718,0.9587836496081023,0.4395833432674408,0.3333333432674408,1.0,0.4395833333333332,1.0,0.03922804137095804
[2009] HKDC 89,10,1335,323,215001.35619866988,180323.68573160586,1.5437484764895486,0.8266109041626937,0.3,0.3,0.009287925696594427,0.1987811642466504,0.24194756554307117,0.00749063670411985,0.11895417571356004,1.0,0.03125,0.9529637496635589,0.5374999970197678,0.25,0.7750000119209289,0.5375,0.8875,0.02013957241974777
[2010] HKCA 452,10,1335,133,204487.20450876732,223777.75554964648,2.749942586432399,1.3882657289549831,0.1,0.1,0.007518796992481203,0.02433122000714007,0.099625468164794,0.00749063670411985,0.04798779013447045,1.0,0.05319148936170213,1.0,0.0,0.0,1.0,0.1,1.0,0.08912380141625376
[2010] HKCFI 1034,10,1335,554,138159.8469487219,138844.63935717804,0.3649589264636445,0.39793854966884634,0.5,0.5,0.009025270758122744,0.17357675286434077,0.4149812734082397,0.00749063670411985,0.20628337673416405,1.0,0.01953125,0.9057757867861406,0.64375,0.4583333432674408,0.8833333373069763,0.64375,0.9416666666666667,0.022293319207475983
[2010] HKCFI 123,10,1335,513,193349.5414287686,233960.4308841081,0.40859710041961134,0.6270108267004577,0.4,0.4,0.007797270955165692,0.315798019748622,0.3842696629213483,0.00749063670411985,0.20112066596204523,1.0,0.021551724137931036,0.8898674196225382,0.5361111104488373,0.3472222089767456,0.6150000095367432,0.536111111111111,0.7658333333333334,-0.006659667184906266
[2010] HKCFI 18,10,1335,505,178212.65299043106,113554.53972257255,0.36614761788074046,0.25490025417537243,0.6,0.6,0.011881188118811881,0.355876946283892,0.3782771535580524,0.00749063670411985,0.20032274741815148,1.0,0.015432098765432098,0.9852957568260566,0.32589285373687743,0.25,1.0,0.3258928571428571,1.0,0.09640189924798531
[2010] HKCFI 213,10,1335,517,166024.71319533576,122400.03519456409,0.4911938361562907,0.4500993454672795,0.4,0.4,0.007736943907156673,0.13469089457829425,0.3872659176029963,0.00749063670411985,0.2036872172929676,1.0,0.019342359767891684,0.9330811615713441,0.3022916704416275,0.21388888359069824,0.7083333432674408,0.3022916666666667,0.8458333333333332,-0.01840799248944754
[2010] HKCFI 244,10,1335,513,194792.74507221658,154597.37982747736,0.4116469593418013,0.3955805587378638,0.6,0.6,0.011695906432748537,0.20043814725950881,0.3842696629213483,0.00749063670411985,0.20112066596204523,1.0,0.02079002079002079,0.8068808024304878,0.34937500208616257,0.1388888955116272,0.6833333462476731,0.349375,0.825,0.0759858101753386
[2010] HKCFI 249,10,1335,417,239030.28687816035,297577.93158129207,0.39288061166560484,0.6832887964335672,0.4,0.4,0.009592326139088728,0.3341155063162619,0.31235955056179776,0.00749063670411985,0.16323797527649014,1.0,0.02512562814070352,0.9640144488077805,0.8999999940395356,0.6666666865348816,0.3975000038743019,0.8999999999999998,0.6173214285714286,-0.010795106231271006
[2010] HKCFI 264,10,1335,154,456130.3229617411,444030.7910429945,0.44982942360551287,0.5760834126420225,0.2,0.2,0.012987012987012988,0.058384531846567236,0.11535580524344569,0.00749063670411985,0.05209336807331255,1.0,0.017123287671232876,0.883964037833417,0.4811342626810074,0.2708333432674408,0.4277777835726738,0.48113425925925923,0.6138690476190476,0.18274858257925483
[2010] HKCFI 271,10,1335,417,305628.5077061757,294993.7967671716,0.5023443540075478,0.6647335518738604,0.2,0.2,0.004796163069544364,0.13977916819591027,0.31235955056179776,0.00749063670411985,0.16323797527649014,1.0,0.02617801047120419,0.9066187472998254,0.6051388949155807,0.3263888955116272,0.5033333376049995,0.6051388888888888,0.6541666666666667,0.13008731947779126
[2010] HKCFI 32,10,1335,550,145049.5701538112,155781.46104460204,0.3576147059948317,0.48865063711781165,0.5,0.5,0.00909090909090909,0.3616123270200112,0.41198501872659177,0.00749063670411985,0.20465759888401389,1.0,0.024330900243309004,0.9724123687380475,0.899999988079071,0.8333333134651184,0.5166666716337204,0.9,0.7416666666666666,0.018699306871598396
[2010] HKCFI 322,10,1335,501,172523.25900055817,157976.24685476223,0.6380252055831452,0.6939383826976844,0.3,0.3,0.005988023952095809,0.27801521669517826,0.3752808988764045,0.00749063670411985,0.19257752159498545,1.0,0.028985507246376812,0.777516278569497,0.35104166716337204,0.15625,0.8666666716337204,0.35104166666666664,0.9333333333333332,0.04285474252754965
[2010] HKCFI 329,10,1335,513,179373.2045543624,204936.64450245918,0.3790615210788456,0.3944481351437563,0.5,0.5,0.009746588693957114,0.22498815237111608,0.3842696629213483,0.00749063670411985,0.20112066596204523,1.0,0.040983606557377046,0.9417961009578704,0.8133333340287209,0.2222222238779068,0.6983333379030228,0.8133333333333332,0.8083333333333332,0.035608294225850975
[2010] HKCFI 330,10,1335,251,363892.87483998964,365525.76923927176,0.4485826580234707,0.5995214991020106,0.3,0.3,0.01195219123505976,0.17422223789870755,0.18801498127340824,0.00749063670411985,0.09192231445397678,1.0,0.01483679525222552,0.8986334493073664,0.39490740597248075,0.27314814925193787,0.7083333432674408,0.3949074074074074,0.8375,0.12297802465052679
[2010] HKCFI 331,10,1335,513,227727.36732312216,258986.56313974533,0.48124625115130837,0.4654328654396922,0.2,0.2,0.003898635477582846,0.1394328764908914,0.3842696629213483,0.00749063670411985,0.20112066596204523,1.0,0.014326647564469915,0.9426128449766372,0.3746527746319771,0.1770833283662796,0.5601190537214279,0.3746527777777778,0.7482142857142857,0.08881059997681004
[2010] HKCFI 388,10,1335,343,215078.18289798388,174390.80439744602,0.30592374940964095,0.2905026916991522,0.6,0.6,0.01749271137026239,0.44105327421731916,0.25692883895131086,0.00749063670411985,0.12924284896059554,1.0,0.03460207612456748,0.9502377718768867,0.5989583373069763,0.2847222089767456,0.85,0.5989583333333333,0.925,0.13869714038224484
[2010] HKCFI 397,10,1335,462,190641.4025413424,178229.49248404376,0.7833663237559666,0.6605386111152276,0.4,0.4,0.008658008658008658,0.19759545049887112,0.34606741573033706,0.00749063670411985,0.17912707131765143,1.0,0.025,0.9564733952346195,0.6472222179174423,0.4166666567325592,0.45238096415996554,0.6472222222222221,0.6599999999999999,0.01135040987914329
[2010] HKCFI 414,10,1335,433,88073.95111953335,77624.12980469702,0.4342865697846058,0.35551529033407014,0.6,0.6,0.013856812933025405,0.2566513874299165,0.3243445692883895,0.00749063670411985,0.15542769353990152,1.0,0.027548209366391185,0.9798782417876275,0.8666666507720947,0.8333333134651184,0.0,0.8666666666666666,0.1,0.06060093338275611
[2010] HKCFI 44,10,1335,491,146822.2436651982,149135.38225091493,0.5540589356918908,0.5764212213644848,0.3,0.3,0.006109979633401222,0.16944901960233164,0.36779026217228467,0.00749063670411985,0.19210966713216981,1.0,0.024096385542168676,0.9514082785582753,0.6395833373069764,0.5,0.5315476298332215,0.6395833333333333,0.7273809523809524,0.007184752450077558
[2010] HKCFI 448,10,1335,513,128592.16888486086,111581.36221429569,0.2717481870127948,0.23573200258180727,0.6,0.6,0.011695906432748537,0.38886457927409124,0.3842696629213483,0.00749063670411985,0.20112066596204523,1.0,0.04219409282700422,0.9692210108520504,0.43250000178813935,0.25,0.5650000020861625,0.43249999999999994,0.7483333333333333,0.0037106219009574847
[2010] HKCFI 478,10,1335,417,247547.38065701257,222782.9163024556,0.4068796787175322,0.4019918587478104,0.5,0.5,0.011990407673860911,0.10779182965115283,0.31235955056179776,0.00749063670411985,0.16323797527649014,1.0,0.024096385542168676,0.953260004945408,0.75625,0.25,0.42333333790302274,0.75625,0.6066666666666667,0.14249371698475566
[2010] HKCFI 491,10,1335,501,175776.25664005498,141308.93134720906,0.6500554355922754,0.5247587857139759,0.2,0.2,0.003992015968063872,0.20775349401528703,0.3752808988764045,0.00749063670411985,0.19257752159498545,1.0,0.06622516556291391,0.9507703399119167,0.7656250014901161,0.2395833283662796,0.2402381032705307,0.765625,0.3449999999999999,-0.06626321624349102
[2010] HKCFI 514,10,1335,501,104556.63420147686,124873.21028623696,0.38667115621356973,0.3833749291511861,0.6,0.6,0.011976047904191617,0.22534493106229792,0.3752808988764045,0.00749063670411985,0.19257752159498545,1.0,0.025906735751295335,0.9890398298727603,0.9111111044883728,0.7777777910232544,0.0,0.9111111111111112,0.2,0.01730340303802414
[2010] HKCFI 54,10,1335,464,342506.5293147835,362949.89124354534,0.6333285147915255,1.1140170981186275,0.1,0.1,0.0021551724137931034,0.08561234668120077,0.34756554307116105,0.00749063670411985,0.18734895225323353,1.0,0.02564102564102564,0.8482901456554843,0.41249999701976775,0.1875,0.9666666686534882,0.4125,0.9833333333333332,0.05777902222571428
[2010] HKCFI 548,10,1335,188,503337.7476945211,508554.18362230685,0.5474831622379461,0.6619194405739366,0.2,0.2,0.010638297872340425,0.14695199868139086,0.14082397003745317,0.00749063670411985,0.06585834917092402,1.0,0.023529411764705882,0.9328473826384285,0.6716319411993027,0.4322916567325592,0.4043650895357132,0.6716319444444444,0.6667857142857143,0.15962996093896126
[2010] HKCFI 584,10,1335,134,86048.85458995971,46729.20705056591,1.136520425005742,0.5536784395284302,0.3,0.3,0.022388059701492536,0.14150458773546098,0.10037453183520599,0.00749063670411985,0.049426094299866496,1.0,0.03278688524590164,0.9889813948659547,0.6875,0.5625,1.0,0.6875,1.0,0.04394192998298996
[2010] HKCFI 712,10,1335,519,144943.10808418086,109098.90204151657,0.4872984919619676,0.359806876874055,0.6,0.6,0.011560693641618497,0.21906459039576398,0.3887640449438202,0.00749063670411985,0.19935669997506617,1.0,0.02849002849002849,0.8918211259511155,0.3652777746319771,0.1944444477558136,0.8833333373069763,0.3652777777777777,0.9333333333333333,0.025213557244248817
[2010] HKCFI 783,10,1335,500,104068.2731657517,99279.11552515699,0.208035189357395,0.19752895642981372,0.9,0.9,0.018,0.480378098559253,0.37453183520599254,0.00749063670411985,0.19923404553424023,1.0,0.026881720430107527,0.9250452723176289,0.5870833337306977,0.1875,0.2950000077486038,0.5870833333333334,0.47916666666666663,0.11475835741930007
[2010] HKCFI 856,10,1335,550,148374.0925014336,193174.543443173,0.365811201032063,0.4079192287306954,0.5,0.5,0.00909090909090909,0.19173017688121968,0.41198501872659177,0.00749063670411985,0.20465759888401389,1.0,0.022222222222222223,0.8910516645156624,0.5618055671453476,0.3125,0.8833333373069763,0.5618055555555554,0.9416666666666667,0.024186256422650352
[2010] HKCFI 904,10,1335,550,138134.2066594108,120705.27973779017,0.3405651161182471,0.3560497767331725,0.5,0.5,0.00909090909090909,0.41960361365495963,0.41198501872659177,0.00749063670411985,0.20465759888401389,1.0,0.02178649237472767,0.9241136931605192,0.7305555582046509,0.4583333432674408,0.6350000023841857,0.7305555555555554,0.805,0.018551164424616764
[2010] HKCFI 908,10,1335,351,111949.51679134401,57862.90184179637,0.6900191688115124,0.3827773124481748,0.5,0.5,0.014245014245014245,0.1694963100897173,0.26292134831460673,0.00749063670411985,0.13215184844719063,1.0,0.016666666666666666,0.813586592695412,0.40374999716877935,0.1041666641831398,0.7333333402872085,0.40374999999999994,0.85,0.012589558144779179
[2010] HKCFI 961,10,1335,351,146351.82632941066,92827.98713614249,0.9020634340574034,0.5323670599856962,0.4,0.4,0.011396011396011397,0.09109801277501343,0.26292134831460673,0.00749063670411985,0.13215184844719063,1.0,0.029069767441860465,0.8694757100543921,0.3,0.25,0.9666666686534882,0.3,0.9833333333333332,0.03709241023861277
[2010] HKCFI 987,10,1335,462,93631.98826078282,90609.57842322913,0.38474405586637983,0.38956085113595407,0.5,0.5,0.010822510822510822,0.2231544909057952,0.34606741573033706,0.00749063670411985,0.17912707131765143,1.0,0.018726591760299626,0.9364093137073313,0.45972222089767456,0.3333333432674408,1.0,0.45972222222222214,1.0,0.051224111448656205
[2010] HKCFI 988,10,1335,433,169829.42844181848,114796.2500163225,0.8374171816860837,0.4378000960018227,0.5,0.5,0.011547344110854504,0.22651649829697085,0.3243445692883895,0.00749063670411985,0.15542769353990152,1.0,0.031055900621118012,0.9473858881243435,0.4818055540323257,0.25,0.7000000089406967,0.4818055555555555,0.8333333333333333,-0.06687494002670948
[2010] HKCFI 991,10,1335,464,244716.05136611834,245506.74949563766,0.45250423011617835,0.6186653402346289,0.4,0.4,0.008620689655172414,0.2348977377478337,0.34756554307116105,0.00749063670411985,0.18734895225323353,1.0,0.0196078431372549,0.9764836799981522,0.4245138943195343,0.3166666626930237,1.0,0.42451388888888897,1.0,0.08790761460303291
[2010] HKDC 1,10,1335,501,333038.61856744555,240748.11122545885,1.2316428191165438,0.93058162274846,0.1,0.1,0.001996007984031936,0.03129362566021613,0.3752808988764045,0.00749063670411985,0.19257752159498545,1.0,0.019342359767891684,0.9483116076881891,0.5152777701616287,0.2708333432674408,0.5028571456670761,0.5152777777777777,0.7008333333333333,-0.13408178446907715
[2010] HKDC 10,10,1335,517,160839.2989131578,169033.26904532308,0.4758524843520814,0.5861500022296351,0.5,0.5,0.009671179883945842,0.22903578264368893,0.3872659176029963,0.00749063670411985,0.2036872172929676,1.0,0.02288329519450801,0.8510266385075297,0.19999999850988387,0.125,1.0,0.2,1.0,-0.0033570839527434335
[2010] HKDC 113,10,1335,437,161273.89863999904,153319.86272524437,0.7455285517085539,0.6356180329914327,0.2,0.2,0.004576659038901602,0.16723790326451501,0.32734082397003744,0.00749063670411985,0.1656473928836789,1.0,0.01890359168241966,0.9786885907758506,0.4630092650651932,0.3333333432674408,1.0,0.46300925925925923,1.0,-0.1255133953588288
[2010] HKDC 115,10,1335,433,205984.6833336728,169795.21209940687,1.0156962463480201,0.6081167834165777,0.4,0.4,0.009237875288683603,0.0564764093187864,0.3243445692883895,0.00749063670411985,0.15542769353990152,1.0,0.023980815347721823,0.9807801125472476,0.7652777850627899,0.59375,0.47595239132642747,0.7652777777777778,0.6325000000000001,-0.14506404971216083
[2010] HKDC 139,10,1335,513,195054.6064580889,182065.46781692829,0.4122003395163216,0.4866645625654238,0.4,0.4,0.007797270955165692,0.21562471829324956,0.3842696629213483,0.00749063670411985,0.20112066596204523,1.0,0.024154589371980676,0.9493690510546541,0.5931547656655312,0.2222222238779068,0.41166667491197584,0.5931547619047619,0.6124999999999999,-0.003529957840283062
[2010] HKDC 148,10,1335,433,178503.99737185548,213095.10947853644,0.8801908819356956,0.8414451194938009,0.2,0.2,0.004618937644341801,0.2719949970554104,0.3243445692883895,0.00749063670411985,0.15542769353990152,0.0,0.0,0.0,0.0,0.0,0.0,1.0,1.0,0.1855129764129863
[2010] HKDC 161,10,1335,428,272164.8857488165,265504.099899144,0.457508950040496,0.5974055300170411,0.4,0.4,0.009345794392523364,0.21667510222623318,0.32059925093632957,0.00749063670411985,0.16833386313179236,1.0,0.01838235294117647,0.8190351696569602,0.27374999821186063,0.14166666567325592,0.590000006556511,0.27375,0.7583333333333333,0.11899578059599124
[2010] HKDC 178,10,1335,462,179211.2206554912,128154.63948403584,0.7363984592500415,0.4228356652030252,0.5,0.5,0.010822510822510822,0.31557236766238456,0.34606741573033706,0.00749063670411985,0.17912707131765143,1.0,0.02506265664160401,0.9221136303097917,0.7152777880430221,0.375,0.8000000059604645,0.7152777777777778,0.8833333333333332,-0.04346054354149565
[2010] HKDC 179,10,1335,452,215008.80918645533,256170.1462316169,0.37864056701432824,0.4944679202723572,0.4,0.4,0.008849557522123894,0.37543499349526455,0.33857677902621724,0.00749063670411985,0.17777558893140458,1.0,0.015822784810126583,0.8587869860765458,0.4182142861187458,0.1071428582072258,0.6450000077486038,0.4182142857142857,0.7883333333333333,0.12857893834433212
[2010] HKDC 182,10,1335,98,152622.73892545718,143752.39907540017,2.257716552392799,1.1391415351702028,0.1,0.1,0.01020408163265306,0.1577791822765478,0.07340823970037454,0.00749063670411985,0.04076601023185121,1.0,0.02544529262086514,0.9254431524950187,0.8249999940395355,0.25,0.4916666716337204,0.825,0.7,-0.0169197458921192
[2010] HKDC 186,10,1335,183,277016.7321564828,231970.67884833465,3.0733881855261638,1.2723597416240926,0.0,0.0,0.0,0.0,0.13707865168539327,0.00749063670411985,0.06764745139297765,1.0,0.5555555555555556,1.0,0.0,0.0,0.7333333492279053,0.0,0.8666666666666666,-0.008442572408011172
[2010] HKDC 187,10,1335,513,205787.93038712238,268257.90353954956,0.4348826019249098,0.8368359402504737,0.4,0.4,0.007797270955165692,0.32700163357491774,0.3842696629213483,0.00749063670411985,0.20112066596204523,0.0,0.0,0.0,0.0,0.0,0.0,1.0,1.0,-0.1787875006801194
[2010] HKDC 196,10,1335,401,166986.52148108036,133518.6058964396,0.8982534587123141,0.5186920888788356,0.5,0.5,0.012468827930174564,0.3332919007847099,0.300374531835206,0.00749063670411985,0.14562208358330972,1.0,0.022727272727272728,0.9059139680145589,0.6145833402872085,0.3888888955116272,0.800000011920929,0.6145833333333334,0.9,0.0371126048320474
[2010] HKDC 1970,10,1335,462,105581.57380128458,91221.469668879,0.4338462066609342,0.3179690442972216,0.6,0.6,0.012987012987012988,0.2884025011671332,0.34606741573033706,0.00749063670411985,0.17912707131765143,1.0,0.03115264797507788,0.9302429810498072,0.7402777791023254,0.5,0.5500000059604645,0.7402777777777778,0.725,0.02678471582363278
[2010] HKDC 1971,10,1335,525,216182.2574819519,252698.50098777644,0.48635597967035726,0.84402964489475,0.3,0.3,0.005714285714285714,0.13442534374730614,0.39325842696629215,0.00749063670411985,0.20333660886550944,1.0,0.01953125,0.9953450573369702,0.7763889014720917,0.7083333134651184,1.0,0.7763888888888888,1.0,-0.010541921496083732
[2010] HKDC 223,10,1335,428,340386.76009311795,386398.6816966272,0.572189864939496,1.052655186216903,0.3,0.3,0.007009345794392523,0.12254587200552629,0.32059925093632957,0.00749063670411985,0.16833386313179236,0.3,1.0,1.0,0.0,0.0,0.65,0.1,0.825,-0.17410862040813743
[2010] HKDC 238,10,1335,396,187014.73226421318,151797.322868734,0.9880250655657592,0.6527636083943626,0.2,0.2,0.005050505050505051,0.14967675933004881,0.2966292134831461,0.00749063670411985,0.14655992904451381,1.0,0.02544529262086514,0.970574013789299,0.711111119389534,0.3333333432674408,0.15583333522081375,0.711111111111111,0.2583333333333333,0.05292827957994597
[2010] HKDC 256,10,1335,365,201641.38545534498,206941.37810180345,0.29828392334925813,0.3659170659700717,0.6,0.6,0.01643835616438356,0.23362253933122382,0.27340823970037453,0.00749063670411985,0.13814806201186924,1.0,0.02506265664160401,0.8579709829465738,0.5305555567145348,0.2222222238779068,0.569841280579567,0.5305555555555556,0.7495238095238095,-0.01299378502106818
[2010] HKDC 264,10,1335,550,199141.3590716692,178846.75082734047,0.49097614353705826,0.4857399771920683,0.4,0.4,0.007272727272727273,0.4524810224052987,0.41198501872659177,0.00749063670411985,0.20465759888401389,1.0,0.02617801047120419,0.9676449346076859,0.7256249934434891,0.3916666805744171,0.42559524774551394,0.7256249999999999,0.6289285714285715,0.03393699584230775
[2010] HKDC 295,10,1335,550,167295.80716127774,121735.24524340802,0.41246203507330037,0.3145046903630364,0.8,0.8,0.014545454545454545,0.3602526477490037,0.41198501872659177,0.00749063670411985,0.20465759888401389,1.0,0.024096385542168676,0.8452854138483304,0.3982638977468014,0.1041666641831398,0.4849206477403641,0.39826388888888886,0.7104761904761905,0.039145137807791504
[2010] HKDC 30,10,1335,550,266170.7246731103,291184.5286319204,0.6562347295994699,0.6416476207987616,0.2,0.2,0.0036363636363636364,0.35828237721997086,0.41198501872659177,0.00749063670411985,0.20465759888401389,1.0,0.0234192037470726,0.9610579410893928,0.6290972232818604,0.2916666567325592,0.4965079501271248,0.6290972222222223,0.6780952380952381,0.0426699421700931
[2010] HKDC 302,10,1335,516,177657.77011459143,155187.59243981654,0.530920117441367,0.44265871998878037,0.3,0.3,0.005813953488372093,0.21351529301052485,0.3865168539325843,0.00749063670411985,0.20473962225993195,1.0,0.02066115702479339,0.8507769133491468,0.5239583358168602,0.15625,0.6916666716337204,0.5239583333333334,0.8208333333333334,0.016662186972900957
[2010] HKDC 309,10,1335,302,77901.79932457583,56229.87650434309,0.5761925877970878,0.5110621473470367,0.5,0.5,0.016556291390728478,0.5102764700395843,0.22621722846441947,0.00749063670411985,0.11738976771083474,1.0,0.021505376344086023,0.9959741082789454,0.42430555522441865,0.2916666567325592,1.0,0.42430555555555555,1.0,0.03974166402075102
[2010] HKDC 37,10,1335,517,137336.14642024937,128821.15070967888,0.40631703139108016,0.3227897471542889,0.6,0.6,0.01160541586073501,0.18205577838243417,0.3872659176029963,0.00749063670411985,0.2036872172929676,1.0,0.06944444444444445,0.9305777117605215,0.725,0.375,0.5400000080466271,0.725,0.7233333333333334,-0.050179734352614365
[2010] HKDC 42,10,1335,433,175817.50181555242,131614.01440043343,0.8669439579013124,0.6652502151855355,0.3,0.3,0.006928406466512702,0.21701856357327814,0.3243445692883895,0.00749063670411985,0.15542769353990152,1.0,0.055865921787709494,0.8868657451434439,0.5513888970017433,0.1666666716337204,0.30000000149011613,0.5513888888888889,0.45,-0.012270333363760488
[2010] HKDC 47,10,1335,513,217876.7106156343,181940.43469648378,0.4604292906446223,0.45570037328998136,0.5,0.5,0.009746588693957114,0.16765815433942372,0.3842696629213483,0.00749063670411985,0.20112066596204523,1.0,0.03367003367003367,0.8695262171873711,0.5312500044703483,0.2222222238779068,0.6833333373069763,0.53125,0.8416666666666666,0.02826695253955563
[2010] HKDC 475,10,1335,233,138903.6776376747,114135.6156564416,1.2842333259068799,0.9433606388324911,0.2,0.2,0.008583690987124463,0.06284482972641968,0.1745318352059925,0.00749063670411985,0.09198451795402729,1.0,0.05319148936170213,1.0,0.0,0.0,1.0,0.2,1.0,0.14792809742335963
[2010] HKDC 50,10,1335,517,187009.44941672852,180577.48754739924,0.553278407103186,0.4279730677814584,0.3,0.3,0.005802707930367505,0.09176676571504266,0.3872659176029963,0.00749063670411985,0.2036872172929676,1.0,0.06944444444444445,0.9997501607466367,0.6708333373069764,0.5555555820465088,0.0,0.6708333333333332,0.1,-0.050017835793481145
[2010] HKDC 57,10,1335,517,133996.26275790174,125990.09325647609,0.39643578999725165,0.3947826968593162,0.5,0.5,0.009671179883945842,0.2958620173990305,0.3872659176029963,0.00749063670411985,0.2036872172929676,1.0,0.04219409282700422,0.9063641817706009,0.30624999701976774,0.25,0.6933333456516266,0.30625,0.8383333333333333,0.015676159069922004
[2010] HKDC 59,10,1335,98,262416.4962522618,215996.20913585235,3.8818728544703953,1.4328544268588663,0.1,0.1,0.01020408163265306,0.0557214834377483,0.07340823970037454,0.00749063670411985,0.04076601023185121,0.0,0.0,0.0,0.0,0.0,0.0,0.1,1.0,0.13670589823084356
[2010] HKDC 75,10,1335,501,157407.03930332343,129884.58728107913,0.5821224291352636,0.6546177584980271,0.4,0.4,0.007984031936127744,0.18494510717325718,0.3752808988764045,0.00749063670411985,0.19257752159498545,1.0,0.019417475728155338,0.9608697031254825,0.8611111134290695,0.3333333432674408,0.5833333462476731,0.861111111111111,0.7716666666666667,0.031427470673681186
[2010] HKDC 85,10,1335,462,212344.55780320024,154555.94049157624,0.8725469567388758,0.6387128391536798,0.2,0.2,0.004329004329004329,0.29557509733233067,0.34606741573033706,0.00749063670411985,0.17912707131765143,1.0,0.030864197530864196,0.9621059932513287,0.39513889104127886,0.1944444477558136,0.7833333432674408,0.3951388888888888,0.8916666666666668,0.0005593463734150498
[2010] HKDC 86,10,1335,462,196657.53690642398,154555.94049157624,0.8080872762771476,0.6387128391536798,0.2,0.2,0.004329004329004329,0.3299003678567034,0.34606741573033706,0.00749063670411985,0.17912707131765143,1.0,0.029069767441860465,0.9577982380009104,0.4173611134290695,0.25,0.7833333432674408,0.41736111111111107,0.8916666666666668,0.002680985398741536
[2011] HKCFI 1211,10,1335,402,59238.1469232245,63393.58644774089,0.3084653056002141,0.32364447783179884,0.6,0.6,0.014925373134328358,0.31916541233469203,0.30112359550561796,0.00749063670411985,0.1486152191074838,1.0,0.02577319587628866,0.9470960039594255,0.7516666650772095,0.3333333432674408,0.95,0.7516666666666666,0.975,0.06443760176673859
[2011] HKCFI 1255,10,1335,506,251728.0889020124,234223.7773072354,0.5174211784685747,0.6568142902005194,0.3,0.3,0.005928853754940711,0.12441588081967621,0.3790262172284644,0.00749063670411985,0.20050756919440513,1.0,0.03759398496240601,0.9220413419309053,0.4500000074505806,0.1666666716337204,0.40813492611050606,0.45,0.5691666666666666,-0.03544009451075906
[2011] HKCFI 1275,10,1335,402,177823.07203955276,163983.0244994404,0.9259615823320855,0.744580662517424,0.2,0.2,0.004975124378109453,0.04589758047910757,0.30112359550561796,0.00749063670411985,0.1486152191074838,1.0,0.027777777777777776,0.8577758505655051,0.4642361104488373,0.21875,0.5622222304344178,0.46423611111111107,0.7039285714285716,0.03644479615054536
[2011] HKCFI 144,10,1335,557,201806.56563790713,210498.5258143791,0.5254243015257223,0.7948866649641824,0.3,0.3,0.005385996409335727,0.10406877159738502,0.41722846441947564,0.00749063670411985,0.2060683868710486,1.0,0.013888888888888888,0.8479971058389079,0.325,0.1944444477558136,0.9333333373069763,0.325,0.9666666666666666,0.017219846844168992
[2011] HKCFI 157,10,1335,402,494941.24003182387,216688.98122937372,2.577261592237786,0.7628249410152002,0.3,0.3,0.007462686567164179,0.13822473693354295,0.30112359550561796,0.00749063670411985,0.1486152191074838,1.0,0.08333333333333333,0.8765368045186035,0.36458333730697634,0.2083333283662796,0.33355312049388885,0.3645833333333333,0.5769696969696969,-0.07862866675419394
[2011] HKCFI 1637,10,1335,402,214652.5426915179,88653.02923738668,1.1177402673486247,0.4346839909397593,0.4,0.4,0.009950248756218905,0.1824630113336712,0.30112359550561796,0.00749063670411985,0.1486152191074838,1.0,0.059880239520958084,0.98252617763765,0.79375,0.625,0.2859992846846581,0.79375,0.4892857142857142,-0.005187139922112569
[2011] HKCFI 214,10,1335,491,131658.24419151453,101686.38349409575,0.5141788185317258,0.38443602338063076,0.7,0.7,0.014256619144602852,0.2530253890344025,0.36779026217228467,0.00749063670411985,0.185969832397268,1.0,0.026455026455026454,0.8456024718080065,0.608749994635582,0.1875,0.6916666686534881,0.6087499999999999,0.8458333333333332,0.016598867898478052
[2011] HKCFI 274,10,1335,557,133266.91483309102,144364.95595985258,0.34697421970057035,0.39965515790379946,0.5,0.5,0.008976660682226212,0.29433959806567517,0.41722846441947564,0.00749063670411985,0.2060683868710486,1.0,0.01824817518248175,0.9138613137253387,0.5604166626930237,0.25,0.6666666746139527,0.5604166666666666,0.8083333333333333,0.046964914338499905
[2011] HKCFI 295,10,1335,546,221736.59241570844,232528.8823863988,0.541232054122802,0.5150938608308389,0.3,0.3,0.005494505494505495,0.10053168576804704,0.40898876404494383,0.00749063670411985,0.20515602105724207,1.0,0.022321428571428572,0.9242149091888495,0.5135416716337204,0.25,0.5841666787862778,0.5135416666666667,0.7610714285714286,-0.015195525504803546
[2011] HKCFI 361,10,1335,491,219573.619017122,185686.89651285263,0.8575239985938954,0.7095171238058473,0.3,0.3,0.006109979633401222,0.3087039376470991,0.36779026217228467,0.00749063670411985,0.185969832397268,1.0,0.05714285714285714,0.9287578836881464,0.6857638895511627,0.5555555820465088,0.3360714316368103,0.6857638888888888,0.5264285714285715,-0.03905227862712613
[2011] HKCFI 362,10,1335,491,185827.1273183668,166587.48678706697,0.7257302675001082,0.6257348412387946,0.4,0.4,0.008146639511201629,0.39332794472183197,0.36779026217228467,0.00749063670411985,0.185969832397268,1.0,0.06944444444444445,0.9759379182868697,0.7729166686534882,0.5416666865348816,0.36448412835597993,0.7729166666666666,0.5180952380952382,-0.037987621570299016
[2011] HKCFI 367,10,1335,513,222565.95022543846,229235.60821691874,0.4698433865241177,0.6634787023580406,0.3,0.3,0.005847953216374269,0.07079185224541724,0.3842696629213483,0.00749063670411985,0.20121760973262226,1.0,0.027777777777777776,0.8976115576075668,0.5506944447755814,0.3333333432674408,0.620000010728836,0.5506944444444444,0.7849999999999999,0.005764849677638713
[2011] HKCFI 379,10,1335,492,215124.35576779372,137355.76211105788,0.42007391092494845,0.31233564828468285,0.7,0.7,0.014227642276422764,0.2904854221143365,0.3685393258426966,0.00749063670411985,0.19510343669090377,1.0,0.02044989775051125,0.7974877803930578,0.24114583432674408,0.140625,0.7083333432674408,0.2411458333333333,0.8541666666666666,0.10680990058033286
[2011] HKCFI 416,10,1335,283,122629.62602568681,88271.86903267991,0.9578368086871212,1.13014341838407,0.1,0.1,0.0035335689045936395,1.2432279680080165e-16,0.21198501872659176,0.00749063670411985,0.1118946938097389,0.9,1.0,0.9993604578848805,0.0,0.0,0.6866666793823242,0.5,0.835,0.041554561874722125
[2011] HKCFI 417,10,1335,492,248954.79195177363,171521.57359662512,0.4861346950950175,0.2863503962145568,0.7,0.7,0.014227642276422764,0.4588996421257456,0.3685393258426966,0.00749063670411985,0.19510343669090377,1.0,0.02518891687657431,0.8601901595373832,0.45611111223697665,0.1875,0.5883333414793015,0.4561111111111111,0.7541666666666667,0.038326248872142775
[2011] HKCFI 476,10,1335,463,179354.8365141524,149441.40492402308,0.33354921333713033,0.30175379344408615,0.5,0.5,0.01079913606911447,0.4225093751900951,0.34681647940074906,0.00749063670411985,0.18873659162535716,1.0,0.03759398496240601,0.9106093528754285,0.5700000047683715,0.3125,0.4154761999845505,0.5700000000000001,0.6233333333333333,0.06727067607119877
[2011] HKCFI 484,10,1335,246,220793.56269181002,222168.17723133485,1.916196384922916,1.2109859891162014,0.1,0.1,0.0040650406504065045,0.05414252602201891,0.1842696629213483,0.00749063670411985,0.10120144259899255,0.0,0.0,0.0,0.0,0.0,0.0,1.0,1.0,0.2304590609933221
[2011] HKCFI 500,10,1335,492,220228.2931202698,214965.76440377542,0.43004038318755383,0.5445338522095238,0.3,0.3,0.006097560975609756,0.19063711527219926,0.3685393258426966,0.00749063670411985,0.19510343669090377,1.0,0.021691973969631236,0.9251558960519373,0.5076389014720917,0.2638888955116272,0.6433333367109298,0.5076388888888889,0.8,0.0236115487890019
[2011] HKCFI 513,10,1335,491,85119.47512596447,70538.60754374467,0.3324260582622126,0.31415772364064587,0.8,0.8,0.016293279022403257,0.33885316693449014,0.36779026217228467,0.00749063670411985,0.185969832397268,1.0,0.023094688221709007,0.9600810396422002,0.7847222328186035,0.4027777910232544,0.6333333373069763,0.7847222222222222,0.8166666666666667,0.03571605962946137
[2011] HKCFI 550,10,1335,492,232958.5895090346,307165.21970811766,0.4548988673521013,0.9158514655468828,0.4,0.4,0.008130081300813009,0.31135045844905235,0.3685393258426966,0.00749063670411985,0.19510343669090377,0.0,0.0,0.0,0.0,0.0,0.0,1.0,1.0,-0.2356186853641499
[2011] HKCFI 628,10,1335,557,228964.27508358067,237222.75810826494,0.5961322117040975,0.4788024235618469,0.5,0.5,0.008976660682226212,0.23957571066160174,0.41722846441947564,0.00749063670411985,0.2060683868710486,1.0,0.03424657534246575,0.9566224326671352,0.6979166626930237,0.4375,0.6600000083446502,0.6979166666666666,0.8075000000000001,-0.013466974294553022
[2011] HKCFI 630,10,1335,395,340604.480319427,321902.66031174443,0.5320794314179157,0.7000597731154317,0.2,0.2,0.005063291139240506,0.10210425468714077,0.2958801498127341,0.00749063670411985,0.15178560500708024,1.0,0.01733102253032929,0.8886575214729479,0.26075893044471743,0.140625,1.0,0.26075892857142857,1.0,0.08767337786382862
[2011] HKCFI 650,10,1335,402,236269.6281200617,165756.1795422066,1.2303049103909522,0.6105103523620512,0.3,0.3,0.007462686567164179,0.11986244123219258,0.30112359550561796,0.00749063670411985,0.1486152191074838,1.0,0.02717391304347826,0.9564491746409222,0.6090277820825577,0.4479166567325592,0.40452381521463393,0.6090277777777777,0.6127380952380952,-0.12566099300193656
[2011] HKDC 1040,10,1335,230,56774.88272857571,41672.194513801194,0.5543223347485939,0.34080501498800686,0.6,0.6,0.02608695652173913,0.27704565316410695,0.17228464419475656,0.00749063670411985,0.08451513182402765,1.0,0.028985507246376812,0.9296954859701871,0.5312499940395355,0.25,1.0,0.53125,1.0,0.08586548292978703
[2011] HKDC 1225,10,1335,283,82460.94678792074,54883.58700123407,0.6440868546407863,0.47909083679165754,0.5,0.5,0.0176678445229682,0.2538113821432641,0.21198501872659176,0.00749063670411985,0.1118946938097389,1.0,0.026737967914438502,0.9192718193390671,0.3111111134290695,0.2083333283662796,0.7,0.31111111111111106,0.85,-0.05542887271849827
[2011] HKDC 136,10,1335,444,88091.2420101108,69722.68143165432,0.39317944310304287,0.2861139848590559,0.6,0.6,0.013513513513513514,0.2641223474565666,0.3325842696629214,0.00749063670411985,0.1697324842657556,1.0,0.035211267605633804,0.823902310567517,0.4158333294093609,0.1041666641831398,0.6583333343267441,0.41583333333333333,0.7291666666666666,0.0424187920337938
[2011] HKDC 146,10,1335,513,118073.74469147288,111557.82472643576,0.41920530977685094,0.47460207058847104,0.5,0.5,0.009746588693957114,0.19171506186314016,0.3842696629213483,0.00749063670411985,0.19978320876358527,1.0,0.02457002457002457,0.9272322858416494,0.551388892531395,0.2083333283662796,0.6500000059604645,0.5513888888888889,0.825,0.03210644360225384
[2011] HKDC 1462,10,1335,239,224321.77188403462,165405.50112189705,2.061335201096535,0.9241386696134208,0.1,0.1,0.0041841004184100415,0.031010289811248204,0.17902621722846443,0.00749063670411985,0.09308868312220378,1.0,0.028328611898016998,0.9206903289162279,0.529861107468605,0.25,0.8083333373069763,0.5298611111111111,0.8875,0.00310259435892823
[2011] HKDC 1464,10,1335,206,116106.76009893557,56456.36944900872,1.2091839159853113,0.46243509605880906,0.3,0.3,0.014563106796116505,0.12177506727363775,0.1543071161048689,0.00749063670411985,0.07443751560773719,1.0,0.02631578947368421,0.9432994719136442,0.5476388901472091,0.3125,0.683333334326744,0.5476388888888889,0.8416666666666666,-0.05236249123773804
[2011] HKDC 1494,10,1335,27,338448.55417089246,338465.6582529748,8.81185875273765,2.2835151965660563,0.0,0.0,0.0,0.0,0.020224719101123594,0.00749063670411985,0.01237613515120681,1.0,0.038461538461538464,0.8371087708114117,0.5500000029802322,0.2222222238779068,0.4150000065565109,0.55,0.57,-0.020545819601287426
[2011] HKDC 1562,10,1335,522,175059.18257177263,161385.44226173675,0.5469416623053222,0.46843931095655655,0.4,0.4,0.007662835249042145,0.09029381913369579,0.39101123595505616,0.00749063670411985,0.20172900096662502,1.0,0.021231422505307854,0.885495586921092,0.4183730185031891,0.255952388048172,0.5883333384990692,0.41837301587301584,0.7458333333333332,-0.0905837913278099
[2011] HKDC 162,10,1335,199,597008.3120575856,651863.5837217141,0.6661598539947576,1.305361974116395,0.1,0.1,0.005025125628140704,0.026529393536274717,0.149063670411985,0.00749063670411985,0.07158223433923869,1.0,0.02336448598130841,0.9399416068050364,0.7874999970197678,0.3333333432674408,0.6550000011920929,0.7874999999999999,0.8041666666666666,-0.04050901636075221
[2011] HKDC 1761,10,1335,352,72612.1406528063,66074.46694360563,0.47263307767254553,0.39500318797143397,0.5,0.5,0.014204545454545454,0.14436282456622526,0.2636704119850187,0.00749063670411985,0.12956382129179853,1.0,0.034129692832764506,0.9543595799971585,0.3375,0.25,0.933333334326744,0.3375,0.9666666666666666,-0.01570855489645074
[2011] HKDC 2,10,1335,491,123128.48459016831,125197.84749535874,0.4808666492778196,0.5869081801238503,0.4,0.4,0.008146639511201629,0.15616722890709475,0.36779026217228467,0.00749063670411985,0.185969832397268,1.0,0.033003300330033,0.986152167188361,0.575,0.4375,0.49333334863185885,0.575,0.7333333333333333,0.04472994357836246
[2011] HKDC 21,10,1335,354,186044.3099500694,71504.2306682831,1.1178130057291076,0.42715842498708856,0.5,0.5,0.014124293785310734,0.2035240187337299,0.2651685393258427,0.00749063670411985,0.1324601585065412,1.0,0.025974025974025976,0.9529379780983619,0.6239120334386825,0.2847222089767456,0.3542857185006142,0.623912037037037,0.5683333333333334,-0.10866114738775233
[2011] HKDC 32,10,1335,514,196530.7494746502,166354.54398663857,0.4385898579009567,0.46410209900412447,0.4,0.4,0.007782101167315175,0.1817051483921766,0.3850187265917603,0.00749063670411985,0.20609809179057398,1.0,0.015479876160990712,0.864221962026828,0.409722226858139,0.2666666805744171,0.6950000077486038,0.4097222222222222,0.8258333333333333,0.07158722522858497
[2011] HKDC 34,10,1335,491,119005.73920749538,113173.44634019422,0.46476565717521856,0.5671626743405476,0.5,0.5,0.010183299389002037,0.2191832125019289,0.36779026217228467,0.00749063670411985,0.185969832397268,1.0,0.9090909090909091,1.0,0.0,0.0,1.0,0.0,1.0,0.018439883370371217
[2011] HKDC 36,10,1335,491,140722.24363149537,138989.2080006104,0.5495774109392184,0.7122586763704373,0.4,0.4,0.008146639511201629,0.2490003459027886,0.36779026217228467,0.00749063670411985,0.185969832397268,1.0,0.024213075060532687,0.9081199157766849,0.417361119389534,0.25,1.0,0.41736111111111107,1.0,-0.022236768744965663
[2011] HKDC 48,10,1335,91,231858.01888344492,223702.14978959822,3.6219982409359788,1.5002138467342032,0.0,0.0,0.0,0.0,0.06816479400749063,0.00749063670411985,0.036198851154032485,1.0,0.04854368932038835,0.8166906054918791,0.30625000298023225,0.1041666641831398,0.5,0.30625,0.65,0.0039034224615043466
[2011] HKDC 671,10,1335,491,101325.16521351846,61074.18389896366,0.3957158479284708,0.25353428744413975,0.6,0.6,0.012219959266802444,0.4738121079478359,0.36779026217228467,0.00749063670411985,0.185969832397268,1.0,0.027624309392265192,0.9808896398066792,0.5749999910593033,0.4583333432674408,1.0,0.575,1.0,0.0412503632564638
[2011] HKDC 68,10,1335,91,160258.0597814775,122414.52977381507,2.5034907717214594,1.0672971181693676,0.1,0.1,0.01098901098901099,0.05457268037383518,0.06816479400749063,0.00749063670411985,0.036198851154032485,1.0,0.02,0.9983467869458567,0.725,0.5833333134651184,1.0,0.725,1.0,0.003862273475593877
[2012] HKCFI 1004,10,1335,467,140743.36281019473,128351.30201648554,0.5699472214701127,0.6614123935856124,0.3,0.3,0.006423982869379015,0.19639785673744228,0.349812734082397,0.00749063670411985,0.18213483037051556,1.0,0.028328611898016998,0.917030705268719,0.7479166656732559,0.4166666567325592,0.2750000059604645,0.7479166666666666,0.42107142857142854,0.022765933397133016
[2012] HKCFI 1353,10,1335,561,209026.49429716996,159665.93330025274,0.5643087638833507,0.3581777487233806,0.6,0.6,0.0106951871657754,0.43945530249065795,0.4202247191011236,0.00749063670411985,0.20561717441441435,1.0,0.011210762331838564,0.8733958668705069,0.3987847208976746,0.1875,0.6200000047683716,0.3987847222222222,0.805,0.050404545633195734
[2012] HKCFI 1354,10,1335,220,560039.3050761742,545851.0366709823,0.6479734044575041,0.9996053580828974,0.0,0.0,0.0,0.0,0.1647940074906367,0.00749063670411985,0.0790460712017357,1.0,0.4,1.0,0.0,0.0,1.0,0.0,1.0,-0.08911290907780284
[2012] HKCFI 1355,10,1335,561,154126.0715014047,162342.12119901378,0.4160941089482367,0.4276032228023361,0.5,0.5,0.008912655971479501,0.18704164566972392,0.4202247191011236,0.00749063670411985,0.20561717441441435,1.0,0.012453300124533,0.9377551515351465,0.44965276718139646,0.296875,1.0,0.4496527777777778,1.0,0.06086676766892067
[2012] HKCFI 1398,10,1335,310,324235.0792338952,306244.8874818174,0.43766867301992773,0.5350079306176081,0.3,0.3,0.00967741935483871,0.08936903495746948,0.23220973782771537,0.00749063670411985,0.11431374546132606,1.0,0.0186219739292365,0.9107189369193373,0.5166666626930236,0.25833332538604736,0.7338095366954803,0.5166666666666667,0.8519047619047619,0.1388977745561345
[2012] HKCFI 1679,10,1335,504,192833.85863324397,192843.41435839454,0.3904451326830773,0.4102695376614829,0.5,0.5,0.00992063492063492,0.2712452732579069,0.3775280898876405,0.00749063670411985,0.20017728895600184,1.0,0.01524390243902439,0.7846625084377841,0.36972222328186033,0.1875,0.6500000089406968,0.3697222222222222,0.7908333333333333,0.04604082591560721
[2012] HKCFI 1692,10,1335,338,78380.24002417458,78528.49185558189,0.5290077761391363,0.639516243812638,0.4,0.4,0.011834319526627219,0.2772449633266844,0.2531835205992509,0.00749063670411985,0.12540237858665337,1.0,0.02012072434607646,0.925321093594738,0.558333334326744,0.3333333432674408,1.0,0.5583333333333333,1.0,0.10801671625572276
[2012] HKCFI 1829,10,1335,91,798915.0782131493,871716.7993878453,0.6470492390212804,0.7594859200692543,0.2,0.2,0.02197802197802198,0.16935131559293878,0.06816479400749063,0.00749063670411985,0.030097735891712815,1.0,0.06134969325153374,0.9152044809872529,0.42875000089406967,0.1666666716337204,0.4406993091106415,0.42874999999999996,0.6577777777777778,0.030224016870173627
[2012] HKCFI 1948,10,1335,445,114065.9991760687,109204.11664920638,0.5132399062026315,0.3995575120219099,0.5,0.5,0.011235955056179775,0.34956088503562827,0.3333333333333333,0.00749063670411985,0.16660828962558452,1.0,0.02386634844868735,0.9906667794525713,0.9499999940395355,0.8333333134651184,0.41833333671092987,0.95,0.6458333333333333,0.0374862050887752
[2012] HKCFI 1997,10,1335,526,93424.79529094417,77217.05659570999,0.2702345269194299,0.2253209700982941,0.8,0.8,0.015209125475285171,0.38013958083489,0.3940074906367041,0.00749063670411985,0.20555391951513136,1.0,0.03076923076923077,0.9854308592303243,0.3861111134290695,0.25,0.9666666686534882,0.3861111111111111,0.9833333333333332,-0.005973199931828348
[2012] HKCFI 1998,10,1335,266,244294.644933387,243991.34271805667,1.9785665386947286,1.0905710231177528,0.1,0.1,0.0037593984962406013,0.004608083019761981,0.199250936329588,0.00749063670411985,0.10844404706407183,1.0,0.03257328990228013,0.9334891185677915,0.6583333373069763,0.3333333432674408,0.48166667073965075,0.6583333333333333,0.6425,-0.028767697801171055
[2012] HKCFI 4,10,1335,512,101665.66274571486,107488.4398710476,0.35800012067527476,0.3343729117952208,0.6,0.6,0.01171875,0.2993594381918885,0.38352059925093634,0.00749063670411985,0.19797612489332223,1.0,0.019230769230769232,0.9375399164000305,0.7583333343267441,0.3333333432674408,0.6416666775941848,0.7583333333333333,0.8041666666666666,0.03235034336302333
[2012] HKCFI 506,10,1335,409,223277.41870605253,192053.174960698,0.3616691881382724,0.3772613788034711,0.5,0.5,0.012224938875305624,0.39141577842038155,0.3063670411985019,0.00749063670411985,0.16065372028845784,1.0,0.041666666666666664,0.9270527095443729,0.7884920626878739,0.3333333432674408,0.5285714417695999,0.7884920634920635,0.7642857142857142,0.006078436872504801
[2012] HKCFI 684,10,1335,6,294753.4557605322,305008.4576988821,23.872374480064728,3.2462311645904594,0.0,0.0,0.0,0.0,0.0044943820224719105,0.00749063670411985,0.005743910086423319,1.0,0.03745318352059925,0.9085791686412721,0.25138889253139496,0.1388888955116272,0.95,0.25138888888888883,0.975,-0.0015922183783610708
[2012] HKCFI 73,10,1335,524,119124.33523424882,109621.61724742693,0.38591991847059354,0.39313365601894823,0.5,0.5,0.009541984732824428,0.19954634138919622,0.39250936329588015,0.00749063670411985,0.2015777267061852,1.0,0.16393442622950818,1.0,0.0,0.0,1.0,0.0,1.0,0.10931692747037002
[2012] HKCFI 948,10,1335,524,109475.75127406321,93720.42844951677,0.3546619834067849,0.2634663646134463,0.7,0.7,0.013358778625954198,0.41778906607966976,0.39250936329588015,0.00749063670411985,0.2015777267061852,1.0,0.023923444976076555,0.8732994181520541,0.3834722235798836,0.125,0.8833333373069763,0.3834722222222222,0.9416666666666667,-0.07820565797346204
[2012] HKDC 1,10,1335,504,234443.25849272712,210292.0062722689,0.4746947959120759,0.4042018313401483,0.5,0.5,0.00992063492063492,0.4813795787187911,0.3775280898876405,0.00749063670411985,0.20017728895600184,1.0,0.06622516556291391,0.9905599618667009,0.7168055534362793,0.550000011920929,0.3352380976080894,0.7168055555555556,0.5549999999999999,0.02195004851636127
[2012] HKDC 1003,10,1335,367,147596.82820381102,113042.49306096166,0.853858098810979,0.5415323299802335,0.1,0.1,0.0027247956403269754,0.035680729968468,0.27490636704119853,0.00749063670411985,0.13724658490987535,1.0,0.028089887640449437,0.981666845726545,0.5375000059604644,0.4305555522441864,1.0,0.5375,1.0,0.027332144139362607
[2012] HKDC 105,10,1335,491,241086.9529801563,241662.174117923,0.9298033922314906,0.7379385147958599,0.3,0.3,0.006109979633401222,0.11325282498864286,0.36779026217228467,0.00749063670411985,0.18976961308350082,1.0,0.034722222222222224,0.9140724912430909,0.6128968328237534,0.2916666567325592,0.7700000047683716,0.6128968253968254,0.8800000000000001,-0.021211352673195207
[2012] HKDC 146,10,1335,561,207472.84736568708,91171.75649711801,0.560114383728987,0.2872288548000075,0.6,0.6,0.0106951871657754,0.4243343497065763,0.4202247191011236,0.00749063670411985,0.20561717441441435,1.0,0.02493765586034913,0.9648112180771348,0.4708333373069763,0.3638888895511627,0.5849206477403641,0.4708333333333334,0.7602380952380952,0.01976918094907004
[2012] HKDC 1608,10,1335,432,276136.3459805369,299635.6233294041,1.3155621358585197,0.8855322898879967,0.3,0.3,0.006944444444444444,0.11315666755192592,0.3235955056179775,0.00749063670411985,0.16225277270511387,1.0,0.028409090909090908,0.9238290650038,0.577777773141861,0.25,0.3766666755080223,0.5777777777777777,0.5458333333333333,0.007365466105992093
[2012] HKDC 1612,10,1335,338,71033.72435596141,83032.36588919412,0.4794243107808507,0.546606815169115,0.4,0.4,0.011834319526627219,0.32283119607752864,0.2531835205992509,0.00749063670411985,0.12540237858665337,1.0,0.022988505747126436,0.8809350600609518,0.40694445073604585,0.1944444477558136,0.7500000029802323,0.40694444444444444,0.8583333333333332,0.0563664964530201
[2012] HKDC 196,10,1335,210,225787.9748950357,134896.93118487607,2.285848980074742,1.1325791247780392,0.2,0.2,0.009523809523809525,0.08876320936125957,0.15730337078651685,0.00749063670411985,0.07910648437025777,1.0,0.04132231404958678,0.8997432736420738,0.5746031790971756,0.25,0.41619048565626143,0.5746031746031746,0.650595238095238,0.008029993980195134
[2012] HKDC 20,10,1335,266,166333.27643834462,89556.39356149812,1.3471496893519983,0.5389471241632817,0.4,0.4,0.015037593984962405,0.2524184194876773,0.199250936329588,0.00749063670411985,0.10844404706407183,1.0,0.04807692307692308,0.7691960305084912,0.22531746551394463,0.1111111119389534,0.5328571557998657,0.2253174603174603,0.7208333333333333,-0.008553370674529166
[2012] HKDC 304,10,1335,88,252495.70638314838,233101.37936695575,4.089975496188297,1.5601201674189928,0.1,0.1,0.011363636363636364,0.06416982349408966,0.06591760299625468,0.00749063670411985,0.033818204813249333,0.0,0.0,0.0,0.0,0.0,0.0,0.2,1.0,0.13232408699978376
[2012] HKDC 396,10,1335,467,182795.16977890296,167690.69994960126,0.74023809743799,0.6799859312582752,0.2,0.2,0.004282655246252677,0.11080377087140011,0.349812734082397,0.00749063670411985,0.18213483037051556,1.0,0.018050541516245487,0.9885563618373471,0.6417592644691468,0.5833333134651184,1.0,0.6417592592592594,1.0,-0.14515920709336178
[2012] HKDC 59,10,1335,88,261213.39164116507,270113.2721372746,4.231186289827161,1.6818083553671386,0.0,0.0,0.0,0.0,0.06591760299625468,0.00749063670411985,0.033818204813249333,1.0,0.02577319587628866,0.7849505223936376,0.4758333429694176,0.2222222238779068,0.683333334326744,0.4758333333333333,0.8416666666666666,-0.05048303687886175
[2012] HKDC 670,10,1335,398,120932.00123499133,114163.0722417302,0.6529601748363796,0.47997364150575095,0.4,0.4,0.010050251256281407,0.36267293698642555,0.29812734082397,0.00749063670411985,0.1454444959844066,1.0,0.016025641025641024,0.8302141369069669,0.26666666865348815,0.1666666716337204,1.0,0.26666666666666666,1.0,-0.07078964413360629
[2012] HKDC 868,10,1335,504,312531.2649843012,380769.0712934332,0.632805421668664,1.4854584558432684,0.2,0.2,0.003968253968253968,0.05086913221761075,0.3775280898876405,0.00749063670411985,0.20017728895600184,1.0,0.024691358024691357,0.9419721128748226,0.32583333030343054,0.11666666716337204,0.8333333343267441,0.3258333333333333,0.9166666666666666,0.027055767871761945
[2013] HKCA 228,10,1335,397,105647.60621176241,84544.61818309022,0.5567914381430722,0.4945685863385485,0.3,0.3,0.007556675062972292,0.10968273264902648,0.2973782771535581,0.00749063670411985,0.14714836167117168,1.0,0.05847953216374269,1.0,0.0,0.0,1.0,0.2,1.0,0.04378791100472964
[2013] HKCFI 1082,10,1335,540,140427.57768878908,135156.20827770358,0.3383274458602486,0.3465735902799727,1.0,1.0,0.018518518518518517,0.22020421059914355,0.4044943820224719,0.00749063670411985,0.2062133535710758,1.0,0.03355704697986577,0.8795067596436323,0.4190277770161629,0.2222222238779068,0.9333333373069763,0.41902777777777783,0.9666666666666666,0.019512884990632452
[2013] HKCFI 1223,10,1335,380,167868.19810685277,89110.55428748153,0.9436914920601455,0.49686893153840384,0.4,0.4,0.010526315789473684,0.10523513718720501,0.2846441947565543,0.00749063670411985,0.13894896554890265,1.0,0.06451612903225806,0.9547077392114177,0.7666666671633721,0.1666666716337204,0.22023810148239137,0.7666666666666667,0.31999999999999995,0.04351266362845111
[2013] HKCFI 1650,10,1335,243,400754.82250503305,363250.3594536305,0.48276256610644913,0.5817089340797592,0.3,0.3,0.012345679012345678,0.05647461998119545,0.18202247191011237,0.00749063670411985,0.08629075708904474,1.0,0.030864197530864196,0.9344570554153515,0.5422619044780731,0.28333333134651184,0.7266666769981385,0.5422619047619047,0.8549999999999999,0.06856680514202282
[2013] HKCFI 1679,10,1335,512,193513.73305794309,155956.9974125636,0.6527165915035485,0.746668942787073,0.3,0.3,0.005859375,0.2286781868667283,0.38352059925093634,0.00749063670411985,0.19835145438938037,1.0,0.01953125,0.8834393085792133,0.6250000059604645,0.3333333432674408,0.9,0.6249999999999999,0.95,0.01817905683158651
[2013] HKCFI 168,10,1335,425,281176.31037383055,335249.7315156909,0.4742000477655952,0.8441208939369353,0.3,0.3,0.007058823529411765,0.3502636557868493,0.31835205992509363,0.00749063670411985,0.16833045394837678,1.0,0.02242152466367713,0.8166865106662548,0.365000008046627,0.1666666716337204,0.5252381071448327,0.365,0.6783333333333335,0.025007763925906125
[2013] HKCFI 1815,10,1335,466,297560.3135200375,347172.7162943934,0.5575904974069172,0.5511372697784189,0.2,0.2,0.004291845493562232,0.122190632657306,0.349063670411985,0.00749063670411985,0.18971805723991647,1.0,0.02610966057441253,0.9420628966026452,0.45319444239139556,0.2569444477558136,0.35988095551729204,0.4531944444444444,0.605,-0.0081049599346415
[2013] HKCFI 1834,10,1335,31,857544.2226887066,791026.6333253949,0.48207891437635403,0.47546993364366497,0.4,0.4,0.12903225806451613,0.20816465430649433,0.023220973782771534,0.00749063670411985,0.012560547262333495,1.0,0.024691358024691357,0.9475839738744422,0.6928156614303589,0.5303030014038086,0.47580447793006897,0.6928156565656565,0.6423214285714286,0.16444271647799777
[2013] HKCFI 1908,10,1335,547,108785.64872508342,104807.08269178518,0.3057758774975318,0.30880976892338996,0.7,0.7,0.012797074954296161,0.35089973924503254,0.40973782771535583,0.00749063670411985,0.20773779721392518,1.0,0.014326647564469915,0.8972003859108556,0.31291666328907014,0.25,1.0,0.3129166666666666,1.0,0.017960376818301243
[2013] HKCFI 1949,10,1335,9,1486798.3782539372,1555724.3478361312,0.5014930746110577,0.7446691183468976,0.2,0.2,0.2222222222222222,0.17939686647526418,0.006741573033707865,0.00749063670411985,0.005886676163207296,1.0,0.016611295681063124,0.9628022002904345,0.4666155532002449,0.2083333283662796,0.4666666746139526,0.46661556036556034,0.6355357142857143,0.11258536341219379
[2013] HKCFI 20,10,1335,521,207608.96845410886,187419.24884055878,0.6483883699467665,0.667194241833486,0.4,0.4,0.007677543186180422,0.15687543012336608,0.3902621722846442,0.00749063670411985,0.2016764485251187,1.0,0.01953125,0.952039898361312,0.7555555522441864,0.5,1.0,0.7555555555555555,1.0,0.011059964471200388
[2013] HKCFI 2053,10,1335,488,80827.71563869706,33568.13571823714,0.30292188924052227,0.12822537466598938,0.6,0.6,0.012295081967213115,0.44497576605214706,0.36554307116104867,0.00749063670411985,0.1919446249485694,1.0,0.019569471624266144,0.8171311420698509,0.31944444254040716,0.1041666641831398,0.8833333373069763,0.3194444444444444,0.9416666666666667,0.05015096543345566
[2013] HKCFI 2134,10,1335,512,90156.18171062767,89414.29716486114,0.3040943642563875,0.2635552393763607,0.7,0.7,0.013671875,0.3978370813629178,0.38352059925093634,0.00749063670411985,0.19835145438938037,1.0,0.01984126984126984,0.9067473219292306,0.4319444462656975,0.2222222238779068,1.0,0.43194444444444446,1.0,0.016393278403527004
[2013] HKCFI 2173,10,1335,259,179724.05149872316,113825.56970676153,1.51551092074599,0.8161446504680425,0.3,0.3,0.011583011583011582,0.31078781190529875,0.1940074906367041,0.00749063670411985,0.10454306169751788,1.0,0.030864197530864196,1.0,0.6666666865348816,0.6666666865348816,0.0,0.6666666666666667,0.1,0.06516043027472689
[2013] HKCFI 2281,10,1335,243,623573.011736771,311274.7538120578,0.7511767554512454,0.44746192607524904,0.4,0.4,0.01646090534979424,0.1332377491245841,0.18202247191011237,0.00749063670411985,0.08629075708904474,1.0,0.02364066193853428,0.9050056322600097,0.5735768437385559,0.4333333373069763,0.5445238202810287,0.5735768398268398,0.7108333333333333,0.1627549662654206
[2013] HKCFI 246,10,1335,489,257131.44580662547,306998.57024695736,0.504242684422798,0.7934988550881945,0.2,0.2,0.00408997955010225,0.27366264811200053,0.36629213483146067,0.00749063670411985,0.19630220094648837,1.0,0.0625,0.9752220944132679,0.6345833361148834,0.3888888955116272,0.3816666767001152,0.6345833333333333,0.5525,0.03212000254589884
[2013] HKCFI 26,10,1335,95,267931.639618744,221894.16628704293,4.034491870706956,1.4662337701369283,0.1,0.1,0.010526315789473684,0.10615328578371078,0.07116104868913857,0.00749063670411985,0.040350767888355045,1.0,0.02403846153846154,0.987548378974474,0.8541666567325592,0.7083333134651184,0.4061904802918434,0.8541666666666666,0.5933333333333333,-0.031655788460064005
[2013] HKCFI 372,10,1335,547,166861.99015132914,144416.34448311193,0.469017485830763,0.44994582915593817,0.4,0.4,0.007312614259597806,0.15283463317452836,0.40973782771535583,0.00749063670411985,0.20773779721392518,1.0,0.04484304932735426,0.9502371355592791,0.6041666641831398,0.2083333283662796,0.7000000059604645,0.6041666666666666,0.8166666666666667,0.029720741073548027
[2013] HKCFI 392,10,1335,309,456515.7872525016,419223.4971861386,0.6208933113460353,0.8495421370504355,0.2,0.2,0.006472491909385114,0.07261750232855882,0.23146067415730337,0.00749063670411985,0.11602173628528017,1.0,0.0205761316872428,0.9645647298534054,0.6266666799783707,0.4444444477558136,0.37142857909202576,0.6266666666666667,0.6291666666666667,0.0118301002361108
[2013] HKCFI 463,10,1335,353,263058.89569898194,229781.2797713559,0.3824528213330958,0.33976437492481537,0.6,0.6,0.0169971671388102,0.2692306317284215,0.2644194756554307,0.00749063670411985,0.1331918212254384,1.0,0.022573363431151242,0.8855238894960253,0.3479315474629402,0.1458333283662796,0.6233333438634873,0.3479315476190476,0.7950000000000002,0.011569247397284694
[2013] HKCFI 516,10,1335,540,212803.08918406922,201121.6074916646,0.5126993345593018,0.6631293313947042,0.1,0.1,0.001851851851851852,0.006126833763135553,0.4044943820224719,0.00749063670411985,0.2062133535710758,1.0,0.02288329519450801,0.829768701107055,0.4898148149251938,0.21759259700775146,0.7083333373069763,0.4898148148148148,0.8333333333333333,-0.005556800915192444
[2013] HKCFI 606,10,1335,481,215094.522811981,145123.55687302747,0.41222046140871055,0.3295670388258438,0.5,0.5,0.010395010395010396,0.3102635160925417,0.3602996254681648,0.00749063670411985,0.193909991190896,1.0,0.02865329512893983,0.8771280357507002,0.4760416656732559,0.1875,0.46825397163629534,0.4760416666666666,0.7009523809523809,0.10325666320781286
[2013] HKCFI 714,10,1335,425,235896.4365199181,274501.0638318644,0.397836152401159,0.6401239420656513,0.4,0.4,0.009411764705882352,0.2653806069376683,0.31835205992509363,0.00749063670411985,0.16833045394837678,1.0,0.014947683109118086,0.7892535715629461,0.24291666671633722,0.12222222238779068,0.925,0.24291666666666661,0.9625,0.14355378086413323
[2013] HKCFI 794,10,1335,513,128578.19002644993,101562.74177197984,0.27105672492062416,0.24093274038784251,0.8,0.8,0.015594541910331383,0.37789694925414496,0.3842696629213483,0.00749063670411985,0.20152531772033822,1.0,0.03322259136212625,0.9227642278105328,0.5888888865709305,0.1388888955116272,0.5666666716337204,0.5888888888888888,0.725,0.052367788006762686
[2013] HKCFI 841,10,1335,466,275929.76117292244,321399.20205597824,0.517057570486197,0.7627348065784592,0.3,0.3,0.006437768240343348,0.1073768121881986,0.349063670411985,0.00749063670411985,0.18971805723991647,1.0,0.03125,0.8878459144586294,0.3725297644734383,0.15625,0.733333346247673,0.3725297619047619,0.8666666666666666,0.0018076918214531936
[2013] HKCFI 958,10,1335,453,202575.07344379323,191649.53202773005,0.3596211830125945,0.32478560130104395,0.6,0.6,0.013245033112582781,0.21840527587291672,0.3393258426966292,0.00749063670411985,0.18019964900331426,1.0,0.025380710659898477,0.9279893458092792,0.4940277814865112,0.2666666805744171,0.7350000083446503,0.49402777777777773,0.845,0.027227873406102717
[2013] HKDC 1249,10,1335,380,73605.33494347446,69318.23173142152,0.4137813423849376,0.41538723061447946,0.4,0.4,0.010526315789473684,0.12083919045498868,0.2846441947565543,0.00749063670411985,0.13894896554890265,1.0,0.02032520325203252,0.9317420974803774,0.4836805582046509,0.3020833432674408,1.0,0.48368055555555556,1.0,0.006432530926978451
[2013] HKDC 1392,10,1335,353,352666.0732702371,347447.91388508125,0.5127297989763,0.7113014214748477,0.3,0.3,0.0084985835694051,0.14462975640557504,0.2644194756554307,0.00749063670411985,0.1331918212254384,1.0,0.016129032258064516,0.862339963917843,0.4163194462656975,0.1354166716337204,0.6333333402872086,0.41631944444444446,0.7999999999999999,0.01054249632234573
[2013] HKDC 1446,10,1335,32,285379.988420351,295886.6804697343,6.875564199779885,2.0146377090689347,0.0,0.0,0.0,0.0,0.02397003745318352,0.00749063670411985,0.013743058173843036,0.0,0.0,0.0,0.0,0.0,0.0,1.0,1.0,0.10848349411567451
[2013] HKDC 1463,10,1335,459,167922.98692378472,123278.26263446319,0.7079996205435247,0.5556037036937003,0.3,0.3,0.006535947712418301,0.16645984821339432,0.3438202247191011,0.00749063670411985,0.17799576840930284,1.0,0.03164556962025317,0.8269738759525619,0.3859920635819435,0.190476194024086,0.6928571462631226,0.38599206349206344,0.8208333333333334,-0.04525366224944465
[2013] HKDC 1718,10,1335,328,83944.68474477208,71981.21645796063,0.5898815684767766,0.40932613115511884,0.5,0.5,0.01524390243902439,0.13251563575335285,0.24569288389513108,0.00749063670411985,0.12259784932027892,1.0,0.04081632653061224,0.9616797862043746,0.3875,0.25,0.8333333432674408,0.3875,0.9166666666666667,0.026231513689958103
[2013] HKDC 228,10,1335,495,181895.7237450285,168785.6992290706,0.6971924546492492,0.4982692812047089,0.4,0.4,0.00808080808080808,0.2139312825109464,0.3707865168539326,0.00749063670411985,0.19069731225428488,1.0,0.045454545454545456,0.9296776020744938,0.7333333224058152,0.3333333432674408,0.5000000089406967,0.7333333333333333,0.6666666666666666,0.027019433413205226
[2013] HKDC 229,10,1335,397,188348.73032694883,84357.09978896592,0.9926487138852707,0.4166882609342979,0.5,0.5,0.012594458438287154,0.21273313811689631,0.2973782771535581,0.00749063670411985,0.14714836167117168,1.0,0.028169014084507043,0.9347114785588952,0.5047222197055816,0.25,0.5716666728258133,0.5047222222222222,0.7383333333333333,-0.12082717550062265
[2013] HKDC 251,10,1335,459,164795.77200662636,123976.36680820251,0.6948146062982083,0.7412019166578254,0.4,0.4,0.008714596949891068,0.21137365188239574,0.3438202247191011,0.00749063670411985,0.17799576840930284,1.0,0.02044989775051125,0.8468758927590071,0.31444444209337236,0.18333333730697632,0.6833333462476731,0.3144444444444444,0.825,-0.11072173706980004
[2013] HKDC 288,10,1335,268,277992.1469311031,271565.81295247737,2.232523805469863,1.1568799759170965,0.1,0.1,0.0037313432835820895,0.0008142149743450899,0.20074906367041198,0.00749063670411985,0.10886238486059674,1.0,0.026881720430107527,0.9247073279375935,0.5916666686534882,0.5,0.3966666728258133,0.5916666666666667,0.6066666666666667,0.0007182885863444583
[2013] HKDC 306,10,1335,209,53476.81998929859,36824.972787923245,0.5636745890763903,0.34839952048935796,0.7,0.7,0.03349282296650718,0.3739140532640745,0.15655430711610488,0.00749063670411985,0.07301259627362519,1.0,0.042735042735042736,0.9007958764658072,0.33208333104848864,0.1875,0.9,0.3320833333333333,0.95,-0.000753386778969971
[2013] HKDC 423,10,1335,289,157431.34534956695,183026.2473550079,1.2068447112792355,0.8764704621710973,0.0,0.0,0.0,0.0,0.21647940074906366,0.00749063670411985,0.1141990289180156,1.0,0.02976190476190476,0.9710079883857095,0.7180555582046508,0.5,0.9,0.7180555555555556,0.95,-0.037532860658467275
[2013] HKDC 564,10,1335,209,85246.21912052891,62220.51764031541,0.8985412285677372,0.5220482106699977,0.5,0.5,0.023923444976076555,0.27623094771493756,0.15655430711610488,0.00749063670411985,0.07301259627362519,1.0,0.026737967914438502,0.9490227140842669,0.7291666626930237,0.5,0.3700000062584877,0.7291666666666666,0.5833333333333333,0.07175021196072665
[2013] HKDC 674,10,1335,259,99374.67461168188,82942.57535525665,0.8379702291579662,0.6675005333661703,0.2,0.2,0.007722007722007722,0.29816919600749575,0.1940074906367041,0.00749063670411985,0.10454306169751788,1.0,0.038314176245210725,1.0,0.825,0.75,0.0,0.825,0.1,0.0762089426229759
[2013] HKDC 675,10,1335,110,127310.44297435103,53638.99524383619,1.7892278472070955,0.777376606705511,0.2,0.2,0.01818181818181818,0.14247269228804196,0.08239700374531835,0.00749063670411985,0.044910054821478154,1.0,0.02967359050445104,0.9545469665007142,0.6072916656732559,0.25,0.9,0.6072916666666666,0.95,-0.030979982863793568
[2013] HKDC 676,10,1335,259,154646.99664493525,86861.02412237578,1.3040503500870217,0.6078473561453208,0.4,0.4,0.015444015444015444,0.20098385974776287,0.1940074906367041,0.00749063670411985,0.10454306169751788,1.0,0.022222222222222223,0.8487139899382321,0.56875,0.25,0.4916666686534882,0.5687500000000001,0.6291666666666667,0.05210037617515986
[2013] HKDC 68,10,1335,352,143415.5513282351,99795.14408353447,0.8638156759538484,0.47000484676980303,0.4,0.4,0.011363636363636364,0.17488560866961056,0.2636704119850187,0.00749063670411985,0.13257369912097772,0.0,0.0,1.0,0.0,0.0,0.44000000357627866,0.0,0.6166666666666666,-0.030299291667087898
[2013] HKDC 747,10,1335,430,105134.25983428417,68056.88992282975,0.4925208568813312,0.2816688436738346,0.7,0.7,0.01627906976744186,0.23229759152951762,0.32209737827715357,0.00749063670411985,0.1640269445288256,1.0,0.02857142857142857,0.9197706694296779,0.540277773141861,0.25,0.8333333432674408,0.5402777777777777,0.9166666666666667,0.038943063974342156
[2013] HKDC 754,10,1335,474,189325.92499327037,211024.89887013525,0.7602276524826301,0.7399001016257456,0.2,0.2,0.004219409282700422,0.12295918310493541,0.3550561797752809,0.00749063670411985,0.1823294334870817,1.0,0.04484304932735426,0.9974719158307579,0.7638888955116272,0.6666666865348816,0.0,0.763888888888889,0.0,-0.0331603729931535
[2013] HKDC 767,10,1335,32,278051.15958542033,229655.4059159972,6.69899318846727,1.8698039859830677,0.0,0.0,0.0,0.0,0.02397003745318352,0.00749063670411985,0.013743058173843036,1.0,0.03278688524590164,0.880403717151182,0.3340972185134888,0.1388888955116272,0.38666666895151136,0.33409722222222216,0.5433333333333333,-0.0629847041912318
[2014] HKCFI 1121,10,1335,303,56191.59786159273,31242.80876127632,0.4087812186778029,0.25669972057044266,0.7,0.7,0.0231023102310231,0.4727836350718493,0.22696629213483147,0.00749063670411985,0.11756657252956944,1.0,0.03571428571428571,0.9974206548438934,0.85,0.75,0.0,0.85,0.4,0.10824456252113937
[2014] HKCFI 1138,10,1335,106,459583.7878847942,466945.24966968485,0.40120422563996894,0.3810700260234485,0.5,0.5,0.04716981132075472,0.2918089483276889,0.07940074906367041,0.00749063670411985,0.037394922632792225,1.0,0.024390243902439025,0.9486571813159276,0.6731583774089813,0.4826388955116272,0.37373737841844556,0.6731583694083695,0.54,0.1660216885625547
[2014] HKCFI 1187,10,1335,248,141287.16780825908,132208.14656128653,1.2333987892450726,0.7643240474008843,0.3,0.3,0.012096774193548387,0.15214024522634167,0.18576779026217227,0.00749063670411985,0.10045400136191293,1.0,0.01675041876046901,0.8849295611451762,0.45833333432674406,0.25,0.9166666686534881,0.4583333333333333,0.9583333333333333,0.026021502166842025
[2014] HKCFI 1234,10,1335,388,84134.82855988744,83713.43592596689,0.459046446365602,0.37612465782866433,0.6,0.6,0.015463917525773196,0.26487299824611865,0.2906367041198502,0.00749063670411985,0.144889021642706,1.0,0.021834061135371178,0.9340397159333724,0.7888888925313949,0.3333333432674408,0.5583333432674408,0.7888888888888889,0.7299999999999999,0.04015951799528496
[2014] HKCFI 1247,10,1335,186,144033.18341478496,33158.5207559168,1.5717134541545792,0.3088206735625594,0.6,0.6,0.03225806451612903,0.28575626153397504,0.1393258426966292,0.00749063670411985,0.0694511449508152,1.0,0.030959752321981424,0.9899203372784677,0.7395833373069763,0.6666666865348816,0.0,0.7395833333333333,0.1,0.05969970933717569
[2014] HKCFI 1277,10,1335,552,133879.27332476075,89572.87993263995,0.35416056743568974,0.24470207362717122,0.7,0.7,0.012681159420289856,0.5347383198789653,0.4134831460674157,0.00749063670411985,0.2065678629790399,1.0,0.026954177897574125,0.9269578258135976,0.5218749955296517,0.2083333283662796,0.7250000059604644,0.5218749999999999,0.8458333333333334,-0.0012648365567666758
[2014] HKCFI 1278,10,1335,552,118496.69946197348,114867.21482851516,0.3134679273236481,0.26388680184304025,0.6,0.6,0.010869565217391304,0.5375029921918199,0.4134831460674157,0.00749063670411985,0.2065678629790399,1.0,0.026737967914438502,0.92287344136089,0.5047916665673255,0.2083333283662796,0.7800000071525574,0.5047916666666665,0.8725000000000002,0.0013015574095457448
[2014] HKCFI 1421,10,1335,485,170950.0203285738,196951.65693561564,0.331632772168945,0.4227152231062039,0.5,0.5,0.010309278350515464,0.34545212748454407,0.36329588014981273,0.00749063670411985,0.19486653287464273,1.0,0.0273224043715847,0.9232400751676244,0.6194444507360458,0.3541666567325592,0.39293651580810546,0.6194444444444445,0.5686904761904763,-0.04418923830544728
[2014] HKCFI 1431,10,1335,347,59203.01191671102,50313.317579542585,0.39755868709142744,0.34217164797230915,0.6,0.6,0.01729106628242075,0.22645814113277515,0.2599250936329588,0.00749063670411985,0.12652976969339014,1.0,0.02557544757033248,0.8992440002201298,0.4347222238779068,0.25,0.95,0.4347222222222221,0.975,0.062072192557808846
[2014] HKCFI 1463,10,1335,527,179779.00858459118,185377.37511207507,0.5231407186740806,0.4895371034023439,0.3,0.3,0.0056925996204933585,0.07938637540481458,0.3947565543071161,0.00749063670411985,0.20460133662784655,1.0,0.02493765586034913,0.9131402332510563,0.4256944477558136,0.2430555522441864,0.5026190549135208,0.4256944444444445,0.6963095238095238,0.04777916104502536
[2014] HKCFI 1523,10,1335,45,445851.87891230604,129328.78512939851,9.730416005991545,1.3535112978995105,0.1,0.1,0.022222222222222223,0.06606172423346558,0.033707865168539325,0.00749063670411985,0.01720833765913325,1.0,0.02386634844868735,0.8591329020611688,0.5034722268581391,0.25,0.5035714343190193,0.5034722222222222,0.6583333333333334,-0.0736152704005417
[2014] HKCFI 1720,10,1335,485,235990.82407468744,310534.36922550976,0.4578080250818262,0.9224088660930416,0.4,0.4,0.008247422680412371,0.3122082095246472,0.36329588014981273,0.00749063670411985,0.19486653287464273,0.0,0.0,0.0,0.0,0.0,0.0,1.0,1.0,-0.23738048833113443
[2014] HKCFI 1771,10,1335,206,72003.023549512,32674.05633843448,0.7394905121301234,0.2885206398962987,0.6,0.6,0.02912621359223301,0.4143017770407834,0.1543071161048689,0.00749063670411985,0.07740551394360526,1.0,0.03597122302158273,0.8865583672660181,0.3808333337306976,0.25,0.9,0.3808333333333333,0.95,0.10246164392274033
[2014] HKCFI 1877,10,1335,369,156995.51186985624,127100.01562887851,0.9136855916029472,0.5998900445255018,0.2,0.2,0.005420054200542005,0.0714561948307552,0.27640449438202247,0.00749063670411985,0.1378033272790324,1.0,0.03802281368821293,0.9938380420723578,0.7958333373069764,0.625,0.0,0.7958333333333334,0.1,0.032139267273458956
[2014] HKCFI 1886,10,1335,177,88268.08162326453,74989.06991867453,1.027408661777097,0.6203335442686617,0.3,0.3,0.01694915254237288,0.10158069668280782,0.13258426966292136,0.00749063670411985,0.06163525185629374,1.0,0.04950495049504951,0.9607360339949466,0.8708333313465119,0.5833333134651184,0.5083333373069763,0.8708333333333333,0.7,0.07625000159876452
[2014] HKCFI 1907,10,1335,424,118183.031710482,78568.29984395715,0.5895462431271921,0.4739386656870739,0.3,0.3,0.007075471698113208,0.15358956306468327,0.31760299625468164,0.00749063670411985,0.1567189155814661,1.0,0.046296296296296294,0.9057960569280236,0.585416667163372,0.1736111044883728,0.8,0.5854166666666666,0.9,-0.012047091930837339
[2014] HKCFI 1910,10,1335,510,115445.11976386633,62672.52195734001,0.41991862256451384,0.2231435513142097,0.6,0.6,0.011764705882352941,0.44359097447286666,0.38202247191011235,0.00749063670411985,0.19484921997517235,1.0,0.027700831024930747,0.9763860089996369,0.7479166746139526,0.6666666865348816,1.0,0.7479166666666667,1.0,0.04300990695691503
[2014] HKCFI 1986,10,1335,527,152916.534091763,132578.27668174883,0.4449733379426977,0.39259108255710373,0.5,0.5,0.009487666034155597,0.281261092591612,0.3947565543071161,0.00749063670411985,0.20460133662784655,1.0,0.04424778761061947,0.9503203588409563,0.7708333373069763,0.5416666865348816,0.5900000095367431,0.7708333333333333,0.7666666666666666,0.03647966399532832
[2014] HKCFI 2010,10,1335,527,156207.36019255206,171747.90694032883,0.45454934542517406,0.4229809274222305,0.4,0.4,0.007590132827324478,0.12813802898829665,0.3947565543071161,0.00749063670411985,0.20460133662784655,1.0,0.07142857142857142,1.0,0.0,0.0,1.0,0.0,1.0,0.10973656569748144
[2014] HKCFI 2052,10,1335,406,48035.118833497705,32608.923543858953,0.24666682644228555,0.16894307340266312,0.9,0.9,0.022167487684729065,0.5284650460674096,0.3041198501872659,0.00749063670411985,0.15134462499799206,1.0,0.03937007874015748,0.9413433982585514,0.5541666626930237,0.2916666567325592,0.7200000032782554,0.5541666666666666,0.8208333333333332,0.05009543183890899
[2014] HKCFI 794,10,1335,540,123538.62328558226,101041.7651268722,0.30813108356172264,0.22311280018389645,0.6,0.6,0.011111111111111112,0.48850064280894573,0.4044943820224719,0.00749063670411985,0.20760651982652897,1.0,0.3333333333333333,1.0,0.0,0.0,0.9666666686534882,0.0,0.9833333333333334,0.18592019261998188
[2014] HKDC 1036,10,1335,8,188534.4857184967,149695.9701411099,8.229275525280329,2.0149682769576707,0.1,0.1,0.125,0.12009691902239414,0.00599250936329588,0.00749063670411985,0.005936785822552164,1.0,0.02207505518763797,0.9606296829268678,0.28826389014720916,0.2222222238779068,1.0,0.2882638888888889,1.0,-0.024718990385120043
[2014] HKDC 1037,10,1335,450,214269.64349111798,157914.71995094002,0.9352580384815017,0.7274913397680587,0.4,0.4,0.008888888888888889,0.24909689908383084,0.33707865168539325,0.00749063670411985,0.17111604426151109,1.0,0.050761421319796954,0.8752834455911642,0.36597222536802293,0.125,0.3142857179045677,0.3659722222222222,0.4916666666666666,0.014593013682046154
[2014] HKDC 1051,10,1335,527,198423.49013309026,199520.72278923471,0.5773944802971906,0.6604379727564398,0.3,0.3,0.0056925996204933585,0.15413846058690137,0.3947565543071161,0.00749063670411985,0.20460133662784655,1.0,0.03558718861209965,0.9276750562826356,0.5558333367109298,0.3333333432674408,0.95,0.5558333333333333,0.975,-0.01859741566863827
[2014] HKDC 1159,10,1335,303,261919.49672562187,268217.188234412,1.9054053478012585,1.3423863683870758,0.2,0.2,0.006600660066006601,0.06158003148667957,0.22696629213483147,0.00749063670411985,0.11756657252956944,1.0,0.04405286343612335,0.9149453332217877,0.6380357131361961,0.17499999701976776,0.2900000065565109,0.6380357142857144,0.4116666666666666,0.013247966969380246
[2014] HKDC 1273,10,1335,450,172703.30751535646,143494.50654890027,0.7538265990197318,0.48617621340313466,0.3,0.3,0.006666666666666667,0.22953003265328883,0.33707865168539325,0.00749063670411985,0.17111604426151109,1.0,0.0353356890459364,0.9266340783968102,0.6118055552244186,0.4305555522441864,0.6250000089406967,0.6118055555555555,0.775,-0.03896307174505086
[2014] HKDC 245,10,1335,303,133416.98038311067,94085.5546326361,0.9705784834176745,0.5184724572478565,0.3,0.3,0.009900990099009901,0.11186552980862767,0.22696629213483147,0.00749063670411985,0.11756657252956944,1.0,0.018018018018018018,0.9958206330013454,0.609930568933487,0.5833333134651184,0.0,0.6099305555555555,0.1,0.0056603298454794265
[2014] HKDC 331,10,1335,520,186228.36144342052,202104.244016321,0.5806154512183864,0.4953163370556455,0.2,0.2,0.0038461538461538464,0.18825253967469815,0.3895131086142322,0.00749063670411985,0.2019600044147111,1.0,0.03333333333333333,0.9342349678254306,0.7473611205816268,0.4583333432674408,0.8166666746139526,0.747361111111111,0.9083333333333334,-0.034993008514619034
[2014] HKDC 375,10,1335,515,182731.96884598074,157976.10151138494,0.6380802804027219,0.6281996680693753,0.2,0.2,0.003883495145631068,0.13651768710532902,0.3857677902621723,0.00749063670411985,0.1966155454059657,1.0,0.02631578947368421,0.9668832510902364,0.283333332836628,0.2222222238779068,1.0,0.2833333333333333,1.0,-0.017679084423857266
[2014] HKDC 40,10,1335,527,316316.4569053771,249551.4438230393,0.9204523926165477,0.627484655780493,0.3,0.3,0.0056925996204933585,0.16602057086423505,0.3947565543071161,0.00749063670411985,0.20460133662784655,0.9,0.45,0.9748381868616072,0.0,0.0,0.7238095343112946,0.0,0.8466666666666667,0.05435854953889332
[2014] HKDC 448,10,1335,515,85661.20278133571,92195.26657018758,0.29911965944185337,0.3043562257626151,0.6,0.6,0.011650485436893204,0.2887428672417895,0.3857677902621723,0.00749063670411985,0.1966155454059657,1.0,0.06172839506172839,0.8845192182790781,0.43861111253499985,0.20000000298023224,0.6033333346247673,0.438611111111111,0.8016666666666665,-0.010221120285276235
[2014] HKDC 456,10,1335,186,306304.98673617304,268552.133641603,3.342449686344051,1.3574024358021832,0.0,0.0,0.0,0.0,0.1393258426966292,0.00749063670411985,0.0694511449508152,1.0,0.03215434083601286,0.9022737999855102,0.6347222164273262,0.1666666716337204,0.6500000119209289,0.6347222222222222,0.8166666666666667,-0.039863503480822834
[2014] HKDC 518,10,1335,520,89760.43399448405,24072.972120288905,0.27985154614110375,0.07237020673802963,0.7,0.7,0.013461538461538462,0.4708476108927869,0.3895131086142322,0.00749063670411985,0.2019600044147111,1.0,0.02824858757062147,0.99034344157569,0.46527778506278994,0.2777777910232544,1.0,0.4652777777777777,1.0,0.04008491309596852
[2014] HKDC 574,10,1335,515,157480.566289876,155282.76167160686,0.5499051125581615,0.6472858687226539,0.3,0.3,0.005825242718446602,0.12740961717909727,0.3857677902621723,0.00749063670411985,0.1966155454059657,1.0,0.02247191011235955,0.8570467403607718,0.3895833343267441,0.1944444477558136,0.95,0.3895833333333333,0.975,-0.11082196677562411
[2014] HKDC 702,10,1335,450,99587.86260414208,82768.56570283424,0.4346875624478094,0.43200379764106334,0.4,0.4,0.008888888888888889,0.23706898977688615,0.33707865168539325,0.00749063670411985,0.17111604426151109,1.0,0.040983606557377046,0.9224269227323344,0.7305555582046509,0.3333333432674408,0.4966666758060455,0.7305555555555555,0.6699999999999999,0.029748146193214062
[2014] HKDC 789,10,1335,303,54374.658231776186,38795.73555632382,0.3955633920915249,0.2738117555273485,0.7,0.7,0.0231023102310231,0.4156621697508564,0.22696629213483147,0.00749063670411985,0.11756657252956944,1.0,0.050505050505050504,0.9684813142450734,0.875,0.625,0.5916666686534882,0.875,0.7416666666666667,0.08062506243373525
[2014] HKDC 8,10,1335,248,267564.736784147,179350.2563113305,2.335767837331878,0.9421749120140097,0.0,0.0,0.0,0.0,0.18576779026217227,0.00749063670411985,0.10045400136191293,1.0,0.03676470588235294,0.8787019872820764,0.34583333134651184,0.1666666716337204,0.8000000059604645,0.3458333333333333,0.9,-0.03606529486423663
[2015] HKCFI 1102,10,1335,518,128627.93418643557,98772.17120808785,0.4205427627127361,0.3899817964378194,0.6,0.6,0.011583011583011582,0.19068085919070887,0.3880149812734082,0.00749063670411985,0.2002867034188387,1.0,0.02197802197802198,0.93334298814514,0.5583333373069763,0.25,0.8500000059604644,0.5583333333333333,0.925,0.0811008204143691
[2015] HKCFI 1144,10,1335,548,253762.69455485823,151845.40203401458,0.6518794573120941,0.4963659905732145,0.4,0.4,0.0072992700729927005,0.3287663801865098,0.41048689138576777,0.00749063670411985,0.20728872757431283,1.0,0.02044989775051125,0.8339224622585507,0.3041666679084301,0.1041666641831398,0.4879762023687363,0.3041666666666667,0.6625,0.034972814216835534
[2015] HKCFI 1238,10,1335,459,167472.03079137605,128674.3509037579,0.3011479040176455,0.26402406426325076,0.6,0.6,0.013071895424836602,0.3162304399816583,0.3438202247191011,0.00749063670411985,0.18191320697486424,1.0,0.024154589371980676,0.9123431289806813,0.6854166567325592,0.25,0.5128571510314941,0.6854166666666666,0.7208333333333333,-0.015054331304880587
[2015] HKCFI 1254,10,1335,516,139805.6294491536,88782.58398855427,0.44892541245255896,0.3355947135176933,0.6,0.6,0.011627906976744186,0.26952593786775614,0.3865168539325843,0.00749063670411985,0.20072605431746113,1.0,0.0411522633744856,0.9788100908700819,0.8636904776096344,0.5535714030265808,0.3145238161087036,0.8636904761904761,0.445,0.02250253006973351
[2015] HKCFI 1338,10,1335,516,187815.5029855295,159110.9636290556,0.6030883911826205,0.542199092118044,0.5,0.5,0.009689922480620155,0.22024143831819606,0.3865168539325843,0.00749063670411985,0.20072605431746113,1.0,0.022321428571428572,0.6220298940896998,0.16638889014720917,0.11249999701976776,0.6700000107288361,0.16638888888888886,0.8266666666666665,-0.09141798410433197
[2015] HKCFI 1421,10,1335,516,105893.3633169564,77524.95887458166,0.3400308127101754,0.2546079211462864,0.7,0.7,0.013565891472868217,0.44541639788753606,0.3865168539325843,0.00749063670411985,0.20072605431746113,1.0,0.023752969121140142,0.9391225028892597,0.3536111108958721,0.11666666716337204,0.8,0.35361111111111115,0.9,-0.0013359275203126916
[2015] HKCFI 1492,10,1335,516,94252.21676666925,77217.05659570999,0.30265029708216196,0.2253209700982941,0.6,0.6,0.011627906976744186,0.3859521634047823,0.3865168539325843,0.00749063670411985,0.20072605431746113,1.0,0.024154589371980676,0.920718388417178,0.38750000298023224,0.25,1.0,0.3875,1.0,0.015369261640878408
[2015] HKCFI 1513,10,1335,355,161899.02586519584,84046.45855586216,0.9704217886694622,0.4501103757851803,0.4,0.4,0.011267605633802818,0.23996419606328595,0.26591760299625467,0.00749063670411985,0.13221634628771808,1.0,0.014577259475218658,0.8922568938597661,0.3681547656655312,0.212797611951828,0.9666666686534882,0.3681547619047619,0.9833333333333332,0.05519018441745053
[2015] HKCFI 1517,10,1335,459,157810.37629946612,92211.35164336619,0.2837743343186796,0.18216613388899106,0.7,0.7,0.015250544662309368,0.49789214651245284,0.3438202247191011,0.00749063670411985,0.18191320697486424,1.0,0.038910505836575876,0.9450820702341323,0.5906349241733551,0.3333333432674408,0.5904762029647828,0.5906349206349206,0.7758333333333333,0.07762492945447712
[2015] HKCFI 1599,10,1335,513,98907.90718022737,87331.39406232715,0.3557120409580789,0.336472459735047,0.5,0.5,0.009746588693957114,0.4568927691693071,0.3842696629213483,0.00749063670411985,0.19588374716783669,1.0,0.05747126436781609,0.9497194152060748,0.5188888937234879,0.1944444477558136,0.38047620058059695,0.518888888888889,0.6308333333333332,-0.0041461665274690005
[2015] HKCFI 1648,10,1335,516,91537.35634126073,62648.86284096463,0.29393269507264547,0.18280171738276607,0.7,0.7,0.013565891472868217,0.4095946868395891,0.3865168539325843,0.00749063670411985,0.20072605431746113,1.0,0.019157088122605363,0.9219870647906677,0.4372222274541855,0.1944444477558136,0.5516666740179061,0.4372222222222222,0.7541666666666667,-0.08853013383283953
[2015] HKCFI 1699,10,1335,466,249660.8724136784,230422.28068163915,0.4676455530571527,0.5022115136805878,0.4,0.4,0.008583690987124463,0.094243211753115,0.349063670411985,0.00749063670411985,0.18959316478979565,1.0,0.017605633802816902,0.8831171388936501,0.4159722149372101,0.1944444477558136,0.5450000047683716,0.41597222222222224,0.7208333333333332,0.08642456377946806
[2015] HKCFI 255,10,1335,444,176985.50420879223,110281.68205442262,0.7956375369386244,0.5461860876211837,0.5,0.5,0.01126126126126126,0.2193207763403595,0.3325842696629214,0.00749063670411985,0.1667008428180756,1.0,0.038910505836575876,0.9542414236814237,0.8192460298538208,0.5535714030265808,0.4483333393931389,0.8192460317460316,0.6675,0.029636197314051645
[2015] HKCFI 326,10,1335,170,91115.75549062647,57131.59603078921,1.0922945823380807,0.753286659101275,0.1,0.1,0.0058823529411764705,0.03811946935386137,0.12734082397003746,0.00749063670411985,0.058267348316420116,0.7,0.875,0.9896104487513969,0.0,0.0,0.6566666722297668,0.4,0.8083333333333333,-0.006473705453105728
[2015] HKCFI 693,10,1335,216,47491.60649356911,27854.454203262234,0.47444067347929886,0.3210579400584752,0.7,0.7,0.032407407407407406,0.314115256595318,0.16179775280898875,0.00749063670411985,0.08060218943802828,1.0,0.018691588785046728,0.9935888485749453,0.6111111104488373,0.4722222089767456,1.0,0.6111111111111112,1.0,0.09373146162368956
[2015] HKCFI 834,10,1335,75,257285.3569827665,143780.97043685534,4.626500653491909,1.3629010732803302,0.0,0.0,0.0,0.0,0.056179775280898875,0.00749063670411985,0.026463995169042874,1.0,0.9090909090909091,1.0,0.0,0.0,0.6666666865348816,0.0,0.8333333333333333,-0.009604975080960077
[2015] HKCFI 848,10,1335,355,112172.96548567356,93686.8702988236,0.6723640814096228,0.6421391048700835,0.1,0.1,0.0028169014084507044,0.038115943962732456,0.26591760299625467,0.00749063670411985,0.13221634628771808,1.0,0.06451612903225806,0.9553807299155199,0.4374999970197678,0.3125,0.0,0.4375,0.1,0.03943829825660054
[2015] HKCFI 942,10,1335,466,175634.9902512036,160031.25456049037,0.3289859614690337,0.3162063071326804,0.8,0.8,0.017167381974248927,0.35559160665650386,0.349063670411985,0.00749063670411985,0.18959316478979565,1.0,0.028901734104046242,0.960241174275575,0.8759920597076416,0.6904761791229248,0.5261904835700989,0.8759920634920635,0.7464285714285714,-0.01003175679402893
[2015] HKCFI 953,10,1335,396,247081.9136355963,253648.84315557053,1.3067713291379177,0.8504136051758682,0.1,0.1,0.0025252525252525255,0.019958062152484527,0.2966292134831461,0.00749063670411985,0.146524134022541,1.0,0.021929824561403508,0.9108356720913309,0.5298611208796501,0.2222222238779068,0.5218254044651985,0.5298611111111111,0.6957738095238096,0.03549445979831723
[2015] HKDC 1195,10,1335,250,105374.74870037047,39343.58049814684,0.9474234162429707,0.36490401843595155,0.5,0.5,0.02,0.2314597223643653,0.18726591760299627,0.00749063670411985,0.09537269687872756,1.0,0.020161290322580645,0.9643965236681239,0.4902777761220932,0.2777777910232544,1.0,0.49027777777777776,1.0,0.07561434105667383
[2015] HKDC 1204,10,1335,250,225733.05168172988,217206.0473845026,2.029563834039337,1.0809751515547,0.3,0.3,0.012,0.1519245810781384,0.18726591760299627,0.00749063670411985,0.09537269687872756,1.0,0.024630541871921183,0.9171363109595817,0.5847222194075584,0.2291666716337204,0.6533333346247673,0.5847222222222221,0.8266666666666665,-0.03985221451143486
[2015] HKDC 1397,10,1335,488,206418.5907511836,165276.12655800575,0.8069163868769337,0.6160234558826057,0.3,0.3,0.006147540983606557,0.11231492096572575,0.36554307116104867,0.00749063670411985,0.18616600306087386,1.0,0.03773584905660377,0.945501261006989,0.7077777773141861,0.3888888955116272,0.4485714375972748,0.7077777777777777,0.6521428571428571,-0.028641476996811393
[2015] HKDC 1436,10,1335,355,101350.02527346824,85544.51166810718,0.6074914427803082,0.43564094579301305,0.5,0.5,0.014084507042253521,0.2170998089892177,0.26591760299625467,0.00749063670411985,0.13221634628771808,0.0,0.0,0.0,0.0,0.0,0.0,0.1,0.9,0.15678175426906904
[2015] HKDC 1459,10,1335,294,83430.89550153627,63603.74061450814,0.6251053581871862,0.5325616635855814,0.3,0.3,0.01020408163265306,0.30670132948704937,0.2202247191011236,0.00749063670411985,0.11758658207521644,1.0,0.03164556962025317,0.9155641818043551,0.5437500029802322,0.25,0.95,0.54375,0.975,0.08712847286302117
[2015] HKDC 1499,10,1335,75,431667.40892265056,508283.4833723281,7.76223556945595,2.313357595793777,0.0,0.0,0.0,0.0,0.056179775280898875,0.00749063670411985,0.026463995169042874,1.0,0.3448275862068966,0.9925726666285656,0.0,0.0,0.7666666746139527,0.0,0.8833333333333332,-0.11852795062710532
[2015] HKDC 301,10,1335,40,255758.35673532975,192085.5201193876,5.7488027031950235,1.6631940660869091,0.0,0.0,0.0,0.0,0.0299625468164794,0.00749063670411985,0.015569332723671439,1.0,0.07194244604316546,0.9425772523762719,0.4530555546283722,0.2083333283662796,0.31666666865348814,0.4530555555555556,0.4583333333333333,-0.017939185347360026
[2015] HKDC 499,10,1335,216,264397.74027412187,249945.6092151703,2.64133077871445,1.2482751153136054,0.1,0.1,0.004629629629629629,0.058999259911247076,0.16179775280898875,0.00749063670411985,0.08060218943802828,1.0,0.02364066193853428,0.8724907935751062,0.3962499976158142,0.2430555522441864,0.5621428728103638,0.39624999999999994,0.7252380952380952,0.047792066463104216
[2015] HKDC 564,10,1335,250,133836.25568081188,91275.71315037516,1.2033205690941466,0.5988472320844558,0.2,0.2,0.008,0.06283975941101382,0.18726591760299627,0.00749063670411985,0.09537269687872756,1.0,0.019417475728155338,0.9999999987128447,0.6388889074325561,0.5,1.0,0.6388888888888888,1.0,0.07249255216145949
[2015] HKDC 625,10,1335,40,253738.70509332255,174792.8115132181,5.703406028899456,1.5939959494713385,0.1,0.1,0.025,0.10980125745978245,0.0299625468164794,0.00749063670411985,0.015569332723671439,1.0,0.02577319587628866,0.960163218473296,0.6375000059604645,0.25,0.3300000071525574,0.6375,0.5441666666666667,-0.051625250845483084
[2015] HKDC 746,10,1335,522,154520.93739285358,173722.04824475155,0.4630987853395431,0.732381619602041,0.4,0.4,0.007662835249042145,0.2133617362694021,0.39101123595505616,0.00749063670411985,0.2047943056269461,1.0,0.025906735751295335,0.9002758073392444,0.6351388901472091,0.22499999403953552,0.6500000029802322,0.6351388888888889,0.825,-0.03949966407041185
[2015] HKDC 795,10,1335,75,300464.53828994115,298884.64798832394,5.402947913754257,1.8512281450321106,0.0,0.0,0.0,0.0,0.056179775280898875,0.00749063670411985,0.026463995169042874,1.0,0.026881720430107527,0.8358156158793453,0.3131250008940697,0.1666666716337204,0.6833333492279052,0.313125,0.8416666666666666,-0.039934729484514646
[2015] HKDC 846,10,1335,513,165736.1726873489,152490.50136472043,0.5960529742053124,0.6578628354778635,0.3,0.3,0.005847953216374269,0.18052194889691406,0.3842696629213483,0.00749063670411985,0.19588374716783669,1.0,0.028735632183908046,0.8826614321252504,0.49305555671453477,0.2083333283662796,0.8416666686534882,0.4930555555555555,0.9041666666666666,0.0367879231241302
[2015] HKDC 96,10,1335,216,141603.23947127798,102397.95763935312,1.414614944868222,0.7042077477422826,0.1,0.1,0.004629629629629629,0.056891469322148405,0.16179775280898875,0.00749063670411985,0.08060218943802828,1.0,0.019569471624266144,0.9959221049784802,0.9416666626930237,0.75,1.0,0.9416666666666667,1.0,0.03360122756836262
[2016] HKCA 753,10,1335,413,180752.06049493336,213095.1094785364,0.9254722616932775,0.8790952191990451,0.2,0.2,0.004842615012106538,0.29027285197840946,0.3093632958801498,0.00749063670411985,0.15138361003781284,0.0,0.0,0.0,0.0,0.0,0.0,1.0,1.0,0.1746530522576432
[2016] HKCFI 1008,10,1335,163,355377.69077126565,346090.22049801773,0.3639152929519568,0.31654611693830415,0.6,0.6,0.03680981595092025,0.2755098400307899,0.12209737827715356,0.00749063670411985,0.0566559700483035,1.0,0.024213075060532687,0.9543902273564447,0.6542989522218704,0.4404761791229248,0.47190476655960084,0.6542989417989419,0.7142857142857143,0.18442599301786475
[2016] HKCFI 1109,10,1335,347,113799.36496813211,71551.28085641103,0.6991997018762712,0.4719055842349018,0.5,0.5,0.01440922190201729,0.22645774972991942,0.2599250936329588,0.00749063670411985,0.1322020314205759,1.0,0.030120481927710843,0.8866192900478949,0.35103175044059753,0.25,1.0,0.35103174603174603,1.0,0.0001849995036793499
[2016] HKCFI 1322,10,1335,347,131020.59729980896,55737.61322866345,0.8625101096377386,0.46287904034124683,0.5,0.5,0.01440922190201729,0.2418692148757102,0.2599250936329588,0.00749063670411985,0.12705264554747076,1.0,0.08264462809917356,0.997776139333967,0.6166666686534882,0.5416666865348816,0.0,0.6166666666666666,0.2,0.05664937990191723
[2016] HKCFI 1337,10,1335,347,188017.38548282566,102279.16908908839,1.1552059180115957,0.7390644886344244,0.3,0.3,0.008645533141210375,0.05437579652303202,0.2599250936329588,0.00749063670411985,0.1322020314205759,1.0,0.02631578947368421,0.9513669757567218,0.6513888835906982,0.4791666567325592,0.47476191371679305,0.6513888888888888,0.6682142857142856,0.02993777648387886
[2016] HKCFI 1421,10,1335,179,199143.97294783583,119247.853363888,2.2941923910544597,0.9320857276720362,0.0,0.0,0.0,0.0,0.13408239700374533,0.00749063670411985,0.06321341417801486,1.0,0.034482758620689655,0.9605352896287195,0.3638888955116272,0.25,0.95,0.3638888888888889,0.975,-0.02746691630893162
[2016] HKCFI 1444,10,1335,519,225433.73833678235,113715.54825368946,0.7555076636151628,0.3760492082113229,0.6,0.6,0.011560693641618497,0.22386189770621598,0.3887640449438202,0.00749063670411985,0.19980257834031617,1.0,0.023310023310023312,0.8757357558580502,0.6077777832746506,0.25,0.7650000065565109,0.6077777777777778,0.8625,-0.11415372048654715
[2016] HKCFI 1642,10,1335,555,201472.88482835662,192749.2006821017,0.5305193337951322,0.5040374289046818,0.3,0.3,0.005405405405405406,0.12062878510765361,0.4157303370786517,0.00749063670411985,0.20620322241307504,1.0,0.01773049645390071,0.972613137544612,0.38500000536441803,0.2777777910232544,1.0,0.38499999999999995,1.0,0.004599790286371961
[2016] HKCFI 1709,10,1335,531,130143.5881869555,117213.8029872574,0.3998104826283948,0.30717105721009297,0.6,0.6,0.011299435028248588,0.29284400419695183,0.39775280898876403,0.00749063670411985,0.20238642123328157,1.0,0.02493765586034913,0.8621264414176214,0.44444445371627805,0.2222222238779068,0.5633333474397659,0.4444444444444445,0.7233333333333333,0.051966165559519086
[2016] HKCFI 1788,10,1335,531,181027.99422852666,173749.4588520511,0.556131045332681,0.5942244870492361,0.4,0.4,0.007532956685499058,0.3337110865968471,0.39775280898876403,0.00749063670411985,0.20238642123328157,1.0,0.04048582995951417,0.9074077926781787,0.477777773141861,0.2430555522441864,0.6221428662538528,0.4777777777777777,0.7894047619047619,0.020802582896503764
[2016] HKCFI 1868,10,1335,503,114048.10668427516,110584.54988086036,0.4204368041009495,0.40921792004089497,0.5,0.5,0.009940357852882704,0.3359959573012559,0.3767790262172285,0.00749063670411985,0.19342775522454864,1.0,0.03745318352059925,0.9856527478319309,0.5451388895511627,0.4583333432674408,0.8500000059604644,0.5451388888888888,0.925,-0.07768255508062168
[2016] HKCFI 1925,10,1335,490,199147.18072391086,187094.9244216706,0.3863965213476735,0.3752939649375362,0.5,0.5,0.01020408163265306,0.25114955028578917,0.36704119850187267,0.00749063670411985,0.19491158295881433,1.0,0.01773049645390071,0.8920517514275104,0.48611111342906954,0.28125,0.5833333462476731,0.48611111111111105,0.7666666666666666,-0.017876946524330237
[2016] HKCFI 1929,10,1335,473,86664.92568047866,75505.92765989578,0.3472707362754786,0.35156315452108533,0.5,0.5,0.010570824524312896,0.33403706547949186,0.3543071161048689,0.00749063670411985,0.18306578171385823,1.0,0.026881720430107527,0.9359217663394018,0.33645833283662796,0.17499999701976776,0.825,0.3364583333333333,0.9125,0.0476252792942914
[2016] HKCFI 197,10,1335,503,178234.65070489218,93849.21040910043,0.6570596312472241,0.29538794646723776,0.6,0.6,0.011928429423459244,0.3676561433115161,0.3767790262172285,0.00749063670411985,0.19342775522454864,1.0,0.027548209366391185,0.9927182967265896,0.7083333373069763,0.5,0.0,0.7083333333333333,0.1,-0.07925963148245888
[2016] HKCFI 311,10,1335,540,150920.4532431163,141687.85215916176,0.37592311582105664,0.43539719264213605,0.4,0.4,0.007407407407407408,0.2333509036790116,0.4044943820224719,0.00749063670411985,0.2074213624279302,1.0,0.01953125,0.9192297897229039,0.4368055649101734,0.1111111119389534,0.8500000059604644,0.43680555555555556,0.925,0.0031779435399001566
[2016] HKCFI 452,10,1335,466,166960.8198542031,153165.91065400196,0.3077494030826122,0.33260566936747615,0.6,0.6,0.012875536480686695,0.334569855279634,0.349063670411985,0.00749063670411985,0.1871428798058673,1.0,0.02564102564102564,0.8850668627057312,0.6583333387970924,0.1666666716337204,0.5750000029802322,0.6583333333333333,0.7875,-0.005966876523747929
[2016] HKCFI 490,10,1335,347,104883.76840353443,107308.44806877592,0.6444209914523465,0.5368583034757384,0.5,0.5,0.01440922190201729,0.2062211876246794,0.2599250936329588,0.00749063670411985,0.1322020314205759,1.0,0.01721170395869191,0.9776308914788977,0.6315972328186035,0.3159722089767456,0.6916666805744172,0.6315972222222223,0.8375,0.07230479596761301
[2016] HKCFI 601,10,1335,535,317651.1020645908,142714.2857142857,0.7318853094866585,0.3465735902799727,0.5,0.5,0.009345794392523364,0.37793140069451703,0.40074906367041196,0.00749063670411985,0.20870220226597247,1.0,0.01818181818181818,0.9504860482413592,0.5151893943548203,0.3125,0.4219047725200653,0.5151893939393938,0.61,0.06402530022629453
[2016] HKCFI 603,10,1335,413,59275.03967437546,50078.24345865246,0.3034953232576882,0.2480930575956899,0.8,0.8,0.01937046004842615,0.40753429349339854,0.3093632958801498,0.00749063670411985,0.15138361003781284,1.0,0.02320185614849188,0.9783294605120407,0.9444444417953491,0.7777777910232544,0.6000000059604644,0.9444444444444444,0.8,0.06126585675968075
[2016] HKCFI 616,10,1335,220,697896.406930546,747516.2413877016,0.8039955228490413,2.0194857345916883,0.1,0.1,0.004545454545454545,0.028333043310520004,0.1647940074906367,0.00749063670411985,0.07835937604047968,0.1,1.0,0.9788024925705987,0.0,0.0,0.4833333373069763,0.5,0.7416666666666667,-0.23109861496987283
[2016] HKCFI 619,10,1335,547,333469.9607475072,324272.263254185,0.8087713841742531,0.5976718629141216,0.3,0.3,0.005484460694698354,0.03651720840312376,0.40973782771535583,0.00749063670411985,0.20612508656555548,1.0,0.02336448598130841,0.9379295157128555,0.5233796268701554,0.4166666567325592,0.5472222328186035,0.5233796296296296,0.7254166666666667,0.03340380422611253
[2016] HKCFI 720,10,1335,441,69977.58498597443,59034.32925294302,0.3224642767596931,0.2406191773403723,0.6,0.6,0.013605442176870748,0.33493265809683753,0.3303370786516854,0.00749063670411985,0.16594136394425527,1.0,0.02849002849002849,0.960528261847538,0.46458333134651186,0.4166666567325592,1.0,0.4645833333333334,1.0,0.03280022414046633
[2016] HKCFI 919,10,1335,466,226876.85235397285,241520.481811067,0.4181892251497553,0.48694239032945763,0.4,0.4,0.008583690987124463,0.32051748699633165,0.349063670411985,0.00749063670411985,0.1871428798058673,1.0,0.020242914979757085,0.901418272918486,0.49819444566965104,0.2152777761220932,0.5566666752099991,0.49819444444444444,0.7566666666666666,0.019626496584981133
[2016] HKDC 1140,10,1335,70,274939.2148189914,233463.79120655832,5.067798500177085,1.6656696359052887,0.0,0.0,0.0,0.0,0.052434456928838954,0.00749063670411985,0.02561768996923967,1.0,0.19607843137254902,1.0,0.0,0.0,1.0,0.0,1.0,0.029493810914885323
[2016] HKDC 122,10,1335,347,49948.50794456808,45965.461510689376,0.32881160635323775,0.3402674993886281,0.6,0.6,0.01729106628242075,0.3501569960530954,0.2599250936329588,0.00749063670411985,0.12705264554747076,1.0,0.01631321370309951,0.9825181860098087,0.46555555760860445,0.3888888955116272,1.0,0.4655555555555555,1.0,0.038470797916094104
[2016] HKDC 1304,10,1335,555,141559.35352405708,141762.31319530142,0.3953459422743936,0.4146853353730773,0.5,0.5,0.009009009009009009,0.1957354917718848,0.4157303370786517,0.00749063670411985,0.20773602788618936,1.0,0.024509803921568627,0.959819021991791,0.887499988079071,0.8333333134651184,0.38916667103767394,0.8875,0.6341666666666665,0.016694488175488027
[2016] HKDC 1319,10,1335,555,183508.9200987587,166200.0598465752,0.4832165386384303,0.3671207188425072,0.6,0.6,0.010810810810810811,0.18876380605951837,0.4157303370786517,0.00749063670411985,0.20620322241307504,1.0,0.02512562814070352,0.9210856231277443,0.6508928596973419,0.4047619104385376,0.5133333399891853,0.6508928571428572,0.6658333333333333,0.007683685870645085
[2016] HKDC 1320,10,1335,236,178605.66872491752,165647.25668854636,1.6460684604107267,0.9268649666665594,0.0,0.0,0.0,0.0,0.17677902621722846,0.00749063670411985,0.09224568562943293,1.0,0.027700831024930747,1.0,1.0,1.0,0.0,1.0,0.1,0.03575073237459165
[2016] HKDC 1322,10,1335,236,164870.19309972378,133487.88693522077,1.5194793472163732,0.7920708021620193,0.1,0.1,0.00423728813559322,0.06342822609399366,0.17677902621722846,0.00749063670411985,0.09224568562943293,1.0,0.01953125,1.0,0.8124999821186065,0.7083333134651184,1.0,0.8125,1.0,0.041588847851498814
[2016] HKDC 1425,10,1335,555,167858.9530662261,168036.95249580077,0.46879527432909995,0.4292205661450419,0.4,0.4,0.007207207207207207,0.10034770618783649,0.4157303370786517,0.00749063670411985,0.20773602788618936,1.0,0.29411764705882354,1.0,0.0,0.0,0.8666666746139526,0.0,0.9333333333333333,0.13449982355956386
[2016] HKDC 1568,10,1335,236,124297.37521036286,82942.57535525665,1.145551485046858,0.7024467072373461,0.3,0.3,0.012711864406779662,0.06122049129316035,0.17677902621722846,0.00749063670411985,0.09224568562943293,1.0,0.0273972602739726,0.9962458534620854,0.9111111044883728,0.7777777910232544,0.0,0.9111111111111111,0.2,0.05066534271813
[2016] HKDC 23,10,1335,441,132375.7850804887,116735.16443616222,0.6100019285465764,0.47901899928173464,0.3,0.3,0.006802721088435374,0.14537479889631602,0.3303370786516854,0.00749063670411985,0.16594136394425527,1.0,0.3333333333333333,0.9982255066546478,0.0,0.0,0.7800000011920929,0.0,0.89,0.008790395156842663
[2016] HKDC 24,10,1335,291,224481.76174957468,190521.01045747858,1.7240603774010128,0.9010549137497694,0.1,0.1,0.003436426116838488,0.08856764915292883,0.21797752808988763,0.00749063670411985,0.11404146199339942,1.0,0.02457002457002457,0.9187002208360586,0.5064583346247673,0.20000000298023224,0.5633333414793015,0.5064583333333332,0.7366666666666667,-0.06930926022154775
[2016] HKDC 316,10,1335,413,130281.18539592912,94019.81688197667,0.6670553186187963,0.4970925220966409,0.4,0.4,0.009685230024213076,0.1678272776913407,0.3093632958801498,0.00749063670411985,0.15138361003781284,1.0,0.018083182640144666,0.9279884361167772,0.5559523910284042,0.2777777910232544,0.2979761973023415,0.555952380952381,0.5218452380952381,-0.05080494022795878
[2016] HKDC 457,10,1335,531,82062.282428577,19471.17858980957,0.2521012460193222,0.06114199701121237,0.7,0.7,0.013182674199623353,0.5023177188040293,0.39775280898876403,0.00749063670411985,0.20238642123328157,1.0,0.029940119760479042,0.9331416602197418,0.4833333283662796,0.3194444477558136,1.0,0.4833333333333334,1.0,0.046304527978870205
[2016] HKDC 537,10,1335,465,71559.43115482086,65278.31521950668,0.29311430659211923,0.26464612275971433,0.7,0.7,0.015053763440860216,0.31442555663155436,0.34831460674157305,0.00749063670411985,0.18032656693213678,1.0,0.029585798816568046,0.98958026296313,0.6216666877269745,0.6000000238418579,0.0,0.6216666666666666,0.0,0.05657131669613147
[2016] HKDC 73,10,1335,236,200082.08416160586,152553.00478981665,1.84399974862453,0.8777660062780201,0.2,0.2,0.00847457627118644,0.07667999778895358,0.17677902621722846,0.00749063670411985,0.09224568562943293,1.0,0.027700831024930747,1.0,0.975,0.8333333134651184,0.0,0.975,0.0,0.04651973615938705
[2016] HKDC 926,10,1335,179,163552.32917972546,70481.84485604253,1.884167035482648,1.2262356870174234,0.1,0.1,0.00558659217877095,0.004546603286588059,0.13408239700374533,0.00749063670411985,0.06321341417801486,1.0,0.03205128205128205,0.8847895088951016,0.37395834028720853,0.1666666716337204,0.7500000059604645,0.37395833333333334,0.875,-0.04575654626290809
[2016] HKDC 984,10,1335,9,406084.9441301065,305492.51542872144,24.95044431502096,2.9815135550485286,0.0,0.0,0.0,0.0,0.006741573033707865,0.00749063670411985,0.0062010394818178445,1.0,0.0234192037470726,0.8907792718562323,0.3670138865709305,0.25,0.7750000059604645,0.36701388888888886,0.8708333333333332,0.025698437111573914
[2017] HKCFI 101,10,1335,540,184834.34429163134,160371.38515380365,0.43419419165804374,0.37622797750011916,0.6,0.6,0.011111111111111112,0.2771700555171701,0.4044943820224719,0.00749063670411985,0.20502275699784617,1.0,0.04975124378109453,0.900013226244227,0.39749999791383744,0.2222222238779068,0.7166666686534882,0.39749999999999996,0.8583333333333332,0.01831912623083771
[2017] HKCFI 1049,10,1335,492,136398.86491672724,124359.18877223645,0.5126631211104378,0.5043395771046688,0.3,0.3,0.006097560975609756,0.3105349814989157,0.3685393258426966,0.00749063670411985,0.19152144170478078,1.0,0.01763668430335097,0.8798711308275081,0.24027778059244156,0.1388888955116272,1.0,0.24027777777777776,1.0,-0.006612697594875233
[2017] HKCFI 1130,10,1335,352,168112.52986573477,101370.91670092993,1.0531013132129812,0.7147636201122287,0.3,0.3,0.008522727272727272,0.1988521780620301,0.2636704119850187,0.00749063670411985,0.13221563900632888,1.0,0.04310344827586207,0.8317751805268779,0.3694444440305233,0.1111111119389534,0.558333334326744,0.3694444444444444,0.7791666666666666,-0.026782117251933708
[2017] HKCFI 1131,10,1335,519,126258.77406389962,117181.44938226075,0.42370624629551906,0.5115178339084059,0.5,0.5,0.009633911368015413,0.1779527066523898,0.3887640449438202,0.00749063670411985,0.19948980743310174,1.0,0.019157088122605363,0.9225463579082758,0.5833333343267441,0.3333333432674408,0.95,0.5833333333333333,0.975,0.0133833005574125
[2017] HKCFI 1139,10,1335,540,137210.91044360754,123131.68423897828,0.3223220261096456,0.349798857654112,0.5,0.5,0.009259259259259259,0.3243218294685501,0.4044943820224719,0.00749063670411985,0.20502275699784617,1.0,0.012422360248447204,0.9201975869232905,0.3239583343267441,0.2708333432674408,1.0,0.3239583333333333,1.0,0.05061465110016866
[2017] HKCFI 1170,10,1335,206,344303.65425073105,339444.44711772696,3.5946817956307555,1.5065442319553073,0.2,0.2,0.009708737864077669,0.08040601217096377,0.1543071161048689,0.00749063670411985,0.07400033372716747,1.0,0.02457002457002457,0.8676684920560249,0.3905555561184883,0.14166666567325592,0.5816666722297669,0.39055555555555554,0.7541666666666667,-0.0021189398506119765
[2017] HKCFI 1200,10,1335,69,173849.09105724335,150768.8720574267,3.2671099454541404,1.3100464727852126,0.1,0.1,0.014492753623188406,0.04033248729718934,0.051685393258426963,0.00749063670411985,0.024839999207408883,1.0,0.03058103975535168,0.9727573112652785,0.3302083358168602,0.1666666716337204,1.0,0.3302083333333333,1.0,-0.01608052777180178
[2017] HKCFI 1211,10,1335,492,119564.82007036681,121965.10406927204,0.4493913777779913,0.6138117899801276,0.3,0.3,0.006097560975609756,0.13062648339564764,0.3685393258426966,0.00749063670411985,0.19152144170478078,1.0,0.02570694087403599,0.9257722379901107,0.6099999934434891,0.3333333432674408,1.0,0.61,1.0,0.02969371741413597
[2017] HKCFI 1296,10,1335,522,171005.26192298293,176400.12014232244,0.5356110756326462,0.5024362923763777,0.4,0.4,0.007662835249042145,0.18539207260881305,0.39101123595505616,0.00749063670411985,0.20238028896662608,0.0,0.0,0.0,0.0,0.0,0.0,0.2,1.0,0.07929951759241798
[2017] HKCFI 1336,10,1335,402,193360.7112073658,110949.38065147502,1.0093854944408531,0.4512404689365246,0.5,0.5,0.012437810945273632,0.1683490385113202,0.30112359550561796,0.00749063670411985,0.14845596064199262,1.0,0.012315270935960592,0.8995077822296021,0.4364583343267441,0.15625,0.7750000059604645,0.4364583333333333,0.8708333333333333,-0.04525598925228676
[2017] HKCFI 1338,10,1335,428,95071.94043055837,90880.16137722251,0.4466668192300558,0.5359112703399127,0.4,0.4,0.009345794392523364,0.20372748149029543,0.32059925093632957,0.00749063670411985,0.16374869908414422,0.0,0.0,0.0,0.0,0.0,0.0,0.0,1.0,0.16617296806047166
[2017] HKCFI 1353,10,1335,492,141360.1796768716,125542.08234999752,0.5313105131638813,0.6384279642638919,0.2,0.2,0.0040650406504065045,0.21172384511323528,0.3685393258426966,0.00749063670411985,0.19152144170478078,1.0,0.01953125,0.880630873841491,0.6250000059604645,0.3333333432674408,0.9,0.6249999999999999,0.95,0.012167749966399334
[2017] HKCFI 1405,10,1335,234,96433.5848289911,50172.27082975925,0.9061281889787182,0.5823442088950719,0.5,0.5,0.021367521367521368,0.2658885219383145,0.1752808988764045,0.00749063670411985,0.08909202017993767,1.0,0.06097560975609756,0.9988057121492391,0.7916666626930237,0.75,0.0,0.7916666666666666,0.2,0.0945112872310491
[2017] HKCFI 1477,10,1335,181,207854.8139296324,113279.44814993706,2.3251026483119537,0.7711951337800222,0.4,0.4,0.022099447513812154,0.19571560265123886,0.1355805243445693,0.00749063670411985,0.06715895954822802,1.0,0.01953125,0.9435015387835505,0.7524999976158142,0.5,0.95,0.7525000000000001,0.975,0.018482478687589496
[2017] HKCFI 1491,10,1335,547,200701.14409904246,141410.63031762964,0.49628092293812537,0.429904662985126,0.5,0.5,0.009140767824497258,0.14439782452348032,0.40973782771535583,0.00749063670411985,0.20499779870142482,1.0,0.0625,0.9059178759989678,0.38444444388151167,0.17083333432674408,0.48583334386348725,0.3844444444444444,0.6854761904761905,0.016743361506650775
[2017] HKCFI 1692,10,1335,234,226954.3578428748,230969.3131614274,2.1325531101812465,1.2109859891162014,0.1,0.1,0.004273504273504274,0.0690388793070605,0.1752808988764045,0.00749063670411985,0.08909202017993767,0.0,0.0,0.0,0.0,0.0,0.0,1.0,1.0,0.2204106845198009
[2017] HKCFI 1693,10,1335,402,134175.71071499243,79589.7519765475,0.7204389512264456,0.4302360359184245,0.5,0.5,0.012437810945273632,0.19809394255959495,0.30112359550561796,0.00749063670411985,0.1458358496137725,1.0,0.029585798816568046,0.8707922616823471,0.416493059694767,0.2222222238779068,0.4250000059604645,0.41649305555555555,0.625,-0.11006536872775378
[2017] HKCFI 1808,10,1335,457,107075.39647714484,97318.74705243483,0.45732857709116337,0.3749803293462124,0.6,0.6,0.01312910284463895,0.24630944071102162,0.3423220973782772,0.00749063670411985,0.17561562369720649,1.0,0.019011406844106463,0.9703598535986833,0.8666666567325592,0.5833333134651184,0.7666666746139527,0.8666666666666666,0.8666666666666666,0.0279020253733041
[2017] HKCFI 1816,10,1335,133,200179.70290276458,178562.59925582795,2.6870969128389115,1.2155697062909194,0.3,0.3,0.022556390977443608,0.08300601040470917,0.099625468164794,0.00749063670411985,0.04808146363774092,1.0,0.044642857142857144,0.9950163750142789,0.7147222280502319,0.6666666865348816,0.0,0.7147222222222223,0.1,0.016594763222496936
[2017] HKCFI 1944,10,1335,37,202818.87936177084,99393.76800681013,4.764416467890248,1.1995887427786691,0.1,0.1,0.02702702702702703,0.021369148376846815,0.027715355805243445,0.00749063670411985,0.014288966511103656,0.2,1.0,0.9793515201064956,0.0,0.0,0.5133333384990693,0.8,0.7566666666666666,0.046572665968570466
[2017] HKCFI 251,10,1335,564,163066.41262378267,148197.59679572762,0.4377819005575426,0.4287294660402363,0.4,0.4,0.0070921985815602835,0.19843306920365245,0.42247191011235957,0.00749063670411985,0.2068563209311924,1.0,0.028901734104046242,0.9106754263611991,0.5629166722297668,0.28333333134651184,0.6733333379030227,0.5629166666666666,0.7999999999999999,0.026673351416087662
[2017] HKCFI 314,10,1335,540,205799.4879741413,181319.68372630002,0.48344339179511114,0.42440517105820685,0.5,0.5,0.009259259259259259,0.11970793402036119,0.4044943820224719,0.00749063670411985,0.20502275699784617,1.0,0.03717472118959108,0.9409630924749418,0.6583333373069763,0.375,0.8066666692495346,0.6583333333333333,0.9033333333333333,0.03463860558408427
[2017] HKCFI 756,10,1335,445,125809.47782833478,116217.94871794872,0.5498398716738032,0.4911145018597667,0.2,0.2,0.0044943820224719105,0.08055704812245788,0.3333333333333333,0.00749063670411985,0.1710708402052052,1.0,0.01721170395869191,0.9347695489102863,0.2729960337281227,0.21805556118488312,1.0,0.2729960317460317,1.0,0.030367141677448747
[2017] HKCFI 781,10,1335,503,133431.3859141182,117869.26058474807,0.4559178886434898,0.518859537071112,0.4,0.4,0.007952286282306162,0.15605854134574562,0.3767790262172285,0.00749063670411985,0.19848878918794027,1.0,0.04048582995951417,0.9121891605214999,0.653055553138256,0.19722221791744232,0.36428572088479994,0.6530555555555555,0.5374999999999999,0.01745456267496539
[2017] HKCFI 936,10,1335,488,385082.4865426786,370048.70423693955,0.7538307685135395,0.7116523453211041,0.2,0.2,0.004098360655737705,0.20553385821286613,0.36554307116104867,0.00749063670411985,0.19589294925785222,1.0,0.023980815347721823,0.9486362474147821,0.5738789677619934,0.4583333432674408,0.5934523940086365,0.5738789682539683,0.7625595238095239,0.1147065993175572
[2017] HKDC 10,10,1335,492,291113.9715488488,205061.40580088843,1.0941689092808982,0.7473218588689612,0.3,0.3,0.006097560975609756,0.1685167608348983,0.3685393258426966,0.00749063670411985,0.19152144170478078,0.2,1.0,0.9968449128912266,0.0,0.0,0.560317474603653,0.1,0.7262500000000001,-0.04227635664707519
[2017] HKDC 1035,10,1335,234,219478.79604034187,250360.48898995685,2.0623097681988876,1.206766526231534,0.2,0.2,0.008547008547008548,0.07907652755268986,0.1752808988764045,0.00749063670411985,0.08909202017993767,1.0,0.045454545454545456,0.9196837509241985,0.5130555585026741,0.2083333283662796,0.6833333432674408,0.5130555555555556,0.8083333333333332,-0.02773855262954715
[2017] HKDC 1037,10,1335,234,142467.356350869,89894.47074873606,1.3386797538194268,0.7967051940312881,0.4,0.4,0.017094017094017096,0.22191685809842068,0.1752808988764045,0.00749063670411985,0.08909202017993767,1.0,0.02444987775061125,0.7724922980256401,0.3062500059604645,0.25,1.0,0.30625,1.0,0.011163483258492556
[2017] HKDC 1137,10,1335,133,162568.87968437857,57752.801157410235,2.1822309074749917,0.5636848344846515,0.4,0.4,0.03007518796992481,0.2862786301058518,0.099625468164794,0.00749063670411985,0.04808146363774092,1.0,0.04424778761061947,0.9867192722755235,0.4875,0.4375,0.0,0.4875,0.2,-0.02951018458472109
[2017] HKDC 1187,10,1335,89,194861.83948451577,187213.81636910603,3.051665143879128,1.5325824010577556,0.0,0.0,0.0,0.0,0.06666666666666667,0.00749063670411985,0.03593994812981555,1.0,0.01937984496124031,0.9082583910738514,0.3501388877630234,0.25,1.0,0.3501388888888889,1.0,-0.055618199835469416
[2017] HKDC 1294,10,1335,206,447394.6298913575,256013.35041451448,4.670996986753612,1.289143041356632,0.2,0.2,0.009708737864077669,0.08623480696803748,0.1543071161048689,0.00749063670411985,0.07400033372716747,1.0,0.01597444089456869,0.9442300959479902,0.5076388895511628,0.25833332538604736,0.633333346247673,0.507638888888889,0.7825,-0.06759371703958382
[2017] HKDC 1380,10,1335,402,244241.41738965028,200495.26879701056,1.2749939856726988,0.7973284196503743,0.1,0.1,0.0024875621890547263,0.1762837115470321,0.30112359550561796,0.00749063670411985,0.14845596064199262,1.0,0.03937007874015748,0.9571020911392084,0.6489583432674408,0.3194444477558136,0.423333340883255,0.6489583333333334,0.6366666666666666,-0.048420868440450106
[2017] HKDC 1592,10,1335,175,308920.49130048486,326994.33224635606,3.6284242390361,1.5719109295900395,0.2,0.2,0.011428571428571429,0.06878169406732988,0.13108614232209737,0.00749063670411985,0.06012659059971915,1.0,0.03597122302158273,0.9273513262550718,0.46989583075046537,0.2927083373069763,0.35000000298023226,0.46989583333333335,0.5416666666666667,0.026059687260623694
[2017] HKDC 1611,10,1335,516,434440.58970137406,283913.02085281385,0.9071502203374037,0.6274011335111336,0.3,0.3,0.005813953488372093,0.26566942723836257,0.3865168539325843,0.00749063670411985,0.20471012522211507,1.0,0.020491803278688523,0.9291370951692172,0.39097222685813904,0.2946428656578064,0.647222238779068,0.39097222222222217,0.7870833333333334,0.06721542564059478
[2017] HKDC 167,10,1335,276,122138.78922467842,90943.49237632047,0.956387065775823,0.5377203965805295,0.3,0.3,0.010869565217391304,0.23268468454986746,0.20674157303370785,0.00749063670411985,0.11153302687727447,1.0,0.024509803921568627,0.9774290495529884,0.4736111223697662,0.3333333432674408,1.0,0.4736111111111111,1.0,-0.02458539936100077
[2017] HKDC 174,10,1335,547,197088.2314734548,261034.50283949677,0.4873471442077131,0.5965605450806262,0.4,0.4,0.007312614259597806,0.48611213419010535,0.40973782771535583,0.00749063670411985,0.20499779870142482,1.0,0.024875621890547265,0.9647869861488942,0.6493749931454659,0.2083333283662796,0.3525829821825027,0.649375,0.5430952380952381,0.02828629307960871
[2017] HKDC 233,10,1335,276,269320.8061778728,210077.82673738775,2.1088708772036133,0.9651276348615223,0.2,0.2,0.007246376811594203,0.09065774412294537,0.20674157303370785,0.00749063670411985,0.11153302687727447,1.0,0.022675736961451247,0.9354130383606779,0.5658333294093609,0.11666666716337204,0.6250000059604645,0.5658333333333333,0.7958333333333334,0.03165142641664271
[2017] HKDC 280,10,1335,22,169716.15576605577,181446.1388922042,5.315734248168054,1.8991530400242045,0.0,0.0,0.0,0.0,0.01647940074906367,0.00749063670411985,0.010283070121641586,1.0,0.0625,0.9770008522422037,0.6444444507360458,0.3333333432674408,0.0,0.6444444444444444,0.1,-0.013579674733617457
[2017] HKDC 360,10,1335,549,160778.17018415287,191999.61362888347,0.40286277838335477,0.601986402162968,0.4,0.4,0.007285974499089253,0.3455349671659679,0.41123595505617977,0.00749063670411985,0.20851713782624748,1.0,0.013888888888888888,0.9140254929093597,0.41515376716852187,0.2291666716337204,0.6766666829586029,0.4151537698412698,0.8383333333333333,0.05797989308147689
[2017] HKDC 363,10,1335,402,112673.11075293222,73881.17462224481,0.5881784510275692,0.3728378334199922,0.5,0.5,0.012437810945273632,0.39683120051805576,0.30112359550561796,0.00749063670411985,0.14845596064199262,1.0,0.020703933747412008,0.9464654999555218,0.38333334028720856,0.2638888955116272,1.0,0.3833333333333333,1.0,0.015192182198971654
[2017] HKDC 364,10,1335,402,87274.89152699296,73881.17462224481,0.45559415346673504,0.3655872880745923,0.6,0.6,0.014925373134328358,0.39015832058456795,0.30112359550561796,0.00749063670411985,0.14845596064199262,1.0,0.0211864406779661,0.9609285485896311,0.409722226858139,0.25,1.0,0.4097222222222222,1.0,0.014642612219556627
[2017] HKDC 504,10,1335,519,188368.40937735108,144764.15046654333,0.6321372296672368,0.6779196391224431,0.4,0.4,0.007707129094412331,0.15160600175813627,0.3887640449438202,0.00749063670411985,0.19948980743310174,1.0,0.01615508885298869,0.9713573913709959,0.546249994635582,0.4375,0.560476204752922,0.5462499999999999,0.7535714285714286,-0.05973613330729926
[2017] HKDC 513,10,1335,175,210779.15996452988,215862.49027205663,2.47570567390771,1.2550448417527846,0.1,0.1,0.005714285714285714,0.023270656449956448,0.13108614232209737,0.00749063670411985,0.06012659059971915,1.0,0.01953125,0.9366291686922049,0.6749999970197678,0.4166666567325592,0.9166666686534881,0.6749999999999999,0.9583333333333334,0.005857343106368851
[2017] HKDC 612,10,1335,293,188220.34540381277,79265.36001131665,1.4148743802246968,0.4648470760130792,0.5,0.5,0.017064846416382253,0.1877021018238143,0.2194756554307116,0.00749063670411985,0.11730104377897388,1.0,0.027247956403269755,0.9872513181279834,0.7076388955116272,0.625,0.0,0.7076388888888889,0.0,-0.012422996807134042
[2017] HKDC 712,10,1335,89,142762.0800564852,101868.91401610344,2.235748490974686,0.9480708486054157,0.1,0.1,0.011235955056179775,0.07347993271325133,0.06666666666666667,0.00749063670411985,0.03593994812981555,1.0,0.023255813953488372,0.9539975924343949,0.8583333343267441,0.3333333432674408,0.5250000029802322,0.8583333333333332,0.725,-0.02043290549045991
[2017] HKDC 727,10,1335,540,232697.65647425526,196676.33939727128,0.5466298551861446,0.5501944221687607,0.4,0.4,0.007407407407407408,0.12593686381325037,0.4044943820224719,0.00749063670411985,0.20502275699784617,1.0,0.036101083032490974,0.9203458306430329,0.6773958310484887,0.2222222238779068,0.5966666728258133,0.6773958333333333,0.7449999999999999,0.008864304224433267
[2017] HKDC 832,10,1335,428,157488.15400257107,121206.68825636932,0.7399105613724395,0.7455071514007754,0.2,0.2,0.004672897196261682,0.01666958729364805,0.32059925093632957,0.00749063670411985,0.16374869908414422,1.0,0.06172839506172839,0.8581366316689113,0.415625,0.1875,0.5700000032782555,0.415625,0.7849999999999999,-0.03105828148851654
[2017] HKDC 916,10,1335,352,139914.86274340487,115254.74615151927,0.8764636747229504,0.5398118538299963,0.3,0.3,0.008522727272727272,0.2054529408443677,0.2636704119850187,0.00749063670411985,0.13221563900632888,1.0,0.02207505518763797,0.8627381887779072,0.574930553138256,0.1597222238779068,0.5116666719317436,0.5749305555555556,0.6958333333333333,-0.061999102388204504
[2018] HKCFI 1024,10,1335,350,148310.38300625604,99832.06091837877,0.9513242585626518,0.9514956851829792,0.3,0.3,0.008571428571428572,0.08809051046612588,0.26217228464419473,0.00749063670411985,0.12865607980478483,0.1,1.0,0.9788024925705987,0.0,0.0,0.4833333373069763,0.4,0.7416666666666667,0.03509945439570158
[2018] HKCFI 1084,10,1335,495,185096.1743452745,161057.24062771487,0.7123701412639754,0.5708283703238175,0.4,0.4,0.00808080808080808,0.19228140924343276,0.3707865168539326,0.00749063670411985,0.1897752100576249,1.0,0.040983606557377046,0.9715550832520082,0.8927777767181396,0.6499999761581421,0.6083333402872085,0.8927777777777779,0.7424999999999999,0.02558146865783983
[2018] HKCFI 1086,10,1335,350,142047.07905006054,82848.15589598806,0.9111488313841724,0.42601014181857,0.4,0.4,0.011428571428571429,0.14559086947526292,0.26217228464419473,0.00749063670411985,0.12865607980478483,1.0,0.01567398119122257,0.8058354312891166,0.3041666716337204,0.2083333283662796,0.9333333373069763,0.3041666666666667,0.9666666666666666,-0.002036960876690409
[2018] HKCFI 1107,10,1335,525,104634.61687715558,96686.1418713666,0.3146108412860421,0.2849002842661683,0.6,0.6,0.011428571428571429,0.2993055677476511,0.39325842696629215,0.00749063670411985,0.20528766293061654,1.0,0.06172839506172839,1.0,1.0,1.0,0.0,1.0,0.2,0.034360774660812984
[2018] HKCFI 1284,10,1335,495,187562.608005793,149316.74406228273,0.7218625778385114,0.45014983049995916,0.5,0.5,0.010101010101010102,0.28714984442644065,0.3707865168539326,0.00749063670411985,0.1897752100576249,1.0,0.042735042735042736,0.9055647239348082,0.347222226858139,0.25,0.8500000059604644,0.3472222222222222,0.925,0.025576533577104894
[2018] HKCFI 1446,10,1335,350,106970.16248956269,118252.77911103144,0.6861509521853032,0.5644481121269083,0.4,0.4,0.011428571428571429,0.24079273331830955,0.26217228464419473,0.00749063670411985,0.12865607980478483,1.0,0.02544529262086514,0.9842552660924533,0.9249999940395355,0.5833333134651184,0.8,0.925,0.9,0.052962790029134635
[2018] HKCFI 1463,10,1335,444,229405.2007772475,193884.33624927726,1.0510714475765777,0.7537921797957807,0.3,0.3,0.006756756756756757,0.1092912113717437,0.3325842696629214,0.00749063670411985,0.16668788526491193,1.0,0.02358490566037736,0.9405621080260489,0.6874999880790711,0.3333333432674408,0.6833333373069763,0.6874999999999999,0.8416666666666666,0.040393457655344474
[2018] HKCFI 149,10,1335,513,130105.03085980995,124822.51451789014,0.4552077738190895,0.5740481919307676,0.3,0.3,0.005847953216374269,0.10332480361767764,0.3842696629213483,0.00749063670411985,0.1968483393887343,1.0,0.03067484662576687,0.9392008142547926,0.44062499701976776,0.2361111044883728,0.95,0.440625,0.975,-0.011512682125463617
[2018] HKCFI 1663,10,1335,440,110950.48180983654,103562.86892543532,0.5337617773554297,0.522172730776858,0.4,0.4,0.00909090909090909,0.21921097242826018,0.3295880149812734,0.00749063670411985,0.1592685976000535,1.0,0.01953125,0.9995765992287079,0.8124999821186065,0.7083333134651184,1.0,0.8125,1.0,0.06172158704720054
[2018] HKCFI 1685,10,1335,517,270933.21008204494,297687.83226732555,0.8689389440469191,0.7176612906141653,0.2,0.2,0.0038684719535783366,0.17828311045066297,0.3872659176029963,0.00749063670411985,0.20097963131361676,1.0,0.06134969325153374,0.8993390078294888,0.6583333373069763,0.25,0.367619052529335,0.6583333333333334,0.5225,-0.06138732682028978
[2018] HKCFI 1912,10,1335,461,101446.05642035851,108154.65178580454,0.42438068255755146,0.4152571248171917,0.4,0.4,0.008676789587852495,0.17469279491473982,0.3453183520599251,0.00749063670411985,0.1805515748380562,1.0,0.026737967914438502,0.8553205111703003,0.3736111119389534,0.2222222238779068,0.40000000298023225,0.37361111111111106,0.55,-0.1563291358866723
[2018] HKCFI 2174,10,1335,274,312208.47531072085,317870.0828049815,0.400526908867087,0.4613709297944837,0.3,0.3,0.010948905109489052,0.14814305803883265,0.20524344569288389,0.00749063670411985,0.10180463664764958,1.0,0.01594896331738437,0.9140995995500082,0.4988591283559799,0.3854166567325592,0.512500011920929,0.498859126984127,0.7017857142857143,0.1316531636685215
[2018] HKCFI 2461,10,1335,268,79051.13775703975,18500.609575274313,0.6338334468807691,0.15576664413698094,0.7,0.7,0.026119402985074626,0.5013536537147316,0.20074906367041198,0.00749063670411985,0.1089398060903315,1.0,0.031446540880503145,1.0,0.7916666626930237,0.7222222089767456,0.0,0.7916666666666667,0.4,0.1020867818299013
[2018] HKCFI 2723,10,1335,365,296092.03943418694,340805.98954717384,0.43829008747846376,0.7131193365083108,0.4,0.4,0.010958904109589041,0.18179080332046868,0.27340823970037453,0.00749063670411985,0.13838914396990504,1.0,0.021052631578947368,0.9438050133180568,0.6284722208976745,0.2777777910232544,0.6600000023841858,0.6284722222222221,0.7925,0.15901690289130557
[2018] HKCFI 327,10,1335,444,241291.13858995767,261109.32031681712,0.42211127930233383,0.4919491545645718,0.5,0.5,0.01126126126126126,0.23997456309350795,0.3325842696629214,0.00749063670411985,0.17665297712102546,1.0,0.03076923076923077,0.8321986632402373,0.30527778118848803,0.1041666641831398,0.6116666719317436,0.30527777777777776,0.7625,0.00842275877717698
[2018] HKCFI 356,10,1335,268,198159.97141938342,121215.5071989816,1.5888502212905518,0.6789469383126079,0.2,0.2,0.007462686567164179,0.15141088135130995,0.20074906367041198,0.00749063670411985,0.1089398060903315,1.0,0.05181347150259067,0.9129986535029495,0.6263888999819756,0.2222222238779068,0.6583333402872086,0.6263888888888889,0.7916666666666666,-0.03663005978183215
[2018] HKCFI 569,10,1335,517,198364.34398913226,155204.3058204169,0.6361955536948747,0.6774672866526199,0.3,0.3,0.005802707930367505,0.34846423763764445,0.3872659176029963,0.00749063670411985,0.20097963131361676,1.0,0.05714285714285714,0.9130020851435595,0.6590624988079071,0.390625,0.5333333373069763,0.6590625,0.7666666666666667,-0.061027467556267964
[2018] HKCFI 737,10,1335,297,282278.763729488,225532.50488507457,2.0892149664802027,0.9798122360077324,0.3,0.3,0.010101010101010102,0.2745682378937963,0.22247191011235956,0.00749063670411985,0.11741524466658197,1.0,0.029498525073746312,0.9250443410227018,0.3452335834503174,0.2083333283662796,0.46809524297714233,0.3452335858585858,0.6749999999999999,-0.06763628442043748
[2018] HKCFI 870,10,1335,519,204338.97720610944,206180.12509597556,0.4509340186298969,0.5746907527469816,0.5,0.5,0.009633911368015413,0.2249422030010433,0.3887640449438202,0.00749063670411985,0.2033067283632229,0.9,0.6,0.9914946080854428,0.0,0.0,0.688571447134018,0.1,0.8290476190476191,0.12827973083444963
[2018] HKCFI 956,10,1335,505,120476.18995130723,135552.01924660732,0.41399154075931827,0.5434451903517017,0.4,0.4,0.007920792079207921,0.36715446480704184,0.3782771535580524,0.00749063670411985,0.1986152459469986,1.0,0.028089887640449437,0.9286671429081929,0.7244791716337204,0.4444444477558136,0.9,0.7244791666666666,0.95,0.027919029695067585
[2018] HKDC 1016,10,1335,268,71243.28869905928,53411.65787779435,0.5712299724519168,0.4526671625462457,0.5,0.5,0.018656716417910446,0.2250182212763653,0.20074906367041198,0.00749063670411985,0.1089398060903315,1.0,0.05181347150259067,0.9235904047583877,0.5781249970197677,0.3333333432674408,0.5833333358168602,0.5781249999999999,0.7916666666666666,0.10591043117751059
[2018] HKDC 1029,10,1335,0,215188.94519911575,216399.3295773424,41.409332157235255,3.7528405354029886,0.0,0.0,0.0,0.0,0.0,0.00749063670411985,0.0,1.0,0.02012072434607646,0.9651313258485047,0.565277773141861,0.3472222089767456,1.0,0.5652777777777778,1.0,0.0
[2018] HKDC 1054,10,1335,350,141444.39809412343,128493.51923952904,0.9072829859731163,0.6007240954413193,0.4,0.4,0.011428571428571429,0.15056362485538943,0.26217228464419473,0.00749063670411985,0.12865607980478483,1.0,0.044444444444444446,0.9102371510225384,0.5676091223955154,0.4305555522441864,0.26428572088479996,0.567609126984127,0.40083333333333326,0.0179797535719566
[2018] HKDC 1071,10,1335,526,165557.69526187496,173750.91575091577,0.5097387201143999,0.5328772131106447,0.3,0.3,0.005703422053231939,0.09599522319888017,0.3940074906367041,0.00749063670411985,0.2027001356175924,1.0,0.02304147465437788,0.8244701965412924,0.3725694462656975,0.1388888955116272,0.5583333432674408,0.3725694444444444,0.7416666666666666,-0.026408738619466094
[2018] HKDC 1172,10,1335,292,303578.62835141906,310046.74170531606,2.318189440006546,1.2055569296132829,0.1,0.1,0.003424657534246575,0.20647038586941494,0.21872659176029963,0.00749063670411985,0.11463703008919696,1.0,0.040160642570281124,0.8391963276053359,0.491527783870697,0.1875,0.30761905312538146,0.4915277777777777,0.47833333333333333,-0.03216477626656065
[2018] HKDC 1181,10,1335,440,169439.40322041433,82883.15001056068,0.8151409127901014,0.3954690678190165,0.5,0.5,0.011363636363636364,0.3647996484683066,0.3295880149812734,0.00749063670411985,0.1592685976000535,1.0,0.07042253521126761,0.957612748952136,0.5694444417953491,0.25,0.2876190528273582,0.5694444444444444,0.4916666666666666,-0.018978777159466508
[2018] HKDC 1216,10,1335,238,248455.50535130952,169936.03795937158,2.3905448622990866,1.0913243172157996,0.1,0.1,0.004201680672268907,0.011859435209360392,0.17827715355805243,0.00749063670411985,0.08676007780468184,1.0,0.01953125,0.952039898361312,0.7555555522441864,0.5,1.0,0.7555555555555555,1.0,0.04659146071212529
[2018] HKDC 1368,10,1335,350,115777.32314081474,88009.6012921365,0.7426437304167577,0.5073308516751345,0.4,0.4,0.011428571428571429,0.20342672042266055,0.26217228464419473,0.00749063670411985,0.12865607980478483,1.0,0.02074688796680498,0.9992145864041084,0.7208333313465118,0.5833333134651184,1.0,0.7208333333333333,1.0,0.069017600072432
[2018] HKDC 139,10,1335,495,178043.09356650696,123392.33959315461,0.6852253114559621,0.6184326559545186,0.2,0.2,0.00404040404040404,0.0683778731248427,0.3707865168539326,0.00749063670411985,0.1897752100576249,1.0,0.06535947712418301,0.9395513145777706,0.5868055582046509,0.4444444477558136,0.5436904847621917,0.5868055555555555,0.7008333333333333,-0.033273526109482636
[2018] HKDC 1510,10,1335,440,105892.13170099616,98341.72801239826,0.5094270119669546,0.38737136466546396,0.6,0.6,0.013636363636363636,0.2774341577090227,0.3295880149812734,0.00749063670411985,0.1592685976000535,1.0,0.06172839506172839,1.0,1.0,1.0,0.0,1.0,0.2,-0.010902907940078036
[2018] HKDC 1520,10,1335,481,265358.71362783294,247801.363165423,0.5106362273054514,0.5151719652748081,0.5,0.5,0.010395010395010396,0.260841725202129,0.3602996254681648,0.00749063670411985,0.19311138863439584,1.0,0.024509803921568627,0.9055141812135591,0.4204861164093018,0.1805555522441864,0.4836904853582382,0.42048611111111106,0.6647619047619047,0.10648386439890484
[2018] HKDC 1558,10,1335,143,163704.74344233607,42764.42353883028,2.100140132089069,0.43426184923735356,0.5,0.5,0.03496503496503497,0.23121759528665953,0.10711610486891386,0.00749063670411985,0.053199990433295805,1.0,0.026954177897574125,0.996287565817473,0.7041666865348816,0.6666666865348816,0.0,0.7041666666666667,0.1,-0.02342783304430641
[2018] HKDC 1577,10,1335,86,166952.14388858358,183575.05776077937,2.6772505956907997,1.3720941188725533,0.1,0.1,0.011627906976744186,0.03804911452481317,0.06441947565543071,0.00749063670411985,0.03448922710974087,1.0,0.045662100456621,0.9472242276341458,0.7180555611848831,0.3333333432674408,0.47500000298023226,0.7180555555555556,0.6666666666666666,-0.05633991825055128
[2018] HKDC 332,10,1335,350,124186.05310861519,38832.721083305485,0.7965808091291355,0.29061776519181937,0.6,0.6,0.017142857142857144,0.462832609188973,0.26217228464419473,0.00749063670411985,0.12865607980478483,1.0,0.06451612903225806,0.9177266591818195,0.6875,0.375,0.19666666835546492,0.6875,0.31249999999999994,-0.014130198114404247
[2018] HKDC 526,10,1335,238,113834.07947244825,63100.39932694394,1.095268440329502,0.5146822966983207,0.4,0.4,0.01680672268907563,0.18373833840235287,0.17827715355805243,0.00749063670411985,0.08676007780468184,1.0,0.031446540880503145,0.9997413508155663,0.827777773141861,0.75,0.0,0.8277777777777778,0.3,0.08888722098706892
[2018] HKDC 542,10,1335,512,204135.89600865822,262751.1222780022,0.43647074461911306,0.8251304584636667,0.4,0.4,0.0078125,0.34534539451816665,0.38352059925093634,0.00749063670411985,0.2042212948944853,0.0,0.0,0.0,0.0,0.0,0.0,1.0,1.0,-0.17567076905973286
[2018] HKDC 582,10,1335,440,251374.35962373234,231785.56761341635,1.209314486838496,0.743144916716636,0.2,0.2,0.004545454545454545,0.11439545527304033,0.3295880149812734,0.00749063670411985,0.1592685976000535,1.0,0.030864197530864196,0.9682123392822818,0.315625,0.15625,0.8833333343267441,0.315625,0.9416666666666667,-0.011242453210494588
[2018] HKDC 605,10,1335,350,143968.90005686588,87303.64255305816,0.9234761877521489,0.44399100063757135,0.4,0.4,0.011428571428571429,0.05512640293953354,0.26217228464419473,0.00749063670411985,0.12865607980478483,1.0,0.019011406844106463,0.9488415310033982,0.8124999910593033,0.4583333432674408,0.8166666746139526,0.8125,0.9,0.04177531359944414
[2018] HKDC 615,10,1335,23,256251.23285441054,225875.63913637644,8.218508008663978,2.0902645281923675,0.0,0.0,0.0,0.0,0.017228464419475654,0.00749063670411985,0.009640747516922477,1.0,0.07518796992481203,0.8437564588220465,0.2677777767181396,0.1111111119389534,0.5833333343267441,0.2677777777777778,0.7916666666666666,-0.04745366974646272
[2018] HKDC 693,10,1335,238,143243.4679056189,102359.38580892683,1.3782344479567656,0.8980267321941762,0.2,0.2,0.008403361344537815,0.13684231083332865,0.17827715355805243,0.00749063670411985,0.08676007780468184,1.0,0.01466275659824047,0.9858721882251298,0.4171296298503876,0.3055555522441864,1.0,0.4171296296296296,1.0,0.007687937378439769
[2018] HKDC 985,10,1335,517,122549.25819110083,133654.57995973853,0.3930408641083955,0.44461579188007505,0.4,0.4,0.007736943907156673,0.3548253731883915,0.3872659176029963,0.00749063670411985,0.20097963131361676,1.0,0.03164556962025317,0.9653793516878507,0.3144444480538368,0.20277777314186096,0.75,0.3144444444444444,0.875,-0.044037116457778476
[2019] HKDC 1088,10,1335,463,148786.07120056864,144489.09806054246,0.5908549566235195,0.8528658864851435,0.2,0.2,0.004319654427645789,0.05462090608445274,0.34681647940074906,0.00749063670411985,0.1841320717959684,1.0,0.05319148936170213,1.0,0.0,0.0,1.0,0.2,1.0,0.09726692196668377
[2019] HKDC 1110,10,1335,343,147469.38319654507,135007.22864034984,0.9760436053008569,0.6384588876755588,0.4,0.4,0.011661807580174927,0.15459686939314837,0.25692883895131086,0.00749063670411985,0.1262891131537555,1.0,0.03194888178913738,0.8878450193229199,0.3357638895511627,0.2569444477558136,1.0,0.33576388888888886,1.0,-0.000689884762817853
[2019] HKDC 1161,10,1335,265,153093.7649034451,132168.93170269247,1.266586553480454,0.7356842629743969,0.2,0.2,0.007547169811320755,0.08098598224647621,0.19850187265917604,0.00749063670411985,0.10658960144244027,1.0,0.02849002849002849,0.9986387093252416,0.8020833194255829,0.7222222089767456,0.0,0.8020833333333333,0.2,0.10918218973062865
[2019] HKDC 1179,10,1335,265,158203.28521678047,110537.78697389974,1.3088590113280187,0.6565373538174288,0.4,0.4,0.01509433962264151,0.12330474681042737,0.19850187265917604,0.00749063670411985,0.10658960144244027,1.0,0.015360983102918587,0.9093656407945592,0.2941666662693024,0.20000000298023224,1.0,0.2941666666666667,1.0,0.03127739326871827
[2019] HKDC 125,10,1335,343,150028.7232667292,126103.1464254183,0.9929829011407543,0.606541961390195,0.4,0.4,0.011661807580174927,0.12559499717985342,0.25692883895131086,0.00749063670411985,0.1262891131537555,1.0,0.02577319587628866,0.9962795842041988,0.6833333492279052,0.625,0.0,0.6833333333333333,0.1,0.04568106716743256
[2019] HKDC 1321,10,1335,426,321972.59007508046,385347.1902580914,0.5327534448389468,1.0647546765041564,0.3,0.3,0.007042253521126761,0.2759171451926468,0.31910112359550563,0.00749063670411985,0.16552989825927147,1.0,0.016474464579901153,0.8654503755847323,0.321597221493721,0.1944444477558136,0.9666666686534882,0.3215972222222222,0.9833333333333334,0.01268997490359412
[2019] HKDC 1393,10,1335,343,233253.7130891426,176399.76495790065,1.5438173683137246,0.7714689489442259,0.1,0.1,0.0029154518950437317,0.02022141435221346,0.25692883895131086,0.00749063670411985,0.1262891131537555,1.0,0.055248618784530384,0.9765075158801276,0.9177777767181396,0.6499999761581421,0.3400000035762787,0.9177777777777779,0.5258333333333333,-0.018745077531314838
[2019] HKDC 1495,10,1335,387,72946.386414479,79380.92281008957,0.4023369260698491,0.3741623709929671,0.7,0.7,0.01808785529715762,0.2092392165337059,0.2898876404494382,0.00749063670411985,0.14286913187027037,1.0,0.025,0.899936491143292,0.5750000044703484,0.1944444477558136,0.35333333909511566,0.575,0.5291666666666666,0.0842835125098546
[2019] HKDC 1531,10,1335,217,58885.30876087056,39379.793208489056,0.584609101391706,0.37829944068784194,0.6,0.6,0.027649769585253458,0.27725636006118354,0.16254681647940075,0.00749063670411985,0.08163397332747112,1.0,0.01953125,0.9945359047077938,0.6576388895511627,0.5,1.0,0.6576388888888889,1.0,0.09924683126661751
[2019] HKDC 230,10,1335,343,166350.51840608305,137491.40881272638,1.10101063833936,0.7817076919205164,0.2,0.2,0.0058309037900874635,0.08622683395688188,0.25692883895131086,0.00749063670411985,0.1262891131537555,1.0,0.05434782608695652,0.9560693687785464,0.3269444450736046,0.18611110746860504,0.6433333456516266,0.3269444444444444,0.8049999999999999,-0.022143267115970297
[2019] HKDC 26,10,1335,217,116614.65782573349,86235.6569736705,1.1577419182338586,0.6126708250758091,0.4,0.4,0.018433179723502304,0.1908753760022133,0.16254681647940075,0.00749063670411985,0.08163397332747112,1.0,0.049019607843137254,0.9873375187385304,0.4921296268701553,0.3819444477558136,0.0,0.4921296296296297,0.3,0.03040269072346324
[2019] HKDC 29,10,1335,463,104220.50172488895,117521.6067696331,0.41387745189487435,0.38232925120117667,0.5,0.5,0.01079913606911447,0.3077962731329735,0.34681647940074906,0.00749063670411985,0.1841320717959684,1.0,0.014684287812041116,0.8970547096241189,0.4994444489479065,0.31388887763023376,0.4361904799938202,0.49944444444444447,0.6305952380952381,-0.05078125911563578
[2019] HKDC 445,10,1335,343,97587.25914538954,101102.58868648132,0.6458928503196353,0.6375500741707603,0.2,0.2,0.0058309037900874635,0.08915817416989295,0.25692883895131086,0.00749063670411985,0.1262891131537555,1.0,0.016339869281045753,0.8128957610105415,0.36458333283662797,0.125,0.7500000029802323,0.3645833333333333,0.8583333333333332,0.10463705546064983
[2019] HKDC 48,10,1335,265,57315.93469390475,36046.99120171054,0.4741903906357585,0.259440837887567,0.8,0.8,0.03018867924528302,0.44389834133549444,0.19850187265917604,0.00749063670411985,0.10658960144244027,1.0,0.03184713375796178,1.0,0.7833333313465118,0.7222222089767456,0.0,0.7833333333333334,0.3,0.12966441543705104
[2019] HKDC 488,10,1335,343,285226.7588951425,172718.3210014426,1.8878071369516338,0.760992053292461,0.2,0.2,0.0058309037900874635,0.07283327111776475,0.25692883895131086,0.00749063670411985,0.1262891131537555,1.0,0.023529411764705882,0.9590315843689028,0.6777777791023254,0.375,0.4897222355008125,0.6777777777777778,0.7036111111111112,-0.09492318976794015
[2019] HKDC 543,10,1335,463,155289.54205241567,141395.41010479484,0.6166813525829264,0.6667024295262554,0.3,0.3,0.0064794816414686825,0.23124419606695057,0.34681647940074906,0.00749063670411985,0.1841320717959684,1.0,0.038910505836575876,0.8053500274432592,0.4555555537343025,0.22499999403953552,0.7083333343267441,0.45555555555555555,0.8541666666666666,-0.03003141430000412
[2019] HKDC 546,10,1335,519,183092.42119148714,136023.67656359146,0.4039396359419796,0.3071002861561398,0.6,0.6,0.011560693641618497,0.35990792766292723,0.3887640449438202,0.00749063670411985,0.20319223520555812,1.0,0.036231884057971016,0.9036473671738973,0.5951388895511627,0.25,0.30476191341876985,0.5951388888888889,0.4758333333333333,0.027650153581330765
[2019] HKDC 556,10,1335,159,98348.95854721099,103302.7958289941,1.2205017153043527,0.8240576922666714,0.2,0.2,0.012578616352201259,0.057432463617773356,0.11910112359550562,0.00749063670411985,0.05743521303791323,1.0,0.02570694087403599,0.943575505104293,0.7305555462837219,0.3333333432674408,0.9,0.7305555555555554,0.95,0.021951733480597112
[2019] HKDC 558,10,1335,186,225065.19402444307,129842.75940763034,2.4827011392886513,0.8206393068045994,0.4,0.4,0.021505376344086023,0.17600989032087921,0.1393258426966292,0.00749063670411985,0.0680755647274532,1.0,0.01953125,0.9591449771886678,0.5830555558204651,0.5,1.0,0.5830555555555555,1.0,0.010257101907944422
[2019] HKDC 592,10,1335,343,244582.1275825742,152189.75930498942,1.61879582339938,0.696783548203328,0.3,0.3,0.008746355685131196,0.1360527866232757,0.25692883895131086,0.00749063670411985,0.1262891131537555,1.0,0.020876826722338204,0.9279883162224867,0.5115972250699997,0.34166666865348816,0.39476190954446794,0.5115972222222223,0.5964285714285713,-0.09667033483709774
[2019] HKDC 657,10,1335,463,164525.63587182714,145163.946756672,0.6533594620928054,0.4477602176724167,0.5,0.5,0.01079913606911447,0.26324411381939444,0.34681647940074906,0.00749063670411985,0.1841320717959684,1.0,0.0423728813559322,0.9407581697715425,0.7916666656732559,0.25,0.700000011920929,0.7916666666666666,0.8166666666666667,0.024969012261911117
[2019] HKDC 771,10,1335,387,188997.18232389176,186061.36265523205,1.0424168914961398,0.7044344724286944,0.2,0.2,0.00516795865633075,0.030404077560502684,0.2898876404494382,0.00749063670411985,0.14286913187027037,1.0,0.03690036900369004,0.8480209620744419,0.3569444462656975,0.2083333283662796,0.9666666686534882,0.35694444444444445,0.9833333333333332,-0.022830605340979915
[2019] HKDC 823,10,1335,85,140051.80380673794,102063.31208525668,2.317373690615994,0.9890920082278836,0.1,0.1,0.011764705882352941,0.03832282642506268,0.06367041198501873,0.00749063670411985,0.03274749901879362,1.0,0.026385224274406333,0.9846371727127587,0.8756944477558136,0.6666666865348816,0.19690476655960082,0.8756944444444443,0.3275,-0.030840014936029336
[2019] HKDC 826,10,1335,265,59382.01454092447,48745.294855708904,0.4912836338145553,0.3550851585591426,0.6,0.6,0.022641509433962263,0.4726577017889041,0.19850187265917604,0.00749063670411985,0.10658960144244027,1.0,0.028011204481792718,0.9549559853694783,0.38310185074806213,0.3194444477558136,1.0,0.3831018518518519,1.0,0.017746138552097356
[2019] HKDC 929,10,1335,424,95652.64500546225,94528.25038668,0.4748162828649523,0.41871033485818465,0.4,0.4,0.009433962264150943,0.17124713968570698,0.31760299625468164,0.00749063670411985,0.15641211789979936,1.0,0.020618556701030927,0.901292333508918,0.5708333343267441,0.25,0.5016666784882545,0.5708333333333333,0.7124999999999999,0.05332730036943503
[2020] HKDC 14,10,1335,500,211971.26815102156,178231.8247472316,0.42394253630204315,0.37603153204827056,0.6,0.6,0.012,0.15245353670664943,0.37453183520599254,0.00749063670411985,0.19925023915084572,1.0,0.023923444976076555,0.9700143048898779,0.5899305522441864,0.3541666567325592,0.6666666686534881,0.5899305555555556,0.8333333333333333,0.1014876019255841
[2020] HKDC 165,10,1335,378,159636.35651786654,106034.90608943629,0.8868686473214809,0.746048157021856,0.3,0.3,0.007936507936507936,0.279346817499758,0.28314606741573034,0.00749063670411985,0.141062917987567,0.0,0.0,0.0,0.0,0.0,0.0,1.0,1.0,0.17735601332218723
[2020] HKDC 1745,10,1335,471,161387.6085643222,163087.97308793425,0.645550434257289,0.5749195089963246,0.3,0.3,0.006369426751592357,0.13610044074746303,0.35280898876404493,0.00749063670411985,0.1838425211365335,1.0,0.029154518950437316,0.8742174440727013,0.5302777856588363,0.2888889014720917,0.5266666725277901,0.5302777777777778,0.6875,0.012925351452190995
[2020] HKDC 203,10,1335,425,152574.77294015393,126034.90608943629,0.7628738647007698,0.746048157021856,0.3,0.3,0.007058823529411765,0.37903931040542,0.31835205992509363,0.00749063670411985,0.1570904460911052,0.0,0.0,0.0,0.0,0.0,0.0,1.0,1.0,0.1792027142417598
[2020] HKDC 69,10,1335,33,202126.5324514597,145851.3538836316,4.812536486939516,1.4886006798941303,0.0,0.0,0.0,0.0,0.024719101123595506,0.00749063670411985,0.014023360440643971,1.0,0.07518796992481203,0.9706375760361415,0.47624999582767485,0.375,0.0,0.47625,0.2,-0.05049954791299422
