output_json,op,change_path,before,after,evidence
1969_HKCFI_66.json,citation,metadata.neutral_citation,[1969] HKCFI 66; HCA 447/1968,[1969] HKCFI 66,recovered from extracted field
1973_HKCA_145.json,citation,metadata.neutral_citation,[1973] HKCA 145; CACV 6/1973,[1973] HKCA 145,recovered from extracted field
1975_HKCFI_14.json,citation,metadata.neutral_citation,[1975] HKCFI 14; HCA 1269/1974,[1975] HKCFI 14,recovered from extracted field
1975_HKCFI_17.json,citation,metadata.neutral_citation,[1975] HKCFI 17; HCA 1489/1973,[1975] HKCFI 17,recovered from extracted field
1975_HKCFI_5.json,citation,metadata.neutral_citation,[1975] HKCFI 5; HCA 819/1974 (29 October 1975),[1975] HKCFI 5,recovered from extracted field
1976_HKCFI_63.json,citation,metadata.neutral_citation,[1976] HKCFI 63; HCA 960/1974,[1976] HKCFI 63,recovered from extracted field
1976_HKCFI_97.json,citation,metadata.neutral_citation,[1976] HKCFI 97; HCA 701/1976,[1976] HKCFI 97,recovered from extracted field
1977_HKCFI_122.json,citation,metadata.neutral_citation,[1977] HKCFI 122; HCA 1594/1977,[1977] HKCFI 122,recovered from extracted field
1977_HKCFI_133.json,citation,metadata.neutral_citation,[1977] HKCFI 133; HCA 3088/1975,[1977] HKCFI 133,recovered from extracted field
1977_HKCFI_41.json,citation,metadata.neutral_citation,[1977] HKCFI 41; HCA 1829/1975 (25 August 1977),[1977] HKCFI 41,recovered from extracted field
1978_HKCFI_10.json,citation,metadata.neutral_citation,[1978] HKCFI 10; HCA 433/1976 (7 June 1978),[1978] HKCFI 10,recovered from extracted field
1978_HKCFI_117.json,citation,metadata.neutral_citation,[1978] HKCFI 117; HCA 1440/1978 (13 October 1978),[1978] HKCFI 117,recovered from extracted field
1978_HKCFI_16.json,citation,metadata.neutral_citation,[1978] HKCFI 16; HCA 937/1978,[1978] HKCFI 16,recovered from extracted field
1978_HKCFI_54.json,citation,metadata.neutral_citation,[1978] HKCFI 54; HCA 2887/1977,[1978] HKCFI 54,recovered from extracted field
1978_HKCFI_64.json,citation,metadata.neutral_citation,[1978] HKCFI 64; HCA 3707/1977,[1978] HKCFI 64,recovered from extracted field
1978_HKCFI_93.json,citation,metadata.neutral_citation,[1978] HKCFI 93; HCA 2500/1977,[1978] HKCFI 93,recovered from extracted field
1979_HKCFI_106.json,citation,metadata.neutral_citation,[1979] HKCFI 106; HCA 3267/1978,[1979] HKCFI 106,recovered from extracted field
1979_HKCFI_128.json,citation,metadata.neutral_citation,[1979] HKCFI 128; HCA 3358/1978 (11 August 1979),[1979] HKCFI 128,recovered from extracted field
1979_HKCFI_31.json,citation,metadata.neutral_citation,[1979] HKCFI 31; HCA 1681/1978,[1979] HKCFI 31,recovered from extracted field
1979_HKCFI_51.json,citation,metadata.neutral_citation,[1979] HKCFI 51; HCA 3489/1978 (26 June 1979),[1979] HKCFI 51,recovered from extracted field
1979_HKCFI_54.json,citation,metadata.neutral_citation,[1979] HKCFI 54; HCA 3634/1978 (17 October 1979),[1979] HKCFI 54,recovered from extracted field
1979_HKCFI_58.json,citation,metadata.neutral_citation,[1979] HKCFI 58; HCA 4009/1978 (2 October 1979),[1979] HKCFI 58,recovered from extracted field
1979_HKDC_6.json,citation,metadata.neutral_citation,[1979] HKDC 6; DCCJ 3117/1978,[1979] HKDC 6,recovered from extracted field
1980_HKCFI_108.json,citation,metadata.neutral_citation,[1980] HKCFI 108; HCA 1257/1980,[1980] HKCFI 108,recovered from extracted field
1980_HKCFI_137.json,citation,metadata.neutral_citation,[1980] HKCFI 137; HCA 2844/1980,[1980] HKCFI 137,recovered from extracted field
1980_HKCFI_139.json,citation,metadata.neutral_citation,[1980] HKCFI 139; HCA 3007/1979,[1980] HKCFI 139,recovered from extracted field
1980_HKCFI_20.json,citation,metadata.neutral_citation,[1980] HKCFI 20; HCA 4633/1979 (6 November 1980),[1980] HKCFI 20,recovered from extracted field
1980_HKCFI_21.json,citation,metadata.neutral_citation,[1980] HKCFI 21; HCA 4716/1979,[1980] HKCFI 21,recovered from extracted field
1980_HKCFI_5.json,citation,metadata.neutral_citation,[1980] HKCFI 5; HCA 3256/1978,[1980] HKCFI 5,recovered from extracted field
1980_HKCFI_72.json,citation,metadata.neutral_citation,[1980] HKCFI 72; HCA 885/1980 (27 October 1980),[1980] HKCFI 72,recovered from extracted field
1980_HKCFI_73.json,citation,metadata.neutral_citation,[1980] HKCFI 73; HCA 898/1978 (22 December 1980),[1980] HKCFI 73,recovered from extracted field
1980_HKCFI_86.json,citation,metadata.neutral_citation,[1980] HKCFI 86; HCA 1732/1978,[1980] HKCFI 86,recovered from extracted field
1980_HKCFI_94.json,citation,metadata.neutral_citation,[1980] HKCFI 94; HCA 2528/1978,[1980] HKCFI 94,recovered from extracted field
1981_HKCFI_3.json,citation,metadata.neutral_citation,[1981] HKCFI 3; HCA 4529/1979,[1981] HKCFI 3,recovered from extracted field
1982_HKCFI_158.json,citation,metadata.neutral_citation,[1982] HKCFI 158; HCA 5018/1981 (7 May 1982),[1982] HKCFI 158,recovered from extracted field
1982_HKCFI_160.json,citation,metadata.neutral_citation,[1982] HKCFI 160; HCA 2190/1982,[1982] HKCFI 160,recovered from extracted field
1982_HKCFI_2.json,citation,metadata.neutral_citation,[1982] HKCFI 2; HCA 4249/1982,[1982] HKCFI 2,recovered from extracted field
1983_HKCA_299.json,citation,metadata.neutral_citation,[1983] HKCA 299; [1983] 1 HKC 150,[1983] HKCA 299,recovered from extracted field
1983_HKCFI_101.json,citation,metadata.neutral_citation,[1983] HKCFI 101; HCA 8039/1983,[1983] HKCFI 101,recovered from extracted field
1983_HKCFI_240.json,citation,metadata.neutral_citation,[1983] HKCFI 240; HCA 4314/1982,[1983] HKCFI 240,recovered from extracted field
1983_HKCFI_242.json,citation,metadata.neutral_citation,[1983] HKCFI 242; HCA 9188/1982 (1 November 1983),[1983] HKCFI 242,recovered from extracted field
1983_HKCFI_301.json,citation,metadata.neutral_citation,[1983] HKCFI 301; HCA 4930/1981,[1983] HKCFI 301,recovered from extracted field
1983_HKCFI_80.json,citation,metadata.neutral_citation,[1983] HKCFI 80; HCA 1427/1983,[1983] HKCFI 80,recovered from extracted field
1983_HKCFI_86.json,citation,metadata.neutral_citation,[1983] HKCFI 86; HCA 3712/1981 (31 August 1983),[1983] HKCFI 86,recovered from extracted field
1983_HKCFI_9.json,citation,metadata.neutral_citation,[1983] HKCFI 9; HCA 7602/1982,[1983] HKCFI 9,recovered from extracted field
1984_HKCFI_155.json,citation,metadata.neutral_citation,[1984] HKCFI 155; [1985] 2 HKC 528,[1984] HKCFI 155,recovered from extracted field
1984_HKCFI_1.json,citation,metadata.neutral_citation,[1984] HKCFI 1; HCA 6071/1981 (26 October 1984),[1984] HKCFI 1,recovered from extracted field
1984_HKCFI_254.json,citation,metadata.neutral_citation,[1984] HKCFI 254; HCA 864/1982 (4 January 1984),[1984] HKCFI 254,recovered from extracted field
1984_HKCFI_360.json,citation,metadata.neutral_citation,[1984] HKCFI 360; HCA 823/1983,[1984] HKCFI 360,recovered from extracted field
1984_HKCFI_396.json,citation,metadata.neutral_citation,[1984] HKCFI 396; HCA 3619/1982 (22 February 1984),[1984] HKCFI 396,recovered from extracted field
1984_HKCFI_402.json,citation,metadata.neutral_citation,[1984] HKCFI 402; HCA 4123/1982,[1984] HKCFI 402,recovered from extracted field
1984_HKCFI_45.json,citation,metadata.neutral_citation,[1984] HKCFI 45; HCA 3660/1984,[1984] HKCFI 45,recovered from extracted field
1985_HKCFI_219.json,citation,metadata.neutral_citation,[1985] HKCFI 219; HCA 11640/1982,[1985] HKCFI 219,recovered from extracted field
1985_HKCFI_227.json,citation,metadata.neutral_citation,[1985] HKCFI 227; HCA 3642/1983,[1985] HKCFI 227,recovered from extracted field
1985_HKCFI_272.json,citation,metadata.neutral_citation,[1985] HKCFI 272; HCA 5115/1983,[1985] HKCFI 272,recovered from extracted field
1985_HKCFI_323.json,citation,metadata.neutral_citation,[1985] HKCFI 323; HCA 1959/1984,[1985] HKCFI 323,recovered from extracted field
1985_HKCFI_404.json,citation,metadata.neutral_citation,[1985] HKCFI 404; HCA 7865/1983,[1985] HKCFI 404,recovered from extracted field
1985_HKCFI_63.json,citation,metadata.neutral_citation,[1985] HKCFI 63; HCA 204/1984,[1985] HKCFI 63,recovered from extracted field
1985_HKCFI_67.json,citation,metadata.neutral_citation,[1985] HKCFI 67; HCA 4434/1984,[1985] HKCFI 67,recovered from extracted field
1985_HKCFI_69.json,citation,metadata.neutral_citation,[1985] HKCFI 69; HCA 4881/1981,[1985] HKCFI 69,recovered from extracted field
1985_HKCFI_70.json,citation,metadata.neutral_citation,[1985] HKCFI 70; HCA 4882/1981 (27 March 1985),[1985] HKCFI 70,recovered from extracted field
1985_HKCFI_71.json,citation,metadata.neutral_citation,[1985] HKCFI 71; HCA 5913/1984,[1985] HKCFI 71,recovered from extracted field
1985_HKCFI_72.json,citation,metadata.neutral_citation,[1985] HKCFI 72; HCA 7007/1983 (10 May 1985),[1985] HKCFI 72,recovered from extracted field
1985_HKCFI_82.json,citation,metadata.neutral_citation,[1985] HKCFI 82; HCA 1788/1984,[1985] HKCFI 82,recovered from extracted field
1985_HKCFI_83.json,citation,metadata.neutral_citation,[1985] HKCFI 83; HCA 1947/1984,[1985] HKCFI 83,recovered from extracted field
1986_HKCFI_124.json,citation,metadata.neutral_citation,[1986] HKCFI 124; HCA 2006/1984,[1986] HKCFI 124,recovered from extracted field
1986_HKCFI_267.json,citation,metadata.neutral_citation,[1986] HKCFI 267; HCA 4183/1985,[1986] HKCFI 267,recovered from extracted field
1986_HKCFI_268.json,citation,metadata.neutral_citation,[1986] HKCFI 268; HCA 7735/1985,[1986] HKCFI 268,recovered from extracted field
1986_HKCFI_325.json,citation,metadata.neutral_citation,[1986] HKCFI 325; HCA 13230/1983 (2 January 1986),[1986] HKCFI 325,recovered from extracted field
1986_HKCFI_326.json,citation,metadata.neutral_citation,[1986] HKCFI 326; HCA 11720/1982,[1986] HKCFI 326,recovered from extracted field
1986_HKCFI_32.json,citation,metadata.neutral_citation,[1986] HKCFI 32; HCA 2823/1983,[1986] HKCFI 32,recovered from extracted field
1986_HKCFI_38.json,citation,metadata.neutral_citation,[1986] HKCFI 38; HCA 1547/1985 (10 October 1986),[1986] HKCFI 38,recovered from extracted field
1986_HKCFI_394.json,citation,metadata.neutral_citation,[1986] HKCFI 394; HCA 6239/1984 (30 April 1986),[1986] HKCFI 394,recovered from extracted field
1986_HKCFI_415.json,citation,metadata.neutral_citation,[1986] HKCFI 415; HCA 3466/1985 (14 March 1986),[1986] HKCFI 415,recovered from extracted field
1986_HKCFI_41.json,citation,metadata.neutral_citation,[1986] HKCFI 41; HCA 5331/1985,[1986] HKCFI 41,recovered from extracted field
1986_HKCFI_421.json,citation,metadata.neutral_citation,[1986] HKCFI 421; HCA 14011/1983 (8 December 1986),[1986] HKCFI 421,recovered from extracted field
1986_HKCFI_429.json,citation,metadata.neutral_citation,[1986] HKCFI 429; HCA 6818/1981 (15 April 1986),[1986] HKCFI 429,recovered from extracted field
1986_HKCFI_54.json,citation,metadata.neutral_citation,[1986] HKCFI 54; [1987] 1 HKC 373; HCA 9864/1983 (15 January 1986),[1986] HKCFI 54,recovered from extracted field
1987_HKCA_5.json,citation,metadata.neutral_citation,[1987] HKCA 5; [1987] 3 HKC 194; CACV 44/1987,[1987] HKCA 5,recovered from extracted field
1987_HKCFI_138.json,citation,metadata.neutral_citation,[1987] HKCFI 138; HCA 2495/1977,[1987] HKCFI 138,recovered from extracted field
1987_HKCFI_139.json,citation,metadata.neutral_citation,[1987] HKCFI 139; HCA 2496/1977,[1987] HKCFI 139,recovered from extracted field
1987_HKCFI_140.json,citation,metadata.neutral_citation,[1987] HKCFI 140; HCA 7337/1986 (10 July 1987),[1987] HKCFI 140,recovered from extracted field
1987_HKCFI_20.json,citation,metadata.neutral_citation,[1987] HKCFI 20; HCA 957/1984 (13 February 1987),[1987] HKCFI 20,recovered from extracted field
1987_HKCFI_25.json,citation,metadata.neutral_citation,[1987] HKCFI 25; HCA 7100/1984 (13 March 1987),[1987] HKCFI 25,recovered from extracted field
1987_HKCFI_79.json,citation,metadata.neutral_citation,[1987] HKCFI 79; [1987] 2 HKC 509; HCA 4433/1985 (31 March 1987),[1987] HKCFI 79,recovered from extracted field
1988_HKCA_241.json,citation,metadata.neutral_citation,[1988] HKCA 241; CACV 12/1988 (22 July 1988),[1988] HKCA 241,recovered from extracted field
1988_HKCFI_123.json,citation,metadata.neutral_citation,[1988] HKCFI 123; [1989] 1 HKC 572; HCA 4267/1987 (14 December 1988),[1988] HKCFI 123,recovered from extracted field
1988_HKCFI_131.json,citation,metadata.neutral_citation,[1988] HKCFI 131; HCA 8495/1984 (10 June 1988),[1988] HKCFI 131,recovered from extracted field
1988_HKCFI_168.json,citation,metadata.neutral_citation,[1988] HKCFI 168; HCA 1720/1986,[1988] HKCFI 168,recovered from extracted field
1988_HKCFI_461.json,citation,metadata.neutral_citation,[1988] HKC 795,[1988] HKCFI 461,recovered from source header
1989_HKCFI_182.json,citation,metadata.neutral_citation,[1989] HKCFI 182; [1989] 2 HKC 459; HCA 1597/1989,[1989] HKCFI 182,recovered from extracted field
1989_HKCFI_191.json,citation,metadata.neutral_citation,[1989] HKCFI 191; HCAJ 209/1984 (10 November 1989),[1989] HKCFI 191,recovered from extracted field
1989_HKCFI_64.json,citation,metadata.neutral_citation,[1989] HKCFI 64; HCA 6171/1986,[1989] HKCFI 64,recovered from extracted field
1990_HKCFI_76.json,citation,metadata.neutral_citation,[1990] HKCFI 76; [1990] 2 HKC 485,[1990] HKCFI 76,recovered from extracted field
1990_HKCFI_78.json,citation,metadata.neutral_citation,[1990] HKCFI 78; [1990] 2 HKC 381,[1990] HKCFI 78,recovered from extracted field
1991_HKCA_275.json,citation,metadata.neutral_citation,[1991] HKCA 275; [1991] 2 HKC 73; CACV 45/1990 (5 July 1991),[1991] HKCA 275,recovered from extracted field
1991_HKCA_287.json,citation,metadata.neutral_citation,[1991] HKCA 287; [1991] 2 HKC 63,[1991] HKCA 287,recovered from extracted field
1991_HKCFI_11.json,citation,metadata.neutral_citation,[1991] HKCFI 11; [1991] 2 HKC 322; HCA 852/1989 (13 March 1991),[1991] HKCFI 11,recovered from extracted field
1991_HKCFI_12.json,citation,metadata.neutral_citation,[1991] HKCFI 12; [1991] 2 HKC 480,[1991] HKCFI 12,recovered from extracted field
1991_HKCFI_86.json,citation,metadata.neutral_citation,[1991] HKCFI 86; HCA 1105/1989,[1991] HKCFI 86,recovered from extracted field
1992_HKCFI_301.json,citation,metadata.neutral_citation,[1992] HKCFI 301; [1992] 1 HKC 389; HCA 2498/1991 (26 March 1992),[1992] HKCFI 301,recovered from extracted field
1993_HKCFI_204.json,citation,metadata.neutral_citation,[1993] HKCFI 204; HCA 6551/1986 (12 May 1993),[1993] HKCFI 204,recovered from extracted field
1995_HKCFI_11.json,citation,metadata.neutral_citation,[1995] HKCFI 11; HCA 3177/1989 (2 March 1995),[1995] HKCFI 11,recovered from extracted field
1995_HKCFI_12.json,citation,metadata.neutral_citation,[1995] HKCFI 12; HCA 3676/1994,[1995] HKCFI 12,recovered from extracted field
1995_HKCFI_36.json,citation,metadata.neutral_citation,[1995] HKCFI 36; [1995] 3 HKC 581,[1995] HKCFI 36,recovered from extracted field
1996_HKCFI_232.json,citation,metadata.neutral_citation,[1996] HKCFI 232; HCPI 577/1995 (27 February 1996),[1996] HKCFI 232,recovered from extracted field
1996_HKCFI_336.json,citation,metadata.neutral_citation,[1996] HKCFI 336; HCPI 199/1995,[1996] HKCFI 336,recovered from extracted field
1996_HKCFI_523.json,citation,metadata.neutral_citation,[1996] HKCFI 523; [1996] 2 HKC 44; HCPI 422/1995,[1996] HKCFI 523,recovered from extracted field
1997_HKCFI_766.json,citation,metadata.neutral_citation,[1997] 3 HKC 655; HKCFI 766,[1997] HKCFI 766,recovered from source header
1997_HKCFI_183.json,citation,metadata.neutral_citation,[1997] HKCFI 183; [1997] 2 HKC 21; HCPI 536/1995,[1997] HKCFI 183,recovered from extracted field
1997_HKCFI_187.json,citation,metadata.neutral_citation,[1997] HKCFI 187; HCPI 797/1996 (11 April 1997),[1997] HKCFI 187,recovered from extracted field
1997_HKCFI_768.json,citation,metadata.neutral_citation,[1997] HKCFI 768; HCPI 934/1995 (18 April 1997),[1997] HKCFI 768,recovered from extracted field
1998_HKCFI_397.json,citation,metadata.neutral_citation,[1998] HKCFI 397; [1998] 2 HKLRD 354,[1998] HKCFI 397,recovered from extracted field
1999_HKCFI_214.json,citation,metadata.neutral_citation,[1999] HKCFI 214; [2000] 1 HKLRD 856; HCPI 763/1997 (21 December 1999),[1999] HKCFI 214,recovered from extracted field
1999_HKCFI_830.json,citation,metadata.neutral_citation,[1999] HKCFI 830; [1999] 3 HKLRD 190; [1999] 4 HKC 373,[1999] HKCFI 830,recovered from extracted field
2000_HKCFI_1167.json,citation,metadata.neutral_citation,[2000] HKCFI 1167; [2000] 3 HKLRD 241,[2000] HKCFI 1167,recovered from extracted field
2000_HKCFI_1296.json,citation,metadata.neutral_citation,[2000] HKCFI 1296; HCPI 408/1999 (12 September 2000),[2000] HKCFI 1296,recovered from extracted field
2000_HKCFI_499.json,citation,metadata.neutral_citation,[2000] HKCFI 499; HCPI 1085/1999,[2000] HKCFI 499,recovered from extracted field
2000_HKCFI_845.json,citation,metadata.neutral_citation,[2000] HKCFI 845; [2000] 3 HKLRD 198,[2000] HKCFI 845,recovered from extracted field
2001_HKCFI_1150.json,citation,metadata.neutral_citation,[2001] HKCFI 1150; [2001] 3 HKLRD 1; HCPI 570/1999 (5 March 2001),[2001] HKCFI 1150,recovered from extracted field
2001_HKCFI_26.json,citation,metadata.neutral_citation,[2001] HKCFI 26; HCPI 521/2000 (3 July 2001),[2001] HKCFI 26,recovered from extracted field
2001_HKCFI_289.json,citation,metadata.neutral_citation,[2001] HKCFI 289; [2001] 1 HKLRD 540,[2001] HKCFI 289,recovered from extracted field
2001_HKCFI_483.json,citation,metadata.neutral_citation,[2001] HKCFI 483; HCPI 1176/2000,[2001] HKCFI 483,recovered from extracted field
2001_HKCFI_556.json,citation,metadata.neutral_citation,[2001] HKCFI 556; [2001] 3 HKLRD 1,[2001] HKCFI 556,recovered from extracted field
2001_HKCFI_75.json,citation,metadata.neutral_citation,[2001] HKCFI 75; [2002] 1 HKLRD 125; HCPI 244/1998 (27 September 2001),[2001] HKCFI 75,recovered from extracted field
2001_HKCFI_816.json,citation,metadata.neutral_citation,[2001] HKCFI 816; HCPI 422/2000 (12 October 2001),[2001] HKCFI 816,recovered from extracted field
2002_HKCFI_1164.json,citation,metadata.neutral_citation,[2002] HKCFI 1164; [2002] 4 HKC 76; HCPI 130/2001 (16 July 2002),[2002] HKCFI 1164,recovered from extracted field
2002_HKCFI_180.json,citation,metadata.neutral_citation,[2002] HKCFI 180; [2002] 3 HKLRD 185,[2002] HKCFI 180,recovered from extracted field
2002_HKCFI_188.json,citation,metadata.neutral_citation,[2002] HKCFI 188; HCPI 201/1999 (27 August 2002),[2002] HKCFI 188,recovered from extracted field
2002_HKCFI_20.json,citation,metadata.neutral_citation,[2002] HKCFI 20; [2002] 2 HKLRD 754,[2002] HKCFI 20,recovered from extracted field
2002_HKCFI_44.json,citation,metadata.neutral_citation,[2002] HKCFI 44; HCPI 522/2001 (12 April 2002),[2002] HKCFI 44,recovered from extracted field
2002_HKCFI_543.json,citation,metadata.neutral_citation,[2002] HKCFI 543; [2003] 1 HKLRD 343; HCPI 853/1999 (30 May 2002),[2002] HKCFI 543,recovered from extracted field
2002_HKCFI_566.json,citation,metadata.neutral_citation,[2002] HKCFI 566; [2002] 2 HKLRD 738,[2002] HKCFI 566,recovered from extracted field
2002_HKCFI_709.json,citation,metadata.neutral_citation,[2002] HKCFI 709; [2003] 1 HKLRD 82,[2002] HKCFI 709,recovered from extracted field
2002_HKDC_87.json,citation,metadata.neutral_citation,[2002] HKDC 87; DCEC 363/2001 (2 April 2002),[2002] HKDC 87,recovered from extracted field
2003_HKCFI_147.json,citation,metadata.neutral_citation,[2003] HKCFI 147; [2003] 1 HKLRD 404; HCPI 1039/2001,[2003] HKCFI 147,recovered from extracted field
2003_HKCFI_556.json,citation,metadata.neutral_citation,[2003] HKCFI 556; HCPI 320/2002 (24 December 2003),[2003] HKCFI 556,recovered from extracted field
2003_HKCFI_732.json,citation,metadata.neutral_citation,[2003] HKCFI 732; [2003] 2 HKLRD 546; [2003] 3 HKC 69; HCPI 422/2002 (30 May 2003),[2003] HKCFI 732,recovered from extracted field
2003_HKCFI_872.json,citation,metadata.neutral_citation,[2003] HKCFI 872; HCPI 1221/2000 (15 April 2003),[2003] HKCFI 872,recovered from extracted field
2003_HKCFI_893.json,citation,metadata.neutral_citation,[2003] HKCFI 893; [2004] 2 HKLRD 54; HCPI 827/2001 (17 October 2003),[2003] HKCFI 893,recovered from extracted field
2003_HKCFI_962.json,citation,metadata.neutral_citation,[2003] HKCFI 962; [2004] 1 HKLRD 57,[2003] HKCFI 962,recovered from extracted field
2003_HKDC_161.json,citation,metadata.neutral_citation,[2003] HKDC 161; [2003] 2 HKLRD 195,[2003] HKDC 161,recovered from extracted field
2004_HKCFI_760.json,citation,metadata.neutral_citation,[2004] HKCFI 760; [2004] 3 HKLRD 421,[2004] HKCFI 760,recovered from extracted field
2004_HKCFI_782.json,citation,metadata.neutral_citation,[2004] HKCFI 782; [2005] 2 HKLRD 729,[2004] HKCFI 782,recovered from extracted field
2005_HKCFI_207.json,citation,metadata.neutral_citation,[2005] HKCFI 207; HCPI 342/2004 (22 March 2005),[2005] HKCFI 207,recovered from extracted field
2005_HKCFI_274.json,citation,metadata.neutral_citation,[2005] HKCFI 274; [2005] 4 HKLRD 1,[2005] HKCFI 274,recovered from extracted field
2005_HKCFI_507.json,citation,metadata.neutral_citation,[2005] HKCFI 507; HCPI 760/2003 (30 June 2005),[2005] HKCFI 507,recovered from extracted field
2006_HKCFI_4.json,citation,metadata.neutral_citation,[2006] HKCFI 4; HCPI 1186/2004 (4 January 2006),[2006] HKCFI 4,recovered from extracted field
2006_HKCFI_939.json,citation,metadata.neutral_citation,[2006] HKCFI 939; [2006] 4 HKC 616; HCPI 416/2005 (22 June 2006),[2006] HKCFI 939,recovered from extracted field
2006_HKDC_119.json,citation,metadata.neutral_citation,[2006] HKDC 119; [2006] 2 HKLRD 698,[2006] HKDC 119,recovered from extracted field
2006_HKDC_23.json,citation,metadata.neutral_citation,[2006] HKDC 23; [2006] 2 HKLRD 623,[2006] HKDC 23,recovered from extracted field
2007_HKCFI_402.json,citation,metadata.neutral_citation,[2007] HKCFI 402; HCPI 234/2002,[2007] HKCFI 402,recovered from extracted field
2007_HKCFI_652.json,citation,metadata.neutral_citation,[2007] HKCFI 652; HCPI 679/2004 (27 June 2007),[2007] HKCFI 652,recovered from extracted field
2008_HKCFI_14.json,citation,metadata.neutral_citation,[2008] HKCFI 14; [2008] 3 HKC 196,[2008] HKCFI 14,recovered from extracted field
2008_HKCFI_437.json,citation,metadata.neutral_citation,[2008] HKCFI 437; HCPI 176/2007,[2008] HKCFI 437,recovered from extracted field
2008_HKCFI_557.json,citation,metadata.neutral_citation,[2008] HKCFI 557; HCPI 672/2006 (7 July 2008),[2008] HKCFI 557,recovered from extracted field
2008_HKCFI_574.json,citation,metadata.neutral_citation,[2008] HKCFI 574; [2008] 4 HKLRD 604,[2008] HKCFI 574,recovered from extracted field
2008_HKCFI_59.json,citation,metadata.neutral_citation,[2008] HKCFI 59; [2008] 4 HKLRD 649,[2008] HKCFI 59,recovered from extracted field
2009_HKCFI_2062.json,citation,metadata.neutral_citation,[2009] HKCFI 2062; [2009] 3 HKLRD 44; [2009] 2 HKC 452; HCAL 11/2007 (2009-03-03),[2009] HKCFI 2062,recovered from extracted field
2009_HKDC_23.json,citation,metadata.neutral_citation,[2009] HKDC 23; [2009] 2 HKLRD 259; DCPI 229/2007,[2009] HKDC 23,recovered from extracted field
2010_HKCFI_388.json,citation,metadata.neutral_citation,[2010] HKCFI 388; [2010] 2 HKLRD 1108,[2010] HKCFI 388,recovered from extracted field
2010_HKCFI_904.json,citation,metadata.neutral_citation,[2010] HKCFI 904; [2010] 5 HKLRD 599; [2011] 1 HKC 463; HCPI 144/2009,[2010] HKCFI 904,recovered from extracted field
2010_HKDC_148.json,citation,metadata.neutral_citation,[2010] HKDC 148; [2010] 5 HKC 582,[2010] HKDC 148,recovered from extracted field
2010_HKDC_475.json,citation,metadata.neutral_citation,[2010] HKDC 475; [2010] 5 HKLRD 342,[2010] HKDC 475,recovered from extracted field
2011_HKCFI_476.json,citation,metadata.neutral_citation,[2011] HKCFI 476; [2011] 4 HKLRD 395,[2011] HKCFI 476,recovered from extracted field
2012_HKCFI_515.json,citation,metadata.neutral_citation,[2012] HKCFI 515; [2012] 2 HKC 249,[2012] HKCFI 515,recovered from extracted field
2013_HKCA_228.json,citation,metadata.neutral_citation,[2013] HKCA 228; [2013] 4 HKLRD 141; CACV 165/2012 (13 May 2013),[2013] HKCA 228,recovered from extracted field
2014_HKCFI_180.json,citation,metadata.neutral_citation,[2014] HKCFI 180; HCPI 100/2009,[2014] HKCFI 180,recovered from extracted field
2014_HKCFI_2010.json,citation,metadata.neutral_citation,[2014] HKCFI 2010; [2016] 1 HKC 491; HCPI 254/2011 (7 November 2014),[2014] HKCFI 2010,recovered from extracted field
2014_HKCFI_695.json,citation,metadata.neutral_citation,[2014] HKCFI 695; [2014] 3 HKLRD 21; [2014] 3 HKC 114; HCPI 301/2012 (16 April 2014),[2014] HKCFI 695,recovered from extracted field
2014_HKCFI_986.json,citation,metadata.neutral_citation,[2014] HKCFI 986; [2014] 6 HKC 361; HCPI 18/2012 (30 May 2014),[2014] HKCFI 986,recovered from extracted field
2014_HKDC_574.json,citation,metadata.neutral_citation,[2014] HKDC 574; DCPI 2225/2012 (26 May 2014),[2014] HKDC 574,recovered from extracted field
2015_HKCFI_326.json,citation,metadata.neutral_citation,[2015] HKCFI 326; [2015] 2 HKLRD 402,[2015] HKCFI 326,recovered from extracted field
2015_HKCFI_848.json,citation,metadata.neutral_citation,[2015] HKCFI 848; [2015] 3 HKLRD 271; [2015] 3 HKC 443; HCPI 917/2014 (22 May 2015),[2015] HKCFI 848,recovered from extracted field
2016_HKCFI_1109.json,citation,metadata.neutral_citation,[2016] HKCFI 1109; HCPI 239/2014 (4 July 2016),[2016] HKCFI 1109,recovered from extracted field
2016_HKCFI_616.json,citation,metadata.neutral_citation,[2016] HKCFI 616; HCPI 14/2013,[2016] HKCFI 616,recovered from extracted field
2016_HKDC_926.json,citation,metadata.neutral_citation,[2016] HKDC 926; [2016] 4 HKLRD 501,[2016] HKDC 926,recovered from extracted field
2017_HKDC_10.json,citation,metadata.neutral_citation,[2017] HKDC 10; [2017] 1 HKLRD 880,[2017] HKDC 10,recovered from extracted field
2017_HKDC_167.json,citation,metadata.neutral_citation,[2017] HKDC 167; [2017] 2 HKLRD 322; [2017] 2 HKC 303,[2017] HKDC 167,recovered from extracted field
2005_HKDC_8.json,citation,metadata.neutral_citation,AHMED MASOOD v. CHUNG KAU ENGINEERING CO LTD [2005] HKDC 8,[2005] HKDC 8,recovered from extracted field
1992_HKCFI_100.json,citation,metadata.neutral_citation,CHAN KWAI NGOR v. LEUNG FAT HANG AND ANOTHER [1992] HKCFI 100; [1992] 1 HKC 408; HCA 4053/1990 (3 April 1992),[1992] HKCFI 100,recovered from extracted field
1995_HKCFI_267.json,citation,metadata.neutral_citation,CHAN PUI KI v. LEUNG ON AND ANOTHER [1995] HKCFI 267; [1995] 3 HKC 732; HCA 2006/1992 (30 October 1995),[1995] HKCFI 267,recovered from extracted field
1996_HKCA_678.json,citation,metadata.neutral_citation,CHAN PUI KI v. LEUNG ON AND ANOTHER [1996] HKCA 678; [1996] 2 HKLRD 401; [1996] 2 HKC 565; CACV 263/1995 (19 July 1996),[1996] HKCA 678,recovered from extracted field
1981_HKCFI_5.json,citation,metadata.neutral_citation,CHAN WAI MAN v. LUK SHUET KING T/A HING FAT PLASTIC AND ANOTHER [1981] HKCFI 5; HCA 5088/1979 (18 June 1981),[1981] HKCFI 5,recovered from extracted field
1998_HKCA_485.json,citation,metadata.neutral_citation,CHENG SAM PAK v. THE ATTORNEY GENERAL FOR HONG KONG AND ANOTHER [1998] HKCA 485; [1998] 2 HKC 551; CACV 247/1997 (1 May 1998),[1998] HKCA 485,recovered from extracted field
1980_HKCFI_24.json,citation,metadata.neutral_citation,CHIOK WAH MING v. KOWLOON MOTOR BUS CO (1933) LTD AND ANOTHER [1980] HKCFI 24,[1980] HKCFI 24,recovered from extracted field
1997_HKCFI_186.json,citation,metadata.neutral_citation,CHOI MEI HO v. CHUNG CHIU YING T/A KIN KEE AND OTHERS [1997] HKCFI 186; [1997] 2 HKC 706; HCPI 784/1995 (20 March 1997),[1997] HKCFI 186,recovered from extracted field
2003_HKCFI_837.json,citation,metadata.neutral_citation,FUNG KWOK KI v. WING SANG CONSTRUCTION CO LTD AND OTHERS [2003] HKCFI 837; [2003] 3 HKLRD 201; HCPI 757/2002 (1 August 2003),[2003] HKCFI 837,recovered from extracted field
2002_HKCFI_1046.json,citation,metadata.neutral_citation,HKCFI 1046; HCPI 1287/1999 (3 May 2002),[2002] HKCFI 1046,recovered from source header
2006_HKCFI_145.json,citation,metadata.neutral_citation,HKCFI 145; HCPI 116/2005 (14 February 2006),[2006] HKCFI 145,recovered from source header
2005_HKCFI_248.json,citation,metadata.neutral_citation,HKCFI 248; HCPI 684/2002,[2005] HKCFI 248,recovered from source header
2005_HKCFI_292.json,citation,metadata.neutral_citation,HKCFI 292; HCPI 488/2004,[2005] HKCFI 292,recovered from source header
2004_HKCFI_300.json,citation,metadata.neutral_citation,HKCFI 300; HCPI 153/2003 (10 May 2004),[2004] HKCFI 300,recovered from source header
1984_HKCFI_397.json,citation,metadata.neutral_citation,HKCFI 397; HCA 3811/1980 (6 June 1984),[1984] HKCFI 397,recovered from source header
1984_HKCFI_403.json,citation,metadata.neutral_citation,HKCFI 403; HCA 12597/1982 (8 November 1984),[1984] HKCFI 403,recovered from source header
2002_HKCFI_409.json,citation,metadata.neutral_citation,HKCFI 409; HCPI 913/2000,[2002] HKCFI 409,recovered from source header
1989_HKCFI_416.json,citation,metadata.neutral_citation,HKCFI 416; HCA 2623/1988 (22 June 1989),[1989] HKCFI 416,recovered from source header
1998_HKCFI_458.json,citation,metadata.neutral_citation,HKCFI 458; HCPI 374/1997 (23 September 1998),[1998] HKCFI 458,recovered from source header
2008_HKCFI_460.json,citation,metadata.neutral_citation,HKCFI 460; HCPI 894/2006 (28 April 2008),[2008] HKCFI 460,recovered from source header
2004_HKCFI_678.json,citation,metadata.neutral_citation,HKCFI 678; HCPI 1167/2003,[2004] HKCFI 678,recovered from source header
2007_HKDC_394.json,citation,metadata.neutral_citation,HKDC 394,[2007] HKDC 394,recovered from source header
2016_HKDC_457.json,citation,metadata.neutral_citation,HKDC 457; DCPI 2474/2013 (27 April 2016),[2016] HKDC 457,recovered from source header
2001_HKCFI_557.json,citation,metadata.neutral_citation,HUI DIN FUN v. TONG CHUNG HOI [2001] HKCFI 557,[2001] HKCFI 557,recovered from extracted field
1997_HKCFI_790.json,citation,metadata.neutral_citation,LAI CHI PON v. TOTO STEEL & IRON WORKS LTD AND OTHERS [1997] HKCFI 790; [1997] 2 HKC 741; HCPI 1149/1995 (18 July 1997),[1997] HKCFI 790,recovered from extracted field
1995_HKCFI_565.json,citation,metadata.neutral_citation,"LAM CHI FAT v. SO KAM SUI, KENNETH AND ANOTHER [1995] HKCFI 565; HCPI 167/1994 (26 October 1995)",[1995] HKCFI 565,recovered from extracted field
1983_HKCFI_5.json,citation,metadata.neutral_citation,LAM CHOI TAI v. KWOK MAN CHEUNG AND ANOTHER [1983] HKCFI 5; HCA 5114/1983,[1983] HKCFI 5,recovered from extracted field
1979_HKCFI_7.json,citation,metadata.neutral_citation,LAM MEI LAN v. LEUNG YUK AND OTHERS [1979] HKCFI 7; HCA 676/1979,[1979] HKCFI 7,recovered from extracted field
1974_HKCFI_53.json,citation,metadata.neutral_citation,LAU LEUNG v. CHAN CHIU TONG AND ANOTHER [1974] HKCFI 53,[1974] HKCFI 53,recovered from extracted field
1985_HKCFI_207.json,citation,metadata.neutral_citation,LEE CHUNG AND ANOTHER v. PANG LAP HUNG AND ANOTHER [1985] HKCFI 207; HCA 2764/1985 (6 November 1985),[1985] HKCFI 207,recovered from extracted field
1995_HKCFI_15.json,citation,metadata.neutral_citation,LEE HON CHEUNG v. CHAN TANG KAI LAN AND ANOTHER [1995] HKCFI 15; [1995] 3 HKC 640; HCA 4522/1991 (30 October 1995),[1995] HKCFI 15,recovered from extracted field
1999_HKCFI_364.json,citation,metadata.neutral_citation,LEE YUK LAN v. ROYALTELLE INTERNATIONAL LTD. T/A THE ROYAL GARDEN [1999] HKCFI 364; HCPI 187/1995 (5 August 1999),[1999] HKCFI 364,recovered from extracted field
1980_HKCFI_2.json,citation,metadata.neutral_citation,LEUNG KAM MING v. LEE TING LAM [1980] HKCFI 2; HCA 245/1979 (17 January 1980),[1980] HKCFI 2,recovered from extracted field
1978_HKCFI_44.json,citation,metadata.neutral_citation,LEUNG YUI KIN v. LAI PING SUN AND ANOTHER [1978] HKCFI 44; HCA 2579/1976,[1978] HKCFI 44,recovered from extracted field
2014_HKCFI_1907.json,citation,metadata.neutral_citation,LI TAT CHUEN v. YIP WING CHUEN JACKY AND OTHERS [2014] HKCFI 1907,[2014] HKCFI 1907,recovered from extracted field
2008_HKCFI_670.json,citation,metadata.neutral_citation,LI YIK WING v. SECRETARY FOR JUSTICE [2008] HKCFI 670,[2008] HKCFI 670,recovered from extracted field
1976_HKCFI_32.json,citation,metadata.neutral_citation,LUK KA WAI v. LEE YUK CHUN AND ANOTHER [1976] HKCFI 32,[1976] HKCFI 32,recovered from extracted field
1983_HKCFI_99.json,citation,metadata.neutral_citation,MAK KWOK PING v. LUI NAM T/A NAM YING CREASING PAPER BOX FACTORY [1983] HKCFI 99; HCA 7084/1983 (24 October 1983),[1983] HKCFI 99,recovered from extracted field
1986_HKCFI_416.json,citation,metadata.neutral_citation,MA CHI FU v. LAW TIT WING AND ANOTHER [1986] HKCFI 416; HCA 3551/1981 (11 April 1986),[1986] HKCFI 416,recovered from extracted field
1980_HKCFI_74.json,citation,metadata.neutral_citation,NG KAM CHOU v. CHUNG YOI CHIU AND ANOTHER [1980] HKCFI 74; HCA 968/1978,[1980] HKCFI 74,recovered from extracted field
1996_HKCFI_236.json,citation,metadata.neutral_citation,NG KWOK WING v. LAU PING KWAN AND OTHERS [1996] HKCFI 236; [1996] 4 HKC 667; HCPI 1013/1995 (23 May 1996),[1996] HKCFI 236,recovered from extracted field
1984_HKCFI_51.json,citation,metadata.neutral_citation,POON ON LAM v. CHAN SHU CHOI [1984] HKCFI 51; HCA 6764/1981 (19 July 1984),[1984] HKCFI 51,recovered from extracted field
2001_HKDC_52.json,citation,metadata.neutral_citation,SIT KA YEE v. LAI WAI HO [2001] HKDC 52,[2001] HKDC 52,recovered from extracted field
2005_HKDC_262.json,citation,metadata.neutral_citation,SZETO MING v. LO MAN KAM [2005] HKDC 262,[2005] HKDC 262,recovered from extracted field
1985_HKCFI_68.json,citation,metadata.neutral_citation,TANG PUI WAH v. YIU YAT FAN T/A DAO PONG UNITED GOODS MANUFACTORY [1985] HKCFI 68; HCA 4500/1984 (28 March 1985),[1985] HKCFI 68,recovered from extracted field
1997_HKCFI_557.json,citation,metadata.neutral_citation,TA XUONG v. THE INCORPORATED OWNERS OF SUN HING BUILDING [1997] HKCFI 557; [1997] 4 HKC 171; HCPI 496/1995 (30 October 1997),[1997] HKCFI 557,recovered from extracted field
1987_HKCFI_87.json,citation,metadata.neutral_citation,TRAN VAN NHO v. CHEUK'S INDUSTRIES CO. LTD. [1987] HKCFI 87,[1987] HKCFI 87,recovered from extracted field
1983_HKCFI_161.json,citation,metadata.neutral_citation,TSANG LOY FUK v. KONG AND HALVORSEM MARINE AND ENGINEERING CO LTD [1983] HKCFI 161; HCA 1393/1981 (18 March 1983),[1983] HKCFI 161,recovered from extracted field
2008_HKDC_7.json,citation,metadata.neutral_citation,TSO CHUN CHEONG v. MAK CHI MING T/A LIK WANG INTERNATIONAL SOFA CO [2008] HKDC 7; DCPI 766/2007 (8 January 2008),[2008] HKDC 7,recovered from extracted field
1989_HKCFI_75.json,citation,metadata.neutral_citation,WONG HUNG FAN v. TSE HON SHING [1989] HKCFI 75; [1989] 2 HKC 285,[1989] HKCFI 75,recovered from extracted field
2008_HKCFI_552.json,citation,metadata.neutral_citation,YEUNG LOK SZE v. HONG YIP SERVICE CO LTD [2008] HKCFI 552,[2008] HKCFI 552,recovered from extracted field
2001_HKCFI_14.json,citation,metadata.neutral_citation,YEUNG SZE v. WIN ART DESIGN &AMP; DECORATION CO. LTD. [2001] HKCFI 14,[2001] HKCFI 14,recovered from extracted field
1999_HKCFI_1055.json,citation,metadata.neutral_citation,YIM FAT FONG v. WONG KIM HUNG AND ANOTHER [1999] HKCFI 1055; HCPI 1173/1996 (24 June 1999),[1999] HKCFI 1055,recovered from extracted field
2000_HKCFI_190.json,citation,metadata.neutral_citation,YIP PIU v. CHUNG KAM FEI CATHERINE AND ANOTHER [2000] HKCFI 190,[2000] HKCFI 190,recovered from extracted field
1995_HKCFI_537.json,citation,metadata.neutral_citation,YU KWOK SHING v. COLOR CELLS FAR EAST LTD [1995] HKCFI 537; HCA 3482/1993,[1995] HKCFI 537,recovered from extracted field
1982_HKCFI_23.json,citation,metadata.neutral_citation,YU MAN CHUI v. CHOW CHI FUN [1982] HKCFI 23; HCA 2518/1981 (13 August 1982),[1982] HKCFI 23,recovered from extracted field
1977_HKCFI_32.json,psych,losses.losses[8],null,"{""category"": ""Personality change"", ""description"": ""Dr. Michael Lee, a Specialist in Neurology, has seen the plaintiff on no fewer than fifty occasions and describes these symptoms as post-concussional. He explained this to be a condition whereby the patient suffers genuine attacks such as headaches and nausea which cannot be explained by organic damage but are precipitated by feelings of acute anxiety. In this case he feels the precipitating factors are the loss of a limb and the fact that the plaintiff feels that she is different from other people."", ""caused_by_injury_id"": ""inj_001""}",psychiatric content detected; one loss per case
1978_HKCFI_92.json,psych,losses.losses[2],null,"{""category"": ""Personality change"", ""description"": ""Frustration: Irritability and tension displayed when he finds he is unable to perform a task resulting in abandonment of attempts."", ""caused_by_injury_id"": ""inj_004""}",psychiatric content detected; one loss per case
1979_HKCFI_150.json,psych,losses.losses[5],null,"{""category"": ""Personality change"", ""description"": ""Irritability"", ""caused_by_injury_id"": ""inj_001""}",psychiatric content detected; one loss per case
1980_HKCFI_108.json,psych,losses.losses[6],null,"{""category"": ""Personality change"", ""description"": ""personality deterioration including unpredictability of moods and irritability"", ""caused_by_injury_id"": ""inj_001""}",psychiatric content detected; one loss per case
1980_HKCFI_139.json,psych,losses.losses[2],null,"{""category"": ""Personality change"", ""description"": ""Anxiety - depression as a result of psychological and physical trauma sustained in the accident"", ""caused_by_injury_id"": ""inj_001""}",psychiatric content detected; one loss per case
1980_HKCFI_67.json,psych,losses.losses[4],null,"{""category"": ""Personality change"", ""description"": ""irritable and impatient (change of temperament)"", ""caused_by_injury_id"": ""inj_003""}",psychiatric content detected; one loss per case
1981_HKCFI_88.json,psych,losses.losses[5],null,"{""category"": ""Personality change"", ""description"": ""Increased irritability Psychological anxieties related to scarring"", ""caused_by_injury_id"": ""inj_009""}",psychiatric content detected; one loss per case
1985_HKCFI_209.json,psych,losses.losses[2],null,"{""category"": ""Personality change"", ""description"": ""post traumatic dementia with reactive depression"", ""caused_by_injury_id"": ""inj_006""}",psychiatric content detected; one loss per case
1986_HKCFI_399.json,psych,losses.losses[3],null,"{""category"": ""Personality change"", ""description"": ""anxiety neurosis flashes of bad-temper and irritation at his disability (no real personality change found)"", ""caused_by_injury_id"": """"}",psychiatric content detected; one loss per case
1986_HKCFI_41.json,psych,losses.losses[3],null,"{""category"": ""Personality change"", ""description"": ""emotional disturbance / clinical depression or anxiety neurosis"", ""caused_by_injury_id"": """"}",psychiatric content detected; one loss per case
1987_HKCFI_138.json,psych,losses.losses[7],null,"{""category"": ""Personality change"", ""description"": ""anxiety and distress from many hospital visits and medical examinations"", ""caused_by_injury_id"": """"}",psychiatric content detected; one loss per case
1987_HKCFI_139.json,psych,losses.losses[8],null,"{""category"": ""Personality change"", ""description"": ""Anxiety and distress from many hospital visits"", ""caused_by_injury_id"": ""inj_001""}",psychiatric content detected; one loss per case
1988_HKCFI_196.json,psych,losses.losses[4],null,"{""category"": ""Personality change"", ""description"": ""Dr. Tan briefly reviewed the Plaintiff's case history, stated that the Plaintiff was suffering from a post-traumatic stress disorder and, for what it is worth, noted that the Plaintiff's degree of disability was assessed \""by our psychiatric Medical Board on 12th April 1985 in the region of 20%\"". \""(1) Port -Traumatic Stress Disorder : as shown by impairment of sleep fear of situations reminiscent of the incident and recurrent dreams of events related to it. This psychiatric disorder is a psychological reaction to acute traumatic experiences. It is severe in degree. She also has severe anxiety, depressive and psychosomatic (e.g. frequent urination) features associated with the Stress Disorder.\"" \""(2) Personality Disorder (paranoid type) as shown by excessive sensitivity concerning her appearance and her scars in particular an excessive tendency to self-reference in social situations suspiciousness and a sense of subsection and humiliation. The Disorder is impairing her capacity to socialize and work. It is severe in degree.\"""", ""caused_by_injury_id"": ""inj_004""}",psychiatric content detected; one loss per case
1989_HKCFI_191.json,psych,losses.losses[6],null,"{""category"": ""Personality change"", ""description"": ""she suffers from post-traumatic dementia, post-concussional syndrome, post-traumatic stress disorder and depression. developed symptoms of psychiatric disorder attributable to a localized cerebral atrophy"", ""caused_by_injury_id"": ""inj_007""}",psychiatric content detected; one loss per case
1989_HKCFI_400.json,psych,losses.losses[2],null,"{""category"": ""Personality change"", ""description"": ""Dr. William Green in his psychiatric reports on the Plaintiff reached the conclusion that he was seriously depressed and required active supportive psychiatric treatment over a protracted period."", ""caused_by_injury_id"": ""inj_007""}",psychiatric content detected; one loss per case
1989_HKCFI_64.json,psych,losses.losses[7],null,"{""category"": ""Personality change"", ""description"": ""development of a severe Depression."", ""caused_by_injury_id"": ""inj_005""}",psychiatric content detected; one loss per case
1989_HKCFI_73.json,psych,losses.losses[7],null,"{""category"": ""Personality change"", ""description"": ""Bouts of depression"", ""caused_by_injury_id"": ""inj_001""}",psychiatric content detected; one loss per case
1990_HKCFI_142.json,psych,losses.losses[3],null,"{""category"": ""Personality change"", ""description"": ""Anxiety/consciousness of her scars, prefers long pants and is self-conscious in games/swimwear Mental anguish or nervous shock attendant on the accident (immediate aftermath)"", ""caused_by_injury_id"": ""inj_005""}",psychiatric content detected; one loss per case
1990_HKCFI_80.json,psych,losses.losses[7],null,"{""category"": ""Personality change"", ""description"": ""change of personality / increased introversion / irritability / mild clinical depression and anxiety"", ""caused_by_injury_id"": ""inj_001""}",psychiatric content detected; one loss per case
1995_HKCFI_424.json,psych,losses.losses[5],null,"{""category"": ""Personality change"", ""description"": ""Severe depression with loss of self-confidence, fear of going out and inability to work (totally unemployable until treated)"", ""caused_by_injury_id"": ""inj_002""}",psychiatric content detected; one loss per case
1995_HKCFI_9.json,psych,losses.losses[6],null,"{""category"": ""Personality change"", ""description"": ""Frustration and depression at not being able to secure regular employment and to provide for his family"", ""caused_by_injury_id"": ""inj_001""}",psychiatric content detected; one loss per case
1997_HKCA_549.json,psych,losses.losses[2],null,"{""category"": ""Personality change"", ""description"": ""depression and irritability affecting personal relationships"", ""caused_by_injury_id"": ""inj_001""}",psychiatric content detected; one loss per case
1997_HKCFI_183.json,psych,losses.losses[7],null,"{""category"": ""Personality change"", ""description"": ""Severe depression after the accident"", ""caused_by_injury_id"": ""inj_001""}",psychiatric content detected; one loss per case
1997_HKCFI_564.json,psych,losses.losses[5],null,"{""category"": ""Personality change"", ""description"": ""mildly depressive"", ""caused_by_injury_id"": ""inj_001""}",psychiatric content detected; one loss per case
1997_HKCFI_767.json,psych,losses.losses[5],null,"{""category"": ""Personality change"", ""description"": ""not mentally fit to work at present because of depressive disorder (psychiatric report by Dr S.Y. CHUNG)"", ""caused_by_injury_id"": ""inj_001""}",psychiatric content detected; one loss per case
1998_HKCFI_615.json,psych,losses.losses[2],null,"{""category"": ""Personality change"", ""description"": ""Within a few months of the accident, the Plaintiff showed mental symptoms which developed into schizophrenia. I find, on balance of probabilities, that it is more probable than not that the mental illness of the Plaintiff was caused by and the result of the accident."", ""caused_by_injury_id"": ""inj_002""}",psychiatric content detected; one loss per case
1999_HKCFI_214.json,psych,losses.losses[5],null,"{""category"": ""Personality change"", ""description"": ""Dr Chung diagnosed the Plaintiff as suffering from post-concussional disorder (or syndrome) and Dysthymic disorders in April 1998. He expected his condition to be permanent with a need for long term psychiatric support. Dr Singer saw the Plaintiff in May 1999. He diagnosed a depressive disorder and post-concussional syndrome."", ""caused_by_injury_id"": ""inj_007""}",psychiatric content detected; one loss per case
1999_HKCFI_523.json,psych,losses.losses[2],null,"{""category"": ""Personality change"", ""description"": ""Insomnia, low mood, anxiety Depression, of moderate severity and tendency to recur"", ""caused_by_injury_id"": ""inj_007""}",psychiatric content detected; one loss per case
1999_HKCFI_858.json,psych,losses.losses[1],null,"{""category"": ""Personality change"", ""description"": ""A further unfortunate consequence of the accident and his injuries, and his subsequent inability to secure employment, was the development of psychiatric problems resulting in depression. This progressed to such an extent that he suffered a severe depressive episode when he lost control of himself, and he had to be admitted to Castle Peak Hospital on 30th May 1997 where he remained until 27th June 1997. His condition has since been controlled by medication and regular psychiatric follow up treatment. This will have to continue for some two or three years."", ""caused_by_injury_id"": ""inj_003""}",psychiatric content detected; one loss per case
2000_HKCFI_1310.json,psych,losses.losses[4],null,"{""category"": ""Personality change"", ""description"": ""irritable and depressed mood and is disinterested and lacks confidence in socializing with others"", ""caused_by_injury_id"": ""inj_001""}",psychiatric content detected; one loss per case
2000_HKCFI_1441.json,psych,losses.losses[1],null,"{""category"": ""Personality change"", ""description"": ""slow and forgetful, irritable and short-tempered"", ""caused_by_injury_id"": ""inj_002""}",psychiatric content detected; one loss per case
2000_HKCFI_448.json,psych,losses.losses[1],null,"{""category"": ""Personality change"", ""description"": ""Chronic pain syndrome with associated mild symptoms of anxiety and depression (psychological impairment / adjustment disorder with depressed mood)."", ""caused_by_injury_id"": ""inj_001""}",psychiatric content detected; one loss per case
2000_HKCFI_844.json,psych,losses.losses[5],null,"{""category"": ""Personality change"", ""description"": ""Post Traumatic Stress Disorder (PTSD)"", ""caused_by_injury_id"": ""inj_003""}",psychiatric content detected; one loss per case
2001_HKCFI_1124.json,psych,losses.losses[3],null,"{""category"": ""Personality change"", ""description"": ""Dr. Chung see-yuen confirms that Madam So is suffering from dysthymic disorder, a mental disorder characterised by a chronic depression of mood."", ""caused_by_injury_id"": ""inj_001""}",psychiatric content detected; one loss per case
2001_HKCFI_1206.json,psych,losses.losses[8],null,"{""category"": ""Personality change"", ""description"": ""post traumatic stress disorder (\""PTSD\"") which was chronic."", ""caused_by_injury_id"": ""inj_001""}",psychiatric content detected; one loss per case
2001_HKCFI_1380.json,psych,losses.losses[5],null,"{""category"": ""Personality change"", ""description"": ""Post-traumatic stress disorder (PTSD) anxiety depression"", ""caused_by_injury_id"": ""inj_001""}",psychiatric content detected; one loss per case
2001_HKCFI_1446.json,psych,losses.losses[2],null,"{""category"": ""Personality change"", ""description"": ""depressive episode"", ""caused_by_injury_id"": """"}",psychiatric content detected; one loss per case
2001_HKCFI_188.json,psych,losses.losses[2],null,"{""category"": ""Personality change"", ""description"": ""Evidence given by Dr Singer, the plaintiff's psychiatrist, suggests that the plaintiff is suffering from post-traumatic stress disorder this is agreed to by the doctors, both for the plaintiff and the defendants. Evidence given by Dr Singer, the plaintiff's psychiatrist, suggests that the plaintiff is suffering from ... depressive disorder. the difference between Dr Singer and Dr Chung is really one of degree. I find that the plaintiff did, for a period of time after the accident, feel very depressed. That she still suffers from some depression is accepted by Dr Chung who states that in his opinion she would require some 10 sessions of psychological treatment."", ""caused_by_injury_id"": ""inj_002""}",psychiatric content detected; one loss per case
2001_HKCFI_289.json,psych,losses.losses[6],null,"{""category"": ""Personality change"", ""description"": ""irritability"", ""caused_by_injury_id"": ""inj_001""}",psychiatric content detected; one loss per case
2001_HKCFI_477.json,psych,losses.losses[7],null,"{""category"": ""Personality change"", ""description"": ""reactive depression, mood swings, moderate signs of depression and reduced minor cognitive abilities (assessed at 10% under Swedish Insurance Federation guidelines); psychosomatic illness, sleep disturbance, anxiety (2nd plaintiff)"", ""caused_by_injury_id"": ""inj_003""}",psychiatric content detected; one loss per case
2001_HKCFI_478.json,psych,losses.losses[3],null,"{""category"": ""Personality change"", ""description"": ""depression and anxiety attacks (mental symptoms over two years, now subsided)"", ""caused_by_injury_id"": ""inj_001""}",psychiatric content detected; one loss per case
2001_HKCFI_483.json,psych,losses.losses[3],null,"{""category"": ""Personality change"", ""description"": ""Dr Peter Ho Pang-nin, a psychiatrist, examined the 1st plaintiff on 13 August 2000. He noted that following the attack the 1st plaintiff has become tense and worried and suffered from time to time from depressive mood. She confirmed in the witness-box that these nightmares have become less frequent, although her phobia of dogs which developed as a result of the attack has not lessened with time. Dr Peter Ho also noted that the 1st plaintiff was embarrassed by the presence of the scars and has developed an inferiority complex as a result. He diagnosed that she has developed a phobia towards dogs and was suffering from post-traumatic stress disorder and inferiority complex as a result of what had befallen her. Dr Peter Ho was consulted on 13 August 2000. His examination of the 2nd plaintiff confirmed that she had become apprehensive and tense, and fearful of dogs following her attack. He commented that her phobia towards dogs would lead to anxiety whenever she encounters such animals. This psychiatric disability has resulted in impairment of the whole person of 2%."", ""caused_by_injury_id"": ""inj_002""}",psychiatric content detected; one loss per case
2001_HKCFI_555.json,psych,losses.losses[6],null,"{""category"": ""Personality change"", ""description"": ""\""Post-Concussional Syndrome. This is a syndrome following concussion - impairment of consciousness following a blow to head - characterized by symptoms such as headache, giddiness, impaired concentration and emotional disturbance.\"" \""In Mr. Chau's case the features of the Syndrome are headache, dizziness, impaired concentration and memory and emotional disturbances such as irritability. The condition is moderate to severe in degree and is a consequence of the head injury caused by the accident.\"" Finding of Court (paragraph 74): \""It has been proved, on balance, that the plaintiff suffers from PCS and DD as a direct consequence of the accident.\"" \""Depressive Disorder. This is a psychiatric disorder characterized by depressive mood and associated symptoms such as loss of interest, energy and initiative, loss of self-esteem, insomnia, poor appetite and impaired cognitive functioning.\"" \""Depressive features in this case include depressive mood, loss of interest and initiative, impaired mental acuity, and fatiguability.\"" Paragraph 77: \""Much more serious is that he came to acquire mental disabilities from which he is unlikely to get well, although, with treatment, there may be a partial recovery.\"" Finding of Court (paragraph 74): \""It has been proved, on balance, that the plaintiff suffers from PCS and DD as a direct consequence of the accident.\"""", ""caused_by_injury_id"": ""inj_002""}",psychiatric content detected; one loss per case
2001_HKCFI_567.json,psych,losses.losses[1],null,"{""category"": ""Personality change"", ""description"": ""post traumatic stress disorder (PTSD) and depression with low mood, sleep disturbance, social withdrawal, anxiety, flashbacks and avoidance of situations which reminded him of the accident"", ""caused_by_injury_id"": """"}",psychiatric content detected; one loss per case
2001_HKCFI_569.json,psych,losses.losses[2],null,"{""category"": ""Personality change"", ""description"": ""He assessed the plaintiff's permanent neurological impairments as occipital neuralgia, cervical spondylosis and depressive illness."", ""caused_by_injury_id"": ""inj_005""}",psychiatric content detected; one loss per case
2001_HKCFI_667.json,psych,losses.losses[6],null,"{""category"": ""Personality change"", ""description"": ""she suffers from post traumatic stress disorder. what Dr Wong calls \""dysthymic disorder\"""", ""caused_by_injury_id"": ""inj_003""}",psychiatric content detected; one loss per case
2001_HKCFI_668.json,psych,losses.losses[5],null,"{""category"": ""Personality change"", ""description"": ""Post-traumatic stress disorder Dysthymic disorder (chronic depression of mood: depressed mood, low self-esteem, embarrassment, nervousness when being looked at, lack of interest in activities, insomnia) Fear/anxiety when seeing an excavator and being afraid to go back to the place of the accident"", ""caused_by_injury_id"": ""inj_001""}",psychiatric content detected; one loss per case
2001_HKCFI_75.json,psych,losses.losses[5],null,"{""category"": ""Personality change"", ""description"": ""the plaintiff, apart from her whiplash injury, is also suffering in the psychiatric aspect an adjustment disorder after the whiplash injury."", ""caused_by_injury_id"": ""inj_005""}",psychiatric content detected; one loss per case
2001_HKCFI_76.json,psych,losses.losses[8],null,"{""category"": ""Personality change"", ""description"": ""emotional changes: occasional helplessness, frustration, irritability and anxiety; feeling of frustration at confinement and dependence"", ""caused_by_injury_id"": ""inj_004""}",psychiatric content detected; one loss per case
2001_HKCFI_90.json,psych,losses.losses[2],null,"{""category"": ""Personality change"", ""description"": ""Suffered mental depression and mental injury after learning that the hepatic resection had no effect to her metastatic breast cancer in her liver"", ""caused_by_injury_id"": ""inj_002""}",psychiatric content detected; one loss per case
2001_HKCFI_98.json,psych,losses.losses[1],null,"{""category"": ""Personality change"", ""description"": ""anxious when traveling in a vehicle but not in the MTR irritable, bad tempered and cannot sleep well"", ""caused_by_injury_id"": """"}",psychiatric content detected; one loss per case
2002_HKCFI_188.json,psych,losses.losses[3],null,"{""category"": ""Personality change"", ""description"": ""(2) Chronic anxiety depression"", ""caused_by_injury_id"": ""inj_002""}",psychiatric content detected; one loss per case
2002_HKCFI_20.json,psych,losses.losses[1],null,"{""category"": ""Personality change"", ""description"": ""Depression and adjustment disorder with reduced self-confidence, social isolation and intermittent suicidal ideation related to losses from cognitive and functional impairments."", ""caused_by_injury_id"": ""inj_001""}",psychiatric content detected; one loss per case
2002_HKCFI_365.json,psych,losses.losses[4],null,"{""category"": ""Personality change"", ""description"": ""she suffered a whiplash. The clinical diagnosis was sprained neck. sprain neck with neck pain and limited neck range of movement as well as post-traumatic anxiety disorder. Generalized Anxiety Disorder post-traumatic anxiety disorder"", ""caused_by_injury_id"": ""inj_001""}",psychiatric content detected; one loss per case
2002_HKCFI_478.json,psych,losses.losses[8],null,"{""category"": ""Personality change"", ""description"": ""depression and some trauma"", ""caused_by_injury_id"": ""inj_002""}",psychiatric content detected; one loss per case
2002_HKCFI_690.json,psych,losses.losses[1],null,"{""category"": ""Personality change"", ""description"": ""Panic attack / hyperventilation / panic disorder Anxiety and depressive problems (mild)"", ""caused_by_injury_id"": ""inj_001""}",psychiatric content detected; one loss per case
2002_HKCFI_838.json,psych,losses.losses[4],null,"{""category"": ""Personality change"", ""description"": ""\""I think Ms Leung suffers from adjustment disorder to the wound she sustained. She places undue emphasis on her physical appearance. She also harbours catastrophic, irrational and rigid thoughts in relation to her injury and its effects on her life.\"" On 14 August 2001, a psychiatric assessment was conducted by Dr Peter Ho Pang-yin. Dr Ho opined that the plaintiff was suffering from depressive reaction to her injuries. The symptoms presented included reduced zest, interest, drive, motivation, appetite, sleep disturbance, fatigue, feeling of worthlessness and of suicidal ideas, impaired concentration and memory, and associated somatically induced constipation. He assessed whole person impairment at 15 per cent from the psychiatric disability."", ""caused_by_injury_id"": ""inj_002""}",psychiatric content detected; one loss per case
2002_HKCFI_885.json,psych,losses.losses[6],null,"{""category"": ""Personality change"", ""description"": ""Post Traumatic Stress Disorder (this diagnosis was admitted by the Defendant in his Answer to the Plaintiff's Revised Statement of Damages). Dr Singer described it as moderate to severe in degree. Post Concussional Syndrome (the same diagnosis as that made at Western Psychiatric Centre referred to in Dr Cheung's report). Dr Singer described it as moderate in degree. He was diagnosed to be suffering from post-concussional syndrome. Depressive Disorder. Dr Singer described it as moderate in degree and not a major depressive disorder."", ""caused_by_injury_id"": ""inj_003""}",psychiatric content detected; one loss per case
2002_HKDC_130.json,psych,losses.losses[1],null,"{""category"": ""Personality change"", ""description"": ""the Plaintiff suffered post-concussional syndrome including headaches, dizziness, fatigue, irritability, difficulty in concentrating and performing mental tasks, impairment of memory, insomnia, and reduced tolerance to stress and emotional excitement."", ""caused_by_injury_id"": ""inj_001""}",psychiatric content detected; one loss per case
2002_HKDC_134.json,psych,losses.losses[0],null,"{""category"": ""Personality change"", ""description"": ""anxious and worried (psychological reaction)"", ""caused_by_injury_id"": """"}",psychiatric content detected; one loss per case
2003_HKCFI_147.json,psych,losses.losses[4],null,"{""category"": ""Personality change"", ""description"": ""Change in personality including irritability, lack of inhibition and socially inappropriate behaviour (for example singing during class)."", ""caused_by_injury_id"": ""inj_001""}",psychiatric content detected; one loss per case
2003_HKCFI_707.json,psych,losses.losses[2],null,"{""category"": ""Personality change"", ""description"": ""provisionally diagnosed as suffering from adjustment disorder with prolonged depressive reaction."", ""caused_by_injury_id"": ""inj_005""}",psychiatric content detected; one loss per case
2003_HKCFI_866.json,psych,losses.losses[1],null,"{""category"": ""Personality change"", ""description"": ""She assessed the Plaintiff to be suffering from 5% permanent impairment for the cosmetic impairment psychologically and another 5% for the mild depressive reaction to the physical disabilities as directly caused by the accident."", ""caused_by_injury_id"": ""inj_002""}",psychiatric content detected; one loss per case
2003_HKDC_82.json,psych,losses.losses[3],null,"{""category"": ""Personality change"", ""description"": ""23.1 She is suffering from posttraumatic stress disorder. ... The disorder is caused by the trauma of the incident on 25 April 1997 and the resultant scars over her face and thigh, and is consistent with the injury. 23.2 She is displaying symptoms of depression. ... The depression is caused by the problems with her husband and child care, and the aftermath of the incident. 29. I estimate the degree of permanent impairment to the whole person, due to posttraumatic stress disorder and depression caused by the incident on 25 April 1997, at 3%."", ""caused_by_injury_id"": ""inj_003""}",psychiatric content detected; one loss per case
2004_HKCFI_1059.json,psych,losses.losses[4],null,"{""category"": ""Personality change"", ""description"": ""In addition to the damage caused to the neck and to the left knee, the plaintiff claims a psychological impairment in that he now is unable to drive a motor vehicle. \""Mr Tang suffered from post traumatic stress disorder and persistent neck pain. He had frequent flashback and avoidance behaviours. He was vulnerable to hyper-arousal when he passed by the scene of the accident. Though he maintained his work as a quantity surveyor, he found it increasingly stressful as he still had fear to drive to different outdoor sites….\"""", ""caused_by_injury_id"": ""inj_003""}",psychiatric content detected; one loss per case
2004_HKCFI_1152.json,psych,losses.losses[2],null,"{""category"": ""Personality change"", ""description"": ""The Psychiatric Report of Tai Po Hospital dated 9 October 2002 stated that the plaintiff suffered from depressive disorder precipitated by stress of the injury and compensation. The psychiatric report of Dr Chung dated 4 November 2002 stated that the plaintiff suffered from mild adjustment disorder with depressed mood, caused by the trauma and resultant physical problem."", ""caused_by_injury_id"": ""inj_002""}",psychiatric content detected; one loss per case
2004_HKCFI_461.json,psych,losses.losses[2],null,"{""category"": ""Personality change"", ""description"": ""Feelings of depression, loneliness, shame and embarrassment when looking at her hands"", ""caused_by_injury_id"": ""inj_001""}",psychiatric content detected; one loss per case
2004_HKCFI_464.json,psych,losses.losses[2],null,"{""category"": ""Personality change"", ""description"": ""anxiety, depression and concern over the well-being of the fetus"", ""caused_by_injury_id"": """"}",psychiatric content detected; one loss per case
2004_HKCFI_546.json,psych,losses.losses[2],null,"{""category"": ""Personality change"", ""description"": ""was diagnosed in June 2003 to be suffering from depressive disorder."", ""caused_by_injury_id"": ""inj_003""}",psychiatric content detected; one loss per case
2004_HKCFI_688.json,psych,losses.losses[7],null,"{""category"": ""Personality change"", ""description"": ""depression (related to pain and inability to work)"", ""caused_by_injury_id"": ""inj_001""}",psychiatric content detected; one loss per case
2004_HKCFI_752.json,psych,losses.losses[1],null,"{""category"": ""Personality change"", ""description"": ""The plaintiff is claiming damages for Post Traumatic Stress Disorder (PTSD). Dr Chung said the plaintiff was suffering from PTSD."", ""caused_by_injury_id"": ""inj_001""}",psychiatric content detected; one loss per case
2004_HKCFI_765.json,psych,losses.losses[5],null,"{""category"": ""Personality change"", ""description"": ""post traumatic stress disorder as a result of the accident"", ""caused_by_injury_id"": ""inj_005""}",psychiatric content detected; one loss per case
2004_HKCFI_852.json,psych,losses.losses[5],null,"{""category"": ""Personality change"", ""description"": ""The plaintiff was knocked unconscious and suffered amnesia afterwards. She was unconscious for two hours. She was seen by three different experts. In short she suffered Post Concussional Syndrome as a result of the accident. The symptoms, which are ongoing, include headaches, impaired concentration, irritability and insomnia. Whilst her recovery from the accident continued to be slow she developed psychiatric problems. She worried about being unable to work, suffered from anxiety and insomnia and occasionally considered suicide. She required counselling and antidepressant medication. There is general agreement that she suffers from depression due to the continuation of her pain, headaches and the cumulation of her other problems alluded to above."", ""caused_by_injury_id"": ""inj_001""}",psychiatric content detected; one loss per case
2004_HKDC_163.json,psych,losses.losses[3],null,"{""category"": ""Personality change"", ""description"": ""In my opinion, Madam Lau is suffering from an adjustment disorder with anxiety and depressive features. She is also suffering from spontaneous and recurrent fearful thoughts of the incident of being hit. she was assessed by a psychiatrist at the Princess Margaret Hospital to be suffering from depressive illness after the physical assault on her."", ""caused_by_injury_id"": ""inj_004""}",psychiatric content detected; one loss per case
2005_HKCFI_1069.json,psych,losses.losses[5],null,"{""category"": ""Personality change"", ""description"": ""depressed and anxious all the time"", ""caused_by_injury_id"": ""inj_004""}",psychiatric content detected; one loss per case
2005_HKCFI_1113.json,psych,losses.losses[3],null,"{""category"": ""Personality change"", ""description"": ""He was diagnosed as suffering from post-traumatic stress disorder and depression. They agreed that he was suffering from post-traumatic stress disorder in relation to the accident and also a depressive reaction in consequence of the accident."", ""caused_by_injury_id"": ""inj_003""}",psychiatric content detected; one loss per case
2005_HKCFI_1126.json,psych,losses.losses[5],null,"{""category"": ""Personality change"", ""description"": ""irritability and poor temper control post-concussional syndrome (symptoms of headache, dizziness, memory impairment, irritability, poor temper control) adjustment disorder with depressed mood"", ""caused_by_injury_id"": ""inj_001""}",psychiatric content detected; one loss per case
2005_HKCFI_1219.json,psych,losses.losses[2],null,"{""category"": ""Personality change"", ""description"": ""Depression (psychological problems)"", ""caused_by_injury_id"": """"}",psychiatric content detected; one loss per case
2005_HKCFI_282.json,psych,losses.losses[0],null,"{""category"": ""Personality change"", ""description"": ""poor sleep, persistent back pain, low mood, increased irritability, decreased energy level and poor volition, sense of worthlessness and helplessness and fleeting suicidal ideas"", ""caused_by_injury_id"": """"}",psychiatric content detected; one loss per case
2005_HKCFI_295.json,psych,losses.losses[2],null,"{""category"": ""Personality change"", ""description"": ""in so far as his psychiatric condition is concerned, the plaintiff had a mild adjustment disorder but not a PTSD or a PCS. I also accept that the adjustment disorder manifested itself in occasional headaches and dizziness as well as some insomnia in the plaintiff and that condition persisted for about a year after the accident."", ""caused_by_injury_id"": ""inj_004""}",psychiatric content detected; one loss per case
2005_HKCFI_313.json,psych,losses.losses[2],null,"{""category"": ""Personality change"", ""description"": ""He was diagnosed as having Adjustment Disorder with depressed mood."", ""caused_by_injury_id"": ""inj_001""}",psychiatric content detected; one loss per case
2005_HKCFI_334.json,psych,losses.losses[6],null,"{""category"": ""Personality change"", ""description"": ""Personality change: easily irritable and poor temper control Depressed mood, low self-esteem, insomnia, decreased appetite and fleeting suicidal ideas"", ""caused_by_injury_id"": ""inj_003""}",psychiatric content detected; one loss per case
2005_HKCFI_566.json,psych,losses.losses[5],null,"{""category"": ""Personality change"", ""description"": ""In the accident on 21 July 2001, Mr Lau sustained a minor head injury. Mr Lau has PCS as evidenced by the symptoms of headache, dizziness, impaired concentration, subjective impairment of cognition and memory and irritability. He also has certain features of PTSD (see section 8.4) with severity well below that of the full-blown syndrome."", ""caused_by_injury_id"": ""inj_002""}",psychiatric content detected; one loss per case
2005_HKCFI_568.json,psych,losses.losses[1],null,"{""category"": ""Personality change"", ""description"": ""Dr Ho came to the opinion that the plaintiff was suffering from a depressive reaction to the physical symptoms arising from the accident in question. As for the psychiatric condition complained of by the plaintiff, as early as December 2002, the plaintiff had been attending the North District Hospital psychiatric outpatient department due to his low or depressive mood and had been diagnosed to be suffering from depression."", ""caused_by_injury_id"": ""inj_004""}",psychiatric content detected; one loss per case
2005_HKCFI_783.json,psych,losses.losses[7],null,"{""category"": ""Personality change"", ""description"": ""He is suffering from postconcussional disorder. He is depressed because of the physical and mental complaints."", ""caused_by_injury_id"": ""inj_008""}",psychiatric content detected; one loss per case
2005_HKCFI_920.json,psych,losses.losses[1],null,"{""category"": ""Personality change"", ""description"": ""During 21 to 23 July 2002, he was admitted to the Medical Department of UCH upon further complaints of headache. On this occasion the diagnosis was compatible to adjustment disorder. In August 2002 the plaintiff was referred to the East Kowloon Psychiatric Centre where he was diagnosed to be suffering from depression."", ""caused_by_injury_id"": ""inj_007""}",psychiatric content detected; one loss per case
2005_HKDC_277.json,psych,losses.losses[0],null,"{""category"": ""Personality change"", ""description"": ""she still suffers back pain, face injury (eye twitching), and psychological impacts. Anxiety and fear"", ""caused_by_injury_id"": ""inj_003""}",psychiatric content detected; one loss per case
2005_HKDC_438.json,psych,losses.losses[4],null,"{""category"": ""Personality change"", ""description"": ""The diagnosis was ‘Pervasive Developmental Disorder Unspecified’. Having considered the above, I accept Dr. Chung’s analysis that the existing condition of the Plaintiff was a progression of the Plaintiff’s PDD. It was aggravated by the accident and other stress. Both of them found that the Plaintiff suffered from mild residual symptoms of Post Traumatic Stress Disorder. Both Dr. Wong and Dr. Chung agreed that the Plaintiff suffered from mild symptoms of Post Traumatic Distress Symptoms."", ""caused_by_injury_id"": ""inj_005""}",psychiatric content detected; one loss per case
2006_HKCFI_1294.json,psych,losses.losses[5],null,"{""category"": ""Personality change"", ""description"": ""Adjustment Disorder: Chronic Depressive Reaction (diagnosed)"", ""caused_by_injury_id"": """"}",psychiatric content detected; one loss per case
2006_HKCFI_284.json,psych,losses.losses[1],null,"{""category"": ""Personality change"", ""description"": ""mild depressive symptom"", ""caused_by_injury_id"": ""inj_001""}",psychiatric content detected; one loss per case
2006_HKCFI_369.json,psych,losses.losses[6],null,"{""category"": ""Personality change"", ""description"": ""Irritability which affects his relationship with his family"", ""caused_by_injury_id"": ""inj_001""}",psychiatric content detected; one loss per case
2006_HKCFI_439.json,psych,losses.losses[6],null,"{""category"": ""Personality change"", ""description"": ""Both experts are agreed that she suffers from an adjustment disorder with mixed anxiety and depressive mood. Dr Frendi Li ... that the plaintiff has chronic PTSD and secondary mood and adjustment problems."", ""caused_by_injury_id"": ""inj_003""}",psychiatric content detected; one loss per case
2006_HKCFI_486.json,psych,losses.losses[1],null,"{""category"": ""Personality change"", ""description"": ""Dr Choa opined that he was suffering from a post-concussional syndrome with feature of post-traumatic stress disorder. Dr Chung opined that as a result of the accident, the plaintiff was suffering from post-concussional disorder which is an acquired impairment in cognitive functioning accompanied by neurobehavioural symptoms. Dr Chen also found that the plaintiff was suffering from post-concussional disorder and post-traumatic stress disorder as a result of the accident. He estimated degree of permanency of the psychiatric disability was 60%."", ""caused_by_injury_id"": ""inj_003""}",psychiatric content detected; one loss per case
2006_HKCFI_837.json,psych,losses.losses[1],null,"{""category"": ""Personality change"", ""description"": ""Adjustment disorder with depressive mood"", ""caused_by_injury_id"": ""inj_001""}",psychiatric content detected; one loss per case
2006_HKCFI_889.json,psych,losses.losses[3],null,"{""category"": ""Personality change"", ""description"": ""He has subsequently suffered a psychiatric condition described by the psychiatrist as adjustment disorder with prolonged depressive reaction. diagnosed by Professor Felice Leih-Mak as suffering from a prolonged depressive reaction to the injury."", ""caused_by_injury_id"": ""inj_003""}",psychiatric content detected; one loss per case
2006_HKDC_204.json,psych,losses.losses[1],null,"{""category"": ""Personality change"", ""description"": ""generalized anxiety, increased arousal and irritability after the accident diagnosed with Childhood Emotional Disorder"", ""caused_by_injury_id"": ""inj_001""}",psychiatric content detected; one loss per case
2006_HKDC_265.json,psych,losses.losses[2],null,"{""category"": ""Personality change"", ""description"": ""anxious, depressive, apprehensive and irritable moods"", ""caused_by_injury_id"": ""inj_002""}",psychiatric content detected; one loss per case
2007_HKCFI_110.json,psych,losses.losses[7],null,"{""category"": ""Personality change"", ""description"": ""He was left with a depression in his skull for which it was suggested that he undergo cranioplasty, but he has not done so. they found that he was free from psychiatric disorder before the accident but now suffers from dementia due to head trauma. He was diagnosed as having an Organic Mental Disorder and put on medication."", ""caused_by_injury_id"": ""inj_005""}",psychiatric content detected; one loss per case
2007_HKCFI_1211.json,psych,losses.losses[5],null,"{""category"": ""Personality change"", ""description"": ""Post-traumatic Stress Disorder (\"" PTS Disorder\"")"", ""caused_by_injury_id"": ""inj_005""}",psychiatric content detected; one loss per case
2007_HKCFI_147.json,psych,losses.losses[3],null,"{""category"": ""Personality change"", ""description"": ""depressive mood irritability"", ""caused_by_injury_id"": """"}",psychiatric content detected; one loss per case
2007_HKCFI_325.json,psych,losses.losses[1],null,"{""category"": ""Personality change"", ""description"": ""Both are satisfied that Ms Ng has suffered a depressive disorder I am satisfied that the psychiatric condition from which she presently suffers has arisen directly from the injury she has suffered at work."", ""caused_by_injury_id"": ""inj_003""}",psychiatric content detected; one loss per case
2007_HKCFI_453.json,psych,losses.losses[3],null,"{""category"": ""Personality change"", ""description"": ""occasional insomnia, stress; treated for Adjustment Disorder (psychiatric)"", ""caused_by_injury_id"": ""inj_001""}",psychiatric content detected; one loss per case
2007_HKCFI_479.json,psych,losses.losses[2],null,"{""category"": ""Personality change"", ""description"": ""The plaintiff was diagnosed to be suffering from post traumatic stress disorder and major depressive disorder with psychotic features."", ""caused_by_injury_id"": ""inj_003""}",psychiatric content detected; one loss per case
2007_HKCFI_652.json,psych,losses.losses[0],null,"{""category"": ""Personality change"", ""description"": ""She was differentially diagnosed as having organic mood disorder and organic personality disorder, and was treated with antidepressants and mood stabilisers, but her drug compliance was not satisfactory."", ""caused_by_injury_id"": ""inj_008""}",psychiatric content detected; one loss per case
2007_HKCFI_923.json,psych,losses.losses[5],null,"{""category"": ""Personality change"", ""description"": ""Post-traumatic stress disorder, anxiety, phobia towards vehicles, hyper-vigilance, flashbacks, vivid nightmares, hyper-arousal symptoms (palpitation, hand tremor, sweating); adjustment disorder; depression (including suicidal idea during one admission)"", ""caused_by_injury_id"": """"}",psychiatric content detected; one loss per case
2007_HKDC_110.json,psych,losses.losses[5],null,"{""category"": ""Personality change"", ""description"": ""adjustment disorder with depressive features depressive features including depressed mood, crying spells, anger, fluctuating sleep"", ""caused_by_injury_id"": """"}",psychiatric content detected; one loss per case
2007_HKDC_353.json,psych,losses.losses[0],null,"{""category"": ""Personality change"", ""description"": ""adjustment disorder"", ""caused_by_injury_id"": ""inj_004""}",psychiatric content detected; one loss per case
2007_HKDC_55.json,psych,losses.losses[3],null,"{""category"": ""Personality change"", ""description"": ""Since the accident, the 1st Plaintiff developed post-traumatic stress disorder that was manifested in the form of nightmares, flashbacks, fear of road traffic, irritability, social anxiety, poor sleep, absent-mindedness and withdrawal."", ""caused_by_injury_id"": ""inj_004""}",psychiatric content detected; one loss per case
2007_HKDC_92.json,psych,losses.losses[3],null,"{""category"": ""Personality change"", ""description"": ""The Plaintiff was diagnosed to be suffering from adjustment disorder by Dr. K.M. Cheng of Castle Peak Hospital. 2. Mr. Poon did not have past or family history of mental illness. He was referred by Department of Orthropaedics and Traumatology, Tuen Mun Hospital, for poor sleep since his injury in January 2003 …… 3. He presented with poor sleep secondary to his chronic back pain, depressed and anxious mood, as well as easy irritability. He was treated as adjustment disorder. Pharmacological and psychological treatments were offered. He showed partial improvement of mood and sleep symptoms after treatment, despite his chronic pain."", ""caused_by_injury_id"": ""inj_004""}",psychiatric content detected; one loss per case
2007_HKDC_93.json,psych,losses.losses[2],null,"{""category"": ""Personality change"", ""description"": ""depressive and anxiety features were noted in the Plaintiff"", ""caused_by_injury_id"": """"}",psychiatric content detected; one loss per case
2008_HKCA_340.json,psych,losses.losses[2],null,"{""category"": ""Personality change"", ""description"": ""The master accepted the opinion of Dr Chung, the plaintiff\u0019s psychiatric expert, that the plaintiff suffered from \u001cadjustment disorder with depressed mood\u001d. The symptoms consisted of \u001cdepressed mood, irritability, impatience, feelings of difficulty coping, pessimistic ideas, lack of interest and motivation in activities, tiredness, lack of energy, difficulty concentrating, and sleep problems\u001d."", ""caused_by_injury_id"": ""inj_002""}",psychiatric content detected; one loss per case
2008_HKCFI_1105.json,psych,losses.losses[1],null,"{""category"": ""Personality change"", ""description"": ""post-concussion syndrome (“PCS”) with symptoms of headache, dizziness, blurred vision, decreased memory and depressed mood. In the joint neurological report by Drs Y L Yu and Kan Yiu Ting, both concluded that Madam Kwan suffered from PCS which included headache, dizziness, fatigue, irritability, difficulties in concentration, impaired memory, insomnia and reduced tolerance to stress or emotional excitement which included feelings of depression and anxiety."", ""caused_by_injury_id"": ""inj_005""}",psychiatric content detected; one loss per case
2008_HKCFI_1971.json,psych,losses.losses[1],null,"{""category"": ""Personality change"", ""description"": ""She also suffered mild adjustment disorder that does not affect her working ability. Dr. Chung opined that the Plaintiff is suffering from adjustment disorder with mixed anxiety and depressed mood."", ""caused_by_injury_id"": ""inj_003""}",psychiatric content detected; one loss per case
2008_HKCFI_283.json,psych,losses.losses[5],null,"{""category"": ""Personality change"", ""description"": ""since early 2004, the plaintiff has been receiving psychological treatment (both as outpatient as well as inpatient) and medication from the Castle Peak Hospital in relation to his psychiatric problems and was diagnosed by doctors of Castle Peak Hospital to be suffering from Major Depressive Disorder."", ""caused_by_injury_id"": ""inj_004""}",psychiatric content detected; one loss per case
2008_HKCFI_338.json,psych,losses.losses[1],null,"{""category"": ""Personality change"", ""description"": ""They concluded that the plaintiff was suffering from adjustment disorder with mixed anxiety and depressive symptoms."", ""caused_by_injury_id"": ""inj_004""}",psychiatric content detected; one loss per case
2008_HKCFI_360.json,psych,losses.losses[3],null,"{""category"": ""Personality change"", ""description"": ""Mr Wong developed adjustment disorder with depressed mode. Mr Wong was also diagnosed to be suffering from adjustment disorder caused by the accident."", ""caused_by_injury_id"": ""inj_003""}",psychiatric content detected; one loss per case
2008_HKCFI_372.json,psych,losses.losses[2],null,"{""category"": ""Personality change"", ""description"": ""I accept the opinion of Dr Chung that at the most the Plaintiff is suffering from a mild adjustment disorder with depression I therefore find that ... his psychiatric condition was that he had a mild adjustment disorder with depressive symptom."", ""caused_by_injury_id"": ""inj_002""}",psychiatric content detected; one loss per case
2008_HKCFI_482.json,psych,losses.losses[0],null,"{""category"": ""Personality change"", ""description"": ""suffering generally from a psychiatric condition relating to his physical condition as well as other daily problem such as financial worries, etc."", ""caused_by_injury_id"": ""inj_001""}",psychiatric content detected; one loss per case
2008_HKCFI_574.json,psych,losses.losses[5],null,"{""category"": ""Personality change"", ""description"": ""1) Diagnosis: Adjustment Disorder, with Anxiety and Depression Owing to the change for the worse of her life circumstances over the past two years, her condition fulfils the criteria of a Dysthymic Disorder. Starting from November 2003 she started to suffer from adjustment disorder with depressed mood. Dr Wong said that the adjustment disorder with depressed mood deteriorated to become dysthymic disorder sometime in mid 2004."", ""caused_by_injury_id"": ""inj_004""}",psychiatric content detected; one loss per case
2008_HKCFI_603.json,psych,losses.losses[2],null,"{""category"": ""Personality change"", ""description"": ""Posttraumatic stress disorder (PTSD) Adjustment disorder with depressed mood"", ""caused_by_injury_id"": """"}",psychiatric content detected; one loss per case
2008_HKCFI_706.json,psych,losses.losses[3],null,"{""category"": ""Personality change"", ""description"": ""adjustment disorder with depressive mood, later revised to major depressive disorder (mood disturbance/psychiatric condition)"", ""caused_by_injury_id"": ""inj_001""}",psychiatric content detected; one loss per case
2008_HKCFI_725.json,psych,losses.losses[5],null,"{""category"": ""Personality change"", ""description"": ""I also find that as a result of the accident, the Plaintiff has suffered post concussional syndrome and depressive episode of a mild to moderate nature. I also find that as a result of the accident, the Plaintiff has suffered post concussional syndrome and depressive episode of a mild to moderate nature."", ""caused_by_injury_id"": ""inj_005""}",psychiatric content detected; one loss per case
2008_HKCFI_748.json,psych,losses.losses[3],null,"{""category"": ""Personality change"", ""description"": ""irritability"", ""caused_by_injury_id"": ""inj_005""}",psychiatric content detected; one loss per case
2008_HKCFI_772.json,psych,losses.losses[2],null,"{""category"": ""Personality change"", ""description"": ""depression and pain disorder"", ""caused_by_injury_id"": ""inj_003""}",psychiatric content detected; one loss per case
2008_HKCFI_855.json,psych,losses.losses[4],null,"{""category"": ""Personality change"", ""description"": ""diagnosed as suffering from PTSD"", ""caused_by_injury_id"": """"}",psychiatric content detected; one loss per case
2008_HKCFI_912.json,psych,losses.losses[0],null,"{""category"": ""Personality change"", ""description"": ""Post-traumatic Stress Disorder (PTSD) Major Depressive Disorder (MDD)"", ""caused_by_injury_id"": """"}",psychiatric content detected; one loss per case
2008_HKCFI_974.json,psych,losses.losses[5],null,"{""category"": ""Personality change"", ""description"": ""Sleep difficulties, intrusion, irritability, avoidant behaviours and hypervigilance Diagnosis: Adjustment Disorder Clinical Impression: PTSD (Caritas Medical Centre report)"", ""caused_by_injury_id"": """"}",psychiatric content detected; one loss per case
2008_HKCFI_975.json,psych,losses.losses[9],null,"{""category"": ""Personality change"", ""description"": ""2. ……His wife, and younger son sustained severe injury whereas he himself had no physical injury at all. However, he developed insomnia, crying spells, irritability, nightmares, loss of interest, suicidal idea, decreased appetite and weight loss after the accident. He had recollection of the scene in dreams.\n\n3. A diagnosis of Depressive episode was made. He was prescribed medications.\n\n4. He was subsequently followed-up on 3.11.03, 29.12.03, 1.3.04 and 13.5.04. His mental condition was noted to have significant improvement. Permanent disability is not expected. 30. ……\n\n30.1. He has suffered from posttraumatic stress disorder ……\n\n30.2. He has difficulty adjusting to the aftermaths of the accident including his wife’s and son’s disability. He is depressed and worried by their problems. The depressive symptoms that he is having consist of depressed mood, irritability, feelings of difficulty coping, pessimistic ideas, lack of confidence and motivation, lack of interest in sex and activities, and sleep problems ……\n\n31. His mental condition was at its worst for a few months after the accident. He was on the verge of nervous break-down. His mental condition has shown improvement with time and after psychiatric treatment. He is displaying residual symptoms of posttraumatic stress disorder currently ……\n\n32. He is mentally capable of returning to work at the pre-accident job. His working efficiency is affected by the lack of confidence, difficulty concentrating, bad memory and tremors of hands. His work is also affected by his decreased motivation, decreased drive for social interaction and his irritability. The appropriate period of sick leave from a psychiatric point of view is one year from the date of the accident.\n\n33. ……He will continue to suffer from residual mental problems for a few years as the accident left a mark on his mind and some of his wife’s and son’s disability are permanent.\n\n37. We believe that the degree of permanent impairment to the whole person of Mr. LAM is about 7%. The loss of earning capacity is estimated to be about 7% after completion of the recommended psychotherapies."", ""caused_by_injury_id"": ""inj_001""}",psychiatric content detected; one loss per case
2008_HKDC_14.json,psych,losses.losses[1],null,"{""category"": ""Personality change"", ""description"": ""depression"", ""caused_by_injury_id"": ""inj_001""}",psychiatric content detected; one loss per case
2008_HKDC_199.json,psych,losses.losses[1],null,"{""category"": ""Personality change"", ""description"": ""Mr. Yu was diagnosed as suffering from Post-Concussional Syndrome and Post-Traumatic Stress Disorder. Mr. Yu was diagnosed as suffering from Post-Concussional Syndrome and Post-Traumatic Stress Disorder."", ""caused_by_injury_id"": ""inj_001""}",psychiatric content detected; one loss per case
2009_HKCFI_1159.json,psych,losses.losses[5],null,"{""category"": ""Personality change"", ""description"": ""major Depressive Disorder after the dental treatment by the defendant in 2001;"", ""caused_by_injury_id"": ""inj_005""}",psychiatric content detected; one loss per case
2009_HKCFI_17.json,psych,losses.losses[2],null,"{""category"": ""Personality change"", ""description"": ""panic attacks / anxiety"", ""caused_by_injury_id"": ""inj_003""}",psychiatric content detected; one loss per case
2009_HKCFI_182.json,psych,losses.losses[2],null,"{""category"": ""Personality change"", ""description"": ""headache, dizziness, vertigo, lower pain threshold, depression and sleep disturbance (psychological effects)."", ""caused_by_injury_id"": ""inj_002""}",psychiatric content detected; one loss per case
2009_HKCFI_368.json,psych,losses.losses[4],null,"{""category"": ""Personality change"", ""description"": ""Post Traumatic Stress Disorder (“PTSD”) and Major Depressive Disorder (“MDD”), both as a result of the accident. His current psychiatric complaints are depressive mood, suicidal ideas, impairment of sleep, memory and concentration. his “scooter phobia” may well be permanent."", ""caused_by_injury_id"": ""inj_004""}",psychiatric content detected; one loss per case
2009_HKCFI_379.json,psych,losses.losses[3],null,"{""category"": ""Personality change"", ""description"": ""The Plaintiff complained of anxiety, persistent distressful re-experience of the accident, persistent avoidance of stimuli associated with the accident, depressed mood, lack of interest in activities, forgetfulness, insomnia and nightmares. He was diagnosed by Dr. Leung Chi-ming of Prince of Wales Hospital to be suffering from Post-traumatic Stress Disorder (PTSD). The Plaintiff\u0019s own medical expert Dr. Chung See-yuen confirmed the diagnosis and opined that the Plaintiff was suffering from mild PTSD. However, the joint medical expert Dr. Wong Chung-kwong disagreed with Dr. Chung and opined that the Plaintiff was malingering."", ""caused_by_injury_id"": ""inj_005""}",psychiatric content detected; one loss per case
2009_HKCFI_402.json,psych,losses.losses[4],null,"{""category"": ""Personality change"", ""description"": ""In his report, Dr. Lai found that Miss Lo suffered from two psychiatric conditions \t6 post-traumatic stress and adjustment disorder with depressed symptoms as the result of the accident. The two operations have left Miss Lo with a C-shaped, 15-cm long scare on her right buttock. According to Dr. Lam\u0002s letter dated 23 December 2008 (which documents the findings of the examination in 2006), Miss Lo was found to have \"" a buttock scar of 14.5 cm, which showed signs of widening, thickening and obvious stitch marks. There was presence of soft tissue depression in the scar region as well.\"""", ""caused_by_injury_id"": ""inj_002""}",psychiatric content detected; one loss per case
2009_HKCFI_403.json,psych,losses.losses[1],null,"{""category"": ""Personality change"", ""description"": ""depression (complication)"", ""caused_by_injury_id"": ""inj_001""}",psychiatric content detected; one loss per case
2009_HKCFI_434.json,psych,losses.losses[3],null,"{""category"": ""Personality change"", ""description"": ""the plaintiff suffers from a Conversion Disorder the plaintiff was genuinely suffering from Conversion Disorder and was not malingering. referred to South Kwai Chung Psychiatric Centre on 1 April 2004 and diagnosed to be suffering from mild to moderate depressive episode."", ""caused_by_injury_id"": ""inj_006""}",psychiatric content detected; one loss per case
2009_HKCFI_563.json,psych,losses.losses[2],null,"{""category"": ""Personality change"", ""description"": ""major depressive disorder psychotic depression referred to a psychologist for jealousy delusion towards husband, anxious mood, irritability and depressed mood anxiety depression (depressed mood)"", ""caused_by_injury_id"": """"}",psychiatric content detected; one loss per case
2009_HKCFI_85.json,psych,losses.losses[4],null,"{""category"": ""Personality change"", ""description"": ""He diagnosed the plaintiff to suffer from a major depressive disorder with mood congruous psychotic symptoms. By October 2004 she became depressed and weepy with difficulty sleeping. By the end of that year she began hearing voices asking her to die."", ""caused_by_injury_id"": ""inj_003""}",psychiatric content detected; one loss per case
2009_HKCFI_999.json,psych,losses.losses[3],null,"{""category"": ""Personality change"", ""description"": ""diagnosis was ‘Major Depressive Disorder’. The report dated 7 April 2008 from Dr. Lee wing-king, the senior medical officer and specialist in psychiatry at Kwai Chung Hospital (\""KCH\"") confirms the diagnosis of depression. permanent psychiatric injury was unlikely."", ""caused_by_injury_id"": ""inj_004""}",psychiatric content detected; one loss per case
2009_HKDC_153.json,psych,losses.losses[2],null,"{""category"": ""Personality change"", ""description"": ""Dr Ng’s diagnosis was “major depressive episode – severe with psychotic features” Form 7 issued on 3rd December 2008 for “(1) bilateral knee injury resulting in both knees pain, right knee fracture and stiffness, (2) psychiatric impairment, depression”"", ""caused_by_injury_id"": ""inj_006""}",psychiatric content detected; one loss per case
2009_HKDC_154.json,psych,losses.losses[2],null,"{""category"": ""Personality change"", ""description"": ""the relevant Form 7 issued on 3rd December 2008 for “(1) bilateral knee injury resulting in both knees pain, right knee fracture and stiffness, (2) psychiatric impairment, depression” assessed the sick leave period to be intermittent periods between 18th March 2006 and 20th May 2008, and the loss of earning capacity to be 17.6%. the relevant Form 7 issued on 3rd December 2008 for \""(1) bilateral knee injury resulting in both knees pain, right knee fracture and stiffness, (2) psychiatric impairment, depression\"" Dr Ng's diagnosis was \""major depressive episode – severe with psychotic features\"" and he opined that the 3rd Accident and its related stressors were the sole cause of the mental disorder."", ""caused_by_injury_id"": ""inj_003""}",psychiatric content detected; one loss per case
2009_HKDC_155.json,psych,losses.losses[2],null,"{""category"": ""Personality change"", ""description"": ""(1) bilateral knee injury resulting in both knees pain, right knee fracture and stiffness, (2) psychiatric impairment, depression (1) bilateral knee injury resulting in both knees pain, right knee fracture and stiffness, (2) psychiatric impairment, depression major depressive episode – severe with psychotic features"", ""caused_by_injury_id"": ""inj_003""}",psychiatric content detected; one loss per case
2009_HKDC_183.json,psych,losses.losses[4],null,"{""category"": ""Personality change"", ""description"": ""worry of losing her job caused extra anxiety"", ""caused_by_injury_id"": """"}",psychiatric content detected; one loss per case
2009_HKDC_247.json,psych,losses.losses[2],null,"{""category"": ""Personality change"", ""description"": ""About six months after the accident, she developed mental depression due to the residual back pain which affected her sleep and well-being. they agreed Madam Cheng suffered from adjustment disorder with depressed mood. Dr Lau assessed her psychiatric impairment to be 1%."", ""caused_by_injury_id"": ""inj_002""}",psychiatric content detected; one loss per case
2009_HKDC_263.json,psych,losses.losses[1],null,"{""category"": ""Personality change"", ""description"": ""I accept from the evidence that she suffered from a very mild head injury with post-concussional syndrome but without any indication for regular neurological treatment; a mild depressive episode; and, at least for a period of time up to the operation in November 2006, some form of diplopia. I accept from the evidence that she suffered from a very mild head injury with post-concussional syndrome but without any indication for regular neurological treatment; a mild depressive episode; and, at least for a period of time up to the operation in November 2006, some form of diplopia."", ""caused_by_injury_id"": ""inj_001""}",psychiatric content detected; one loss per case
2009_HKDC_42.json,psych,losses.losses[3],null,"{""category"": ""Personality change"", ""description"": ""Dr Chen diagnosed Tom to be suffering from PTSD caused by a life-threatening situation in the accident. Dr Lai, Dr Chung and Dr Chen shared the same diagnosis of PTSD."", ""caused_by_injury_id"": ""inj_001""}",psychiatric content detected; one loss per case
2010_HKCFI_123.json,psych,losses.losses[2],null,"{""category"": ""Personality change"", ""description"": ""The psychiatric diagnoses are Adjustment Disorder, unspecified subtype and Major Depressive Episode, moderate. The psychiatric disorders are the direct result of the injury on 10th October 2006. Certain degree of permanent psychiatric impairment is expected and is in the region of 5 to 10%."", ""caused_by_injury_id"": ""inj_005""}",psychiatric content detected; one loss per case
2010_HKCFI_249.json,psych,losses.losses[4],null,"{""category"": ""Personality change"", ""description"": ""A joint report by psychiatrists instructed by each side resulted in the joint opinion that Mdm Liu suffered from a depressive episode in reaction to the stresses related to her accident, the physical symptoms after the accident, and the associated psychosocial stresses and conflicts related to her circumstances. It was the joint opinion of the psychiatrists that Mdm Liu suffers mild impairment of activities of daily living and social functioning consequent upon the psychiatric condition."", ""caused_by_injury_id"": ""inj_002""}",psychiatric content detected; one loss per case
2010_HKCFI_330.json,psych,losses.losses[3],null,"{""category"": ""Personality change"", ""description"": ""post-concussional syndrome (residual headache, non-specific dizziness, irritability and subjectively-impaired memory)"", ""caused_by_injury_id"": ""inj_002""}",psychiatric content detected; one loss per case
2010_HKCFI_331.json,psych,losses.losses[5],null,"{""category"": ""Personality change"", ""description"": ""adjustment disorder with mixed anxiety and depressed mood"", ""caused_by_injury_id"": ""inj_006""}",psychiatric content detected; one loss per case
2010_HKCFI_397.json,psych,losses.losses[4],null,"{""category"": ""Personality change"", ""description"": ""He was referred to the Castle Peak Hospital where he was diagnosed to be suffering from Adjustment Disorder on 12 February 2007."", ""caused_by_injury_id"": ""inj_002""}",psychiatric content detected; one loss per case
2010_HKCFI_44.json,psych,losses.losses[7],null,"{""category"": ""Personality change"", ""description"": ""post-traumatic stress disorder (\""PTSD\"") adjustment disorder (\""AD\"") with mixed anxiety and depressed mood"", ""caused_by_injury_id"": ""inj_003""}",psychiatric content detected; one loss per case
2010_HKCFI_478.json,psych,losses.losses[3],null,"{""category"": ""Personality change"", ""description"": ""“He first attended West Kowloon Psychiatric Centre on 29 September 2008. He had injury of his left eye during an industrial accident in 2005. After that accident, he developed depressive mood, loss of interest, negative thoughts, easy irritability, flashbacks of that accident, poor sleep and appetite, vague suicidal idea and worries about his future. He had no abnormal perception or belief. He stayed at home most of the time. His diagnosis was Post-traumatic Stress Disorder with an element of Depression.\"""", ""caused_by_injury_id"": ""inj_002""}",psychiatric content detected; one loss per case
2010_HKCFI_491.json,psych,losses.losses[3],null,"{""category"": ""Personality change"", ""description"": ""depressed mood, poor appetite, insomnia, hallucination and suicidal attempts"", ""caused_by_injury_id"": """"}",psychiatric content detected; one loss per case
2010_HKCFI_548.json,psych,losses.losses[6],null,"{""category"": ""Personality change"", ""description"": ""the Plaintiff had been suffering from an adjustment disorder with mixed anxiety and depressed mood that was a reaction to the stresses at the time of the Accident, the physical impairment after the Accident, and the social consequences such as the employment and financial problems."", ""caused_by_injury_id"": ""inj_005""}",psychiatric content detected; one loss per case
2010_HKCFI_773.json,psych,losses.losses[0],null,"{""category"": ""Personality change"", ""description"": ""moderate depressive episode non-specific somatic symptoms"", ""caused_by_injury_id"": ""inj_001""}",psychiatric content detected; one loss per case
2010_HKDC_1.json,psych,losses.losses[3],null,"{""category"": ""Personality change"", ""description"": ""depression / relapse of dysthymic disorder anxiety when traveling in motor vehicles"", ""caused_by_injury_id"": ""inj_004""}",psychiatric content detected; one loss per case
2010_HKDC_115.json,psych,losses.losses[3],null,"{""category"": ""Personality change"", ""description"": ""Dr. Ho diagnosed Mr. Chang as suffering from a very mild degree of post-concussional disorder, and adjustment disorder with mixed anxiety and depressive mood. Dr. Chen diagnosed Mr. Chang as suffering from a moderate degree of post-traumatic stress disorder, with impairment in his cognitive function. Dr. Chen diagnosed Mr. Chang as suffering from a moderate degree of post-traumatic stress disorder, with impairment in his cognitive function."", ""caused_by_injury_id"": ""inj_006""}",psychiatric content detected; one loss per case
2010_HKDC_179.json,psych,losses.losses[3],null,"{""category"": ""Personality change"", ""description"": ""post-traumatic adjustment disorder"", ""caused_by_injury_id"": ""inj_004""}",psychiatric content detected; one loss per case
2010_HKDC_256.json,psych,losses.losses[6],null,"{""category"": ""Personality change"", ""description"": ""Dr. Law comments that the Plaintiff has adjustment disorder with mixed anxiety and depressed mood caused by the Accident."", ""caused_by_injury_id"": ""inj_005""}",psychiatric content detected; one loss per case
2010_HKDC_295.json,psych,losses.losses[6],null,"{""category"": ""Personality change"", ""description"": ""depressed mood and adjustment disorder"", ""caused_by_injury_id"": """"}",psychiatric content detected; one loss per case
2010_HKDC_30.json,psych,losses.losses[4],null,"{""category"": ""Personality change"", ""description"": ""she also suffered from headache, depression, anxiety and insomnia"", ""caused_by_injury_id"": ""inj_001""}",psychiatric content detected; one loss per case
2010_HKDC_302.json,psych,losses.losses[2],null,"{""category"": ""Personality change"", ""description"": ""Psychiatric complaints (no psychiatric reports provided)"", ""caused_by_injury_id"": """"}",psychiatric content detected; one loss per case
2010_HKDC_42.json,psych,losses.losses[0],null,"{""category"": ""Personality change"", ""description"": ""I am prepared to give him the benefit of doubt by finding that he does suffer from a mild adjustment disorder as a result of the Accident."", ""caused_by_injury_id"": ""inj_002""}",psychiatric content detected; one loss per case
2011_HKCFI_1637.json,psych,losses.losses[5],null,"{""category"": ""Personality change"", ""description"": ""Both experts agree that the Plaintiff suffered from a brief psychotic disorder."", ""caused_by_injury_id"": ""inj_001""}",psychiatric content detected; one loss per case
2011_HKCFI_206.json,psych,losses.losses[5],null,"{""category"": ""Personality change"", ""description"": ""PTSD with depressive features in direct consequence of the Accident and related aftermath"", ""caused_by_injury_id"": ""inj_003""}",psychiatric content detected; one loss per case
2011_HKCFI_214.json,psych,losses.losses[0],null,"{""category"": ""Personality change"", ""description"": ""Dr Wong believed her responses were indicative of exaggeration of mental symptoms. He considered her to be suffering from mild adjustment disorder with depressed mood as a result of the accident."", ""caused_by_injury_id"": ""inj_003""}",psychiatric content detected; one loss per case
2011_HKCFI_295.json,psych,losses.losses[5],null,"{""category"": ""Personality change"", ""description"": ""he meets sufficient criteria for the diagnosis of post-traumatic stress disorder (“PTSD”) it is common ground that the Plaintiff suffers from pre-existing bipolar disorder... On the other hand, although the collision was of moderate severity, it was certainly not trivial. It is reasonably arguable that the Accident has been a frightening experience for the Plaintiff. Even Dr Singer accepts that the Plaintiff has experienced significant stressors, including the Accident that is serious enough to threaten life or serious physical injury. he has also been suffering from pre-existing bipolar II disorder since 2002 with fair remission upon treatment. he was diagnosed to suffer from bipolar affective disorder, and was maintained on mood stabilisers and regular psychiatric follow-up."", ""caused_by_injury_id"": ""inj_003""}",psychiatric content detected; one loss per case
2011_HKCFI_361.json,psych,losses.losses[5],null,"{""category"": ""Personality change"", ""description"": ""She was diagnosed as suffering from post traumatic stress disorder"", ""caused_by_injury_id"": ""inj_003""}",psychiatric content detected; one loss per case
2011_HKCFI_362.json,psych,losses.losses[4],null,"{""category"": ""Personality change"", ""description"": ""She was diagnosed as suffering from post traumatic stress disorder and referred to the clinical psychologist of Castle Peak Hospital, who prescribed anti-depressants."", ""caused_by_injury_id"": ""inj_003""}",psychiatric content detected; one loss per case
2011_HKCFI_417.json,psych,losses.losses[3],null,"{""category"": ""Personality change"", ""description"": ""adjustment disorder with symptoms of depressed mood, worries about physical symptoms, problems at work, financial difficulty, relationship problems with family members, pessimistic ideas, sexual problems, suicidal idea and sleep problem"", ""caused_by_injury_id"": """"}",psychiatric content detected; one loss per case
2011_HKCFI_476.json,psych,losses.losses[5],null,"{""category"": ""Personality change"", ""description"": ""exaggerated anxiety about falling from her wheelchair and recurring nightmares (psychological sequelae)"", ""caused_by_injury_id"": ""inj_001""}",psychiatric content detected; one loss per case
2011_HKCFI_500.json,psych,losses.losses[4],null,"{""category"": ""Personality change"", ""description"": ""he started receiving psychiatric treatment from United Christian Hospital. He also experienced mood changes, becoming depressive and irritable at times. He was clinically diagnosed as suffering from post-traumatic stress disorder. “Residual mood symptoms will likely be persisting into considerable time in future. They will probably to some extent impair his power of attention and concentration if he is to be engaged in any sorts of open employment.”"", ""caused_by_injury_id"": ""inj_004""}",psychiatric content detected; one loss per case
2011_HKDC_136.json,psych,losses.losses[0],null,"{""category"": ""Personality change"", ""description"": ""adjustment disorder with mixed anxiety and depressed mood (depressive disorder and phobia)"", ""caused_by_injury_id"": """"}",psychiatric content detected; one loss per case
2011_HKDC_1562.json,psych,losses.losses[2],null,"{""category"": ""Personality change"", ""description"": ""depressed mood, poor sleep, fearfulness, pessimistic thinking; diagnosed of mixed anxiety and depressive disorder"", ""caused_by_injury_id"": """"}",psychiatric content detected; one loss per case
2011_HKDC_162.json,psych,losses.losses[3],null,"{""category"": ""Personality change"", ""description"": ""“Firstly, Schizoaffective Disorder (DSM code 297.70): She has been diagnosed to be suffering from Schizoaffective disorder since 1996 which was well documented in medial notes of Castle Peak Hospital. It is a pre existing psychiatric condition present before the accident….. In a medical report written by Dr. Yan Wing Shan of Tuen Mun Hospital, Department of Medicine & Geriatrics dated 17th June 2011, Dr Yan stated the Plaintiff was seen by psychiatrists who considered her to have suffered from “schizoaffective disorder to be in partial remission but there was no PTSD or acute psychiatric problem.” “Secondly, Adjustment Disorder with Depressed Mood (DSM code: 309.0): Her mood is mildly depressed and irritable. She worries about future work capacity and finance. Her sleep is disturbed by pain. She lacks energy. She has concentration and memory problems. Adjustment Disorder is defined as the development of emotional or behavior symptoms in response to an identifiable stressor. In her case, the physical injury due to the accident has been the cause of her Adjustment Disorder. The pain and physical disabilities and the subsequent employment and financial difficulties have played significant roles as continuing stressors. In her case, the physical pain and disabilities should be very mild given the injury was mild.” In Dr. Nadasa Liu’s report dated 27th April 2010, she identified: “Ms Man had adjustment disorder with anxious mood secondary to the traffic accident. She also had history of schizoaffective disorder but she showed no insight and refused medication.” “In her case, the physical injuries of the 1st Accident and the subsequent employment and financial difficulties are the main identifiable stressors that cause the Adjustment Disorder with Depressed Mood. The abovementioned symptoms have their onset occurred before the second accident happened. And the employment and financial difficulties have been present before the occurrence of the 2nd accident….. She has developed Adjustment Disorder with Depressed Mood mainly due to occurrence of [the] 1st Accident.” “Immediately after the accident, the Plaintiff was sent to the A&E Department of Pamela Youde Nethersole Eastern Hospital, she was found to suffer from tenderness over neck and lower back and was subsequently admitted to the Orthopaedic ward of the same hospital (\""PYNEH\"").\"" “The kind of minor soft tissue injury, some residual pain is not uncommon but severity should not be as marked as that of Ms. Man. ... As for Ms Man, I believe she probably has some mild residual pain as a result of the minor soft tissue injury, however, the severe symptoms should be mainly the result of psychiatric problem.”"", ""caused_by_injury_id"": ""inj_001""}",psychiatric content detected; one loss per case
2011_HKDC_2.json,psych,losses.losses[2],null,"{""category"": ""Personality change"", ""description"": ""adjustment disorder with depressed mood psychiatric illness adjustment disorder"", ""caused_by_injury_id"": ""inj_003""}",psychiatric content detected; one loss per case
2011_HKDC_48.json,psych,losses.losses[0],null,"{""category"": ""Personality change"", ""description"": ""she had been referred to attend psychiatry consultant and was diagnosed to have depressive symptoms and depressive disorder. The doctors note that the Plaintiff is quite depressed. She is under psychiatric treatment since 2005 for another incident."", ""caused_by_injury_id"": ""inj_004""}",psychiatric content detected; one loss per case
2012_HKCFI_1004.json,psych,losses.losses[3],null,"{""category"": ""Personality change"", ""description"": ""Dr Wong\u0002s diagnosis was that as a result of the Incident, the plaintiff suffered from Adjustment Disorder with Mixed Anxiety and Depressed Mood."", ""caused_by_injury_id"": ""inj_001""}",psychiatric content detected; one loss per case
2012_HKCFI_1072.json,psych,losses.losses[4],null,"{""category"": ""Personality change"", ""description"": ""When seen by the clinical psychologist at WKPC on 3 June 2011, the plaintiff was noted to be a case of \""mild depression, ?AN\"" referred for psychotherapy. In summary, Dr Kwan concluded that the plaintiff suffered from Major Depressive Episode mild in severity (ICD-10) with no anxiety and psychotic symptoms."", ""caused_by_injury_id"": ""inj_006""}",psychiatric content detected; one loss per case
2012_HKCFI_1679.json,psych,losses.losses[3],null,"{""category"": ""Personality change"", ""description"": ""Irritability / temper outbursts / reduced frustration tolerance / neurobehavioural impairment"", ""caused_by_injury_id"": ""inj_001""}",psychiatric content detected; one loss per case
2012_HKCFI_1735.json,psych,losses.losses[1],null,"{""category"": ""Personality change"", ""description"": ""The Plaintiff was diagnosed of suffering from major depressive disorder by Registered Clinical Psychologist Dr Tommy Chan."", ""caused_by_injury_id"": ""inj_001""}",psychiatric content detected; one loss per case
2012_HKCFI_1829.json,psych,losses.losses[9],null,"{""category"": ""Personality change"", ""description"": ""Major depressive disorder with depressed mood, reduced interest and pleasure, social withdrawal and frequent suicidal ideas (psychiatric sequela)"", ""caused_by_injury_id"": ""inj_002""}",psychiatric content detected; one loss per case
2012_HKCFI_1998.json,psych,losses.losses[3],null,"{""category"": ""Personality change"", ""description"": ""Persistent depressed mood. Avoids conversation and thoughts of the accident; avoids socializing; cold to others; irritability; sense of foreshortened future in career; feels detached from others."", ""caused_by_injury_id"": ""inj_001""}",psychiatric content detected; one loss per case
2012_HKCFI_506.json,psych,losses.losses[6],null,"{""category"": ""Personality change"", ""description"": ""Dr Chen opined that the plaintiff’s complaints caused by the Accident were compatible with Major Depressive Disorder, Single Episode, Moderate Severity under DSM-IV."", ""caused_by_injury_id"": ""inj_004""}",psychiatric content detected; one loss per case
2012_HKCFI_684.json,psych,losses.losses[1],null,"{""category"": ""Personality change"", ""description"": ""the plaintiff suffered from a major depressive disorder with psychotic features requiring further psychiatric treatment."", ""caused_by_injury_id"": ""inj_004""}",psychiatric content detected; one loss per case
2012_HKCFI_948.json,psych,losses.losses[1],null,"{""category"": ""Personality change"", ""description"": ""depression with attendant personality and behavioral changes"", ""caused_by_injury_id"": ""inj_001""}",psychiatric content detected; one loss per case
2012_HKDC_1608.json,psych,losses.losses[3],null,"{""category"": ""Personality change"", ""description"": ""post-traumatic stress disorder"", ""caused_by_injury_id"": ""inj_003""}",psychiatric content detected; one loss per case
2012_HKDC_196.json,psych,losses.losses[4],null,"{""category"": ""Personality change"", ""description"": ""Drs Lai and Ho agreed the plaintiff suffered from adjustment disorder with mixed anxiety and depressed mood."", ""caused_by_injury_id"": ""inj_002""}",psychiatric content detected; one loss per case
2012_HKDC_20.json,psych,losses.losses[3],null,"{""category"": ""Personality change"", ""description"": ""Both Dr Chow and Dr Chen agreed that Johnny Wong suffered from (1) Adjustment Disorder with Mixed Anxiety and Depressive Mood (Code 309.0) and (2) PTSD (Code 309.81). Both Dr Chow and Dr Chen agreed that Johnny Wong suffered from (1) Adjustment Disorder with Mixed Anxiety and Depressive Mood (Code 309.0) and (2) PTSD (Code 309.81)."", ""caused_by_injury_id"": ""inj_002""}",psychiatric content detected; one loss per case
2013_HKCFI_1223.json,psych,losses.losses[3],null,"{""category"": ""Personality change"", ""description"": ""I find the plaintiff suffered soft tissue injury. I rely on the evidence of Dr Chun, Dr Lung and Dr Singer. I do not adopt the opinion of Dr Lee. I find the plaintiff suffered from mild soft tissue injury and after the accident, he had suffered mild PTSD. It is recorded that the plaintiff complained that he had impairment of sleep associated with neck pain 10 odd days after the accident. He also had nightmares – of driving and walking on street and being hit by cars."", ""caused_by_injury_id"": ""inj_002""}",psychiatric content detected; one loss per case
2013_HKCFI_1815.json,psych,losses.losses[4],null,"{""category"": ""Personality change"", ""description"": ""In March 2011, some 11 months after the accident, a psychiatric assessment diagnosed suspected post-traumatic stress disorder, the indicators being poor sleep and appetite, depressed mood and flashbacks of the accident."", ""caused_by_injury_id"": ""inj_002""}",psychiatric content detected; one loss per case
2013_HKCFI_392.json,psych,losses.losses[5],null,"{""category"": ""Personality change"", ""description"": ""Adjustment disorder with features of post-traumatic stress disorder including irritable mood, recurring nightmares, flashbacks, sleep disturbance and avoidance"", ""caused_by_injury_id"": """"}",psychiatric content detected; one loss per case
2013_HKCFI_463.json,psych,losses.losses[4],null,"{""category"": ""Personality change"", ""description"": ""acute distress disorder (subclinical level) / persistent fear and flashback"", ""caused_by_injury_id"": """"}",psychiatric content detected; one loss per case
2013_HKCFI_606.json,psych,losses.losses[5],null,"{""category"": ""Personality change"", ""description"": ""PTSD which was in partial remission post-traumatic stress disorder (\""PTSD\"")"", ""caused_by_injury_id"": ""inj_004""}",psychiatric content detected; one loss per case
2013_HKCFI_991.json,psych,losses.losses[2],null,"{""category"": ""Personality change"", ""description"": ""I am of the view that for a case of a relatively non-violent accident with only soft tissue injury, even if there was some psychological/psychiatric element, a claim of HK$500,000 would be wildly optimistic. There was also some indication of an “egg skull rule”-type argument regarding the MRI findings of pre-existing spine degeneration, as well as some indication of a psychological/psychiatric explanation of the abnormal “pain behaviour”."", ""caused_by_injury_id"": ""inj_001""}",psychiatric content detected; one loss per case
2013_HKDC_1463.json,psych,losses.losses[3],null,"{""category"": ""Personality change"", ""description"": ""not able to sleep well; suffer from irritable mood; depression and anxiety and cannot control his temper; low self-esteem and self-image due to his reduced work capacity"", ""caused_by_injury_id"": """"}",psychiatric content detected; one loss per case
2013_HKDC_68.json,psych,losses.losses[2],null,"{""category"": ""Personality change"", ""description"": ""Dr Wong opined that as a result of the assaults, TJM suffered from post-traumatic stress disorder (PTSD)."", ""caused_by_injury_id"": ""inj_001""}",psychiatric content detected; one loss per case
2014_HKCFI_1114.json,psych,losses.losses[0],null,"{""category"": ""Personality change"", ""description"": ""As for the parties’ Psychiatric experts, both diagnosed adjustment disorder and agreed that the plaintiff was capable of returning to pre-accident employment with efficiency and tolerance affected “to a very mild degree”."", ""caused_by_injury_id"": ""inj_003""}",psychiatric content detected; one loss per case
2014_HKCFI_1421.json,psych,losses.losses[3],null,"{""category"": ""Personality change"", ""description"": ""adjustment disorder with depressed mood"", ""caused_by_injury_id"": ""inj_002""}",psychiatric content detected; one loss per case
2014_HKCFI_1463.json,psych,losses.losses[5],null,"{""category"": ""Personality change"", ""description"": ""the plaintiff attended the West Kowloon Psychiatric Centre (“WKPC”) in December 2009 and was diagnosed as suffering from adjustment disorder with prolonged depression reaction."", ""caused_by_injury_id"": ""inj_003""}",psychiatric content detected; one loss per case
2014_HKDC_1037.json,psych,losses.losses[5],null,"{""category"": ""Personality change"", ""description"": ""the plaintiff actually suffered from Adjustment Disorder and the Accident is the direct cause of the plaintiff’s psychiatric injury of Adjustment Disorder."", ""caused_by_injury_id"": ""inj_003""}",psychiatric content detected; one loss per case
2014_HKDC_1159.json,psych,losses.losses[1],null,"{""category"": ""Personality change"", ""description"": ""left ring finger cut resulting in (i) pain, stiffness, weakness, numbness and hypersensitivity; and (ii) psychiatric impairment"", ""caused_by_injury_id"": ""inj_001""}",psychiatric content detected; one loss per case
2014_HKDC_40.json,psych,losses.losses[4],null,"{""category"": ""Personality change"", ""description"": ""As a result of the Incident, the plaintiff developed psychiatric symptoms of PTSD with moderate intensity."", ""caused_by_injury_id"": ""inj_002""}",psychiatric content detected; one loss per case
2014_HKDC_456.json,psych,losses.losses[2],null,"{""category"": ""Personality change"", ""description"": ""the psychiatric report of the plaintiff reveals that the plaintiff suffers from delusional disorder"", ""caused_by_injury_id"": ""inj_008""}",psychiatric content detected; one loss per case
2014_HKDC_708.json,psych,losses.losses[1],null,"{""category"": ""Personality change"", ""description"": ""Dr Dong made a diagnosis of Post Traumatic Stress Disorder and concluded that such was the result of her traumatic experience in the Incident. She has been attending regular counselling sessions with Ms Yu Pik Lai Alice, counselor (“Ms Yu”) since 15 March 2011 and psychiatric treatment from Dr Jimmy Dong, specialist in psychiatry, since 17 October 2011."", ""caused_by_injury_id"": ""inj_001""}",psychiatric content detected; one loss per case
2014_HKDC_789.json,psych,losses.losses[1],null,"{""category"": ""Personality change"", ""description"": ""Psychological effects such as anxiety over future career problems"", ""caused_by_injury_id"": ""inj_001""}",psychiatric content detected; one loss per case
2015_HKCFI_1238.json,psych,losses.losses[4],null,"{""category"": ""Personality change"", ""description"": ""mixed anxiety and depressive disorder (psychiatric symptoms: low mood, irritability, loss of interest, poor sleep, occasional suicidal thoughts, reduced social interaction)"", ""caused_by_injury_id"": ""inj_002""}",psychiatric content detected; one loss per case
2015_HKCFI_1254.json,psych,losses.losses[3],null,"{""category"": ""Personality change"", ""description"": ""Insomnia, nightmares and depressive mood Diagnosis of Adjustment Disorder with Depressed Mood"", ""caused_by_injury_id"": """"}",psychiatric content detected; one loss per case
2015_HKCFI_1421.json,psych,losses.losses[0],null,"{""category"": ""Personality change"", ""description"": ""The plaintiff had suffered from an adjustment disorder with depressed mood according to the DSM-IV diagnostic criteria. It was compatible that the adjustment disorder was caused by the accident."", ""caused_by_injury_id"": ""inj_006""}",psychiatric content detected; one loss per case
2015_HKCFI_1517.json,psych,losses.losses[5],null,"{""category"": ""Personality change"", ""description"": ""the plaintiff hasbeen suffering from post-traumatic stress disorder (PTSD) as a result of the accident. Based on available medical documents, Dr Lai was satisfied that the plaintiff was suffering from PTSD caused by the accident."", ""caused_by_injury_id"": ""inj_003""}",psychiatric content detected; one loss per case
2015_HKCFI_1699.json,psych,losses.losses[3],null,"{""category"": ""Personality change"", ""description"": ""The plaintiff was also diagnosed with adjustment disorder and PTSD, suffering from depression, anxiety, low mood irritability, insomnia, frequent flashbacks and nightmares. He is still on anti depressant medication. Although his mental health has improved, further psychiatric treatment and medication is required."", ""caused_by_injury_id"": ""inj_008""}",psychiatric content detected; one loss per case
2015_HKCFI_1894.json,psych,losses.losses[4],null,"{""category"": ""Personality change"", ""description"": ""she is left with “a 3.5 cm vertical scar extending from her forehead, between the eyebrows, to the right side of her bony nasal bridge”, “a 1.5 cm faint scar, involving both the skin and the mucosa, over the right side of her upper lip”, “a mild depression…over her left nasal bone” and “a quite inconspicuous hump…over the nasal bridge”. (see Joint ENT expert report). She was diagnosed as suffering from PTSD and Adjustment Disorder with depressive features."", ""caused_by_injury_id"": ""inj_004""}",psychiatric content detected; one loss per case
2015_HKCFI_255.json,psych,losses.losses[6],null,"{""category"": ""Personality change"", ""description"": ""Dr Chan recorded in the letter that the plaintiff has history of depression and has been seen by Integrated Mental Health Program in July and August 2013. Allegedly she was suicidal and once even went to a roof of a building. Dr Pao stated that the plaintiff was first known to the West Kowloon Psychiatric Centre in February 2014 because of low mood after the Accident. She was diagnosed to have a depressive episode secondary to he1r physical pain."", ""caused_by_injury_id"": ""inj_003""}",psychiatric content detected; one loss per case
2015_HKCFI_834.json,psych,losses.losses[1],null,"{""category"": ""Personality change"", ""description"": ""Dr Kwan diagnosed Post-Traumatic Stress Disorder (“PTSD”) and prescribed anxiolytics, later changed to antidepressants and hypnotics. He was diagnosed to be suffering from PTSD with a differential diagnosis of depression."", ""caused_by_injury_id"": ""inj_001""}",psychiatric content detected; one loss per case
2015_HKCFI_942.json,psych,losses.losses[2],null,"{""category"": ""Personality change"", ""description"": ""Mr Tang also developed adjustment disorder with depressive features and was treated with medications as well as cognitive behavioural therapy. According to the medical evidence, by 12 May 2011, or about 8 months after the accident, Mr Tang\u0019s wounds were healed and the improvement of hand function has become static with residual stiffness and weakness. According to Dr Chow, a further 12 months of sick leave from the date of the first consultation on psychiatric ground was appropriate."", ""caused_by_injury_id"": ""inj_002""}",psychiatric content detected; one loss per case
2015_HKCFI_953.json,psych,losses.losses[6],null,"{""category"": ""Personality change"", ""description"": ""Dr Lai found such psychiatric symptoms compatible with an adjustment disorder with depressed mood."", ""caused_by_injury_id"": ""inj_005""}",psychiatric content detected; one loss per case
2015_HKDC_1046.json,psych,losses.losses[3],null,"{""category"": ""Personality change"", ""description"": ""經常澈夜難眠，寢食不安，精神和身體都受到極大傷害，不能再過正常人的生活，已患精神抑鬱症，達到 “傷殘” 程度。 I first received treatment at Lady Trench General out-patient Clinic on 17th November 2009 for my insomnia, depressed mood, headache and dizziness. I was diagnosed as suffering from depression. I was given medication for two weeks. the plaintiff was in substance seeking damages for his depression which falls within the meaning of \""personal injuries\"" as defined in the Ordinance in that depression is a disease or impairment of his mental condition."", ""caused_by_injury_id"": ""inj_001""}",psychiatric content detected; one loss per case
2015_HKDC_1204.json,psych,losses.losses[0],null,"{""category"": ""Personality change"", ""description"": ""depressed mood / dysthymia / adjustment disorder"", ""caused_by_injury_id"": ""inj_002""}",psychiatric content detected; one loss per case
2015_HKDC_1337.json,psych,losses.losses[3],null,"{""category"": ""Personality change"", ""description"": ""In her report made in January 2014, Dr Yuen stated her diagnosis to be post-traumatic stress disorder as a result of the Incident The diagnosis was post-traumatic stress disorder and depressive disorder. In her report made in February 2015, Dr Tsang stated that back in 2012 the defendant was suffering from active symptoms of depression and that her depression was caused by the Incident. The diagnosis was post-traumatic stress disorder and depressive disorder."", ""caused_by_injury_id"": ""inj_004""}",psychiatric content detected; one loss per case
2015_HKDC_1397.json,psych,losses.losses[4],null,"{""category"": ""Personality change"", ""description"": ""For reason of the persisted pain, the plaintiff was depressed and developed suicidal idea. Her psychiatric symptoms surfaced in or about February 2013. Dr Kwan opined that plaintiff was suffering from major depressive disorder of which the stressor was the residual pain and long term consequence arising from her physical symptoms."", ""caused_by_injury_id"": ""inj_002""}",psychiatric content detected; one loss per case
2015_HKDC_1499.json,psych,losses.losses[2],null,"{""category"": ""Personality change"", ""description"": ""depression for 3 years"", ""caused_by_injury_id"": """"}",psychiatric content detected; one loss per case
2015_HKDC_499.json,psych,losses.losses[3],null,"{""category"": ""Personality change"", ""description"": ""mood pervasively low (psychiatric)"", ""caused_by_injury_id"": """"}",psychiatric content detected; one loss per case
2015_HKDC_678.json,psych,losses.losses[3],null,"{""category"": ""Personality change"", ""description"": ""Dr. Li diagnosed the defendant was suffered from post traumatic stress disorder and depressive disorder (moderate to severe)."", ""caused_by_injury_id"": ""inj_004""}",psychiatric content detected; one loss per case
2015_HKDC_838.json,psych,losses.losses[0],null,"{""category"": ""Personality change"", ""description"": ""it stated that the 4th plaintiff attended for “psychiatric assessment” on 27 September 2014. It further stated that the 4th plaintiff was “diagnosed with Adjustment Disorder With Anxiety”. “On examination, [the 4th plaintiff] was diagnosed with Adjustment Disorder With Anxiety” (paragraph 1)"", ""caused_by_injury_id"": ""inj_001""}",psychiatric content detected; one loss per case
2016_HKCFI_1337.json,psych,losses.losses[4],null,"{""category"": ""Personality change"", ""description"": ""She was diagnosed as suffering from Depression."", ""caused_by_injury_id"": ""inj_003""}",psychiatric content detected; one loss per case
2016_HKCFI_1444.json,psych,losses.losses[2],null,"{""category"": ""Personality change"", ""description"": ""A diagnosis of \""post‑concussional syndrome\"" was made. the psychiatric experts... agreed that Mr Tahir has postconcussional syndrome. One psychiatric expert also diagnosed adjustment disorder in addition but both agreed that \""the impairment due to the mental problem is mild.\"""", ""caused_by_injury_id"": ""inj_003""}",psychiatric content detected; one loss per case
2016_HKCFI_1709.json,psych,losses.losses[4],null,"{""category"": ""Personality change"", ""description"": ""depressive psychiatric condition"", ""caused_by_injury_id"": ""inj_004""}",psychiatric content detected; one loss per case
2016_HKCFI_1925.json,psych,losses.losses[2],null,"{""category"": ""Personality change"", ""description"": ""He was first seen on 9 January 2013, and was diagnosed with Adjustment Disorder, with some-clinical symptoms of PTSD and Obsessive Compulsive Disorder."", ""caused_by_injury_id"": ""inj_005""}",psychiatric content detected; one loss per case
2016_HKCFI_490.json,psych,losses.losses[2],null,"{""category"": ""Personality change"", ""description"": ""depressive mood / adjustment features"", ""caused_by_injury_id"": """"}",psychiatric content detected; one loss per case
2016_HKCFI_619.json,psych,losses.losses[6],null,"{""category"": ""Personality change"", ""description"": ""It is the case of the plaintiff that he is now suffering from head injury resulting in symptoms of post concussional syndrome and post traumatic stress disorder (“PTSD”), and/or aggravation of pre-existing psychiatric condition."", ""caused_by_injury_id"": ""inj_005""}",psychiatric content detected; one loss per case
2016_HKCFI_919.json,psych,losses.losses[4],null,"{""category"": ""Personality change"", ""description"": ""Both experts agreed that the plaintiff had suffered some soft tissue injury to his back. He suffered a contusion injury to his back and has had psychiatric symptoms. He was diagnosed with adjustment disorder and was given an anti-depressant. Dr Law's opinion was that the plaintiff suffered adjustment disorder with depressed mood wholly caused by the accident and consistent with the injury. His diagnosis was revised from adjustment disorder to psychotic depression with anti-psychotics offered."", ""caused_by_injury_id"": ""inj_004""}",psychiatric content detected; one loss per case
2016_HKDC_1140.json,psych,losses.losses[1],null,"{""category"": ""Personality change"", ""description"": ""afraid of going out alone and sometimes feel anxious"", ""caused_by_injury_id"": ""inj_001""}",psychiatric content detected; one loss per case
2016_HKDC_1304.json,psych,losses.losses[12],null,"{""category"": ""Personality change"", ""description"": ""Both doctors agreed about the diagnosis of P being adjustment disorder with depressed mood; the adjustment disorder was mainly caused by the accident and is consistent with the injury According to the medical report prepared by Dr Sham Kwan Ho of the Department of Psychiatry dated 20 May 2013, P was diagnosed to have depressive disorder."", ""caused_by_injury_id"": ""inj_002""}",psychiatric content detected; one loss per case
2016_HKDC_23.json,psych,losses.losses[3],null,"{""category"": ""Personality change"", ""description"": ""depressive mood and a lack of interest in previous hobbies"", ""caused_by_injury_id"": ""inj_001""}",psychiatric content detected; one loss per case
2016_HKDC_24.json,psych,losses.losses[2],null,"{""category"": ""Personality change"", ""description"": ""anxiety, embarrassment and acute self-consciousness while scars were visible; fear of permanent disfigurement"", ""caused_by_injury_id"": ""inj_001""}",psychiatric content detected; one loss per case
2016_HKDC_316.json,psych,losses.losses[4],null,"{""category"": ""Personality change"", ""description"": ""back was sprained while lifting a falling gate\"" and was \""scared at the scene and suffered from insomnia, depressed mood and stress-related dyspepsia\"""", ""caused_by_injury_id"": ""inj_004""}",psychiatric content detected; one loss per case
2016_HKDC_984.json,psych,losses.losses[2],null,"{""category"": ""Personality change"", ""description"": ""The Defendant was diagnosed of post-traumatic stress disorder and prescribed a course of anti-depressant in late October 2011. Subsequently, she was found to have mild to moderate depressive disorder."", ""caused_by_injury_id"": ""inj_003""}",psychiatric content detected; one loss per case
2017_HKCFI_101.json,psych,losses.losses[1],null,"{""category"": ""Personality change"", ""description"": ""The psychiatric diagnosis of Major Depressive Disorder Medical report prepared by Dr Wong Ka Yee Lydia of the Department of Psychiatry of PWH dated 25 November 2014: \""Diagnosed to suffered from depressive disorder\"" Medical report prepared by Li Ching Anna of AED PWH dated 3 November 2014: \""reported low mood and poor sleep after injury in 2012\"""", ""caused_by_injury_id"": ""inj_003""}",psychiatric content detected; one loss per case
2017_HKCFI_1130.json,psych,losses.losses[0],null,"{""category"": ""Personality change"", ""description"": ""mild residual psychiatric symptoms / adjustment disorder with depressed mood"", ""caused_by_injury_id"": """"}",psychiatric content detected; one loss per case
2017_HKCFI_1170.json,psych,losses.losses[2],null,"{""category"": ""Personality change"", ""description"": ""There is no dispute that the Plaintiff suffered from adjustment disorder after the Accident. he has fully recovered at the latest by end of November 2012. His diagnosis was revised to Delusional Disorder. When he was seen on 29 November 2013 with his wife, he was mentally stable with no active psychotic or mood symptoms elicited."", ""caused_by_injury_id"": ""inj_003""}",psychiatric content detected; one loss per case
2017_HKCFI_1336.json,psych,losses.losses[2],null,"{""category"": ""Personality change"", ""description"": ""psychiatric disorder, namely, adjustment disorder with anxiety and depressed mood. Dr Law diagnosed adjustment disorder with mixed anxiety and depressed mood, which symptoms are reactive in origin to the physical pain and are consistent with the injury sustained in the accident."", ""caused_by_injury_id"": ""inj_006""}",psychiatric content detected; one loss per case
2017_HKCFI_1693.json,psych,losses.losses[1],null,"{""category"": ""Personality change"", ""description"": ""psychiatric / psychological problems including low mood and symptoms compatible with adjustment disorder"", ""caused_by_injury_id"": """"}",psychiatric content detected; one loss per case
2017_HKCFI_2319.json,psych,losses.losses[0],null,"{""category"": ""Personality change"", ""description"": ""Mr. Burke submitted that there was disagreement between the psychiatric experts: Dr. Connell diagnosed “moderate degree of depressive disorder” and Dr. Law diagnosed “adjustment disorder with depressive mood”. Mr. Burke submitted that there was disagreement between the psychiatric experts: Dr. Connell diagnosed “moderate degree of depressive disorder” and Dr. Law diagnosed “adjustment disorder with depressive mood”."", ""caused_by_injury_id"": ""inj_001""}",psychiatric content detected; one loss per case
2017_HKCFI_781.json,psych,losses.losses[4],null,"{""category"": ""Personality change"", ""description"": ""the Mother and Father developed depressive disorder and adjustment disorder respectively. the Mother and Father developed depressive disorder and adjustment disorder respectively."", ""caused_by_injury_id"": ""inj_004""}",psychiatric content detected; one loss per case
2017_HKCFI_936.json,psych,losses.losses[4],null,"{""category"": ""Personality change"", ""description"": ""I find that the plaintiff suffered a severe head injury with mild adjustment disorder as a result of the Accident. he was found to have had a concussion, hemorrhage in the brain, fractured temporal bones, and showed signs of vomiting and amnesia. CT scan of the plaintiff revealed the following:\n\ni. Bilateral subarachnoid hemorrhage;\n\nii. Subdural hemorrhage overlying right cerebrum and along bilateral tentorium;\n\niii. Hyperdense contusions in left frontal and right temporal lobes; and\n\niv. Extraaxial hematoma in left frontal region, could be subdural or epidural hematoma. The plaintiff was diagnosed to have suffered from adjustment disorder with mixed anxiety and depressive reaction."", ""caused_by_injury_id"": ""inj_001""}",psychiatric content detected; one loss per case
2017_HKDC_10.json,psych,losses.losses[5],null,"{""category"": ""Personality change"", ""description"": ""The plaintiff was diagnosed with Post-Traumatic Stress Disorder (“PTSD”). Major Depressive Disorder, Single Episode, Moderate."", ""caused_by_injury_id"": ""inj_001""}",psychiatric content detected; one loss per case
2017_HKDC_1294.json,psych,losses.losses[3],null,"{""category"": ""Personality change"", ""description"": ""Low mood, depression, anxiety, insomnia, loss of self-confidence and self-esteem (psychiatric symptoms)"", ""caused_by_injury_id"": """"}",psychiatric content detected; one loss per case
2017_HKDC_1611.json,psych,losses.losses[5],null,"{""category"": ""Personality change"", ""description"": ""The diagnosis is post-traumatic stress disorder: “The Posttraumatic Stress Disorder started in the first one month after returning back to Indonesia. The symptoms have improved with time. Currently the level of severity is assessed to be moderate.” (at paragraph 15.7) “Her psychiatric illnesses arose directly from the Incidents that occurred while she was living and working at the home of the Defendant.” (at paragraph 15.11) She is also diagnosed with major depressive disorder: “The Major Depressive Disorder started during her time in Hong Kong and the symptoms have improved with time. Currently, the level of severity is assessed to be moderate.” (at paragraph 15.9)"", ""caused_by_injury_id"": ""inj_006""}",psychiatric content detected; one loss per case
2017_HKDC_174.json,psych,losses.losses[5],null,"{""category"": ""Personality change"", ""description"": ""diagnosed with adjustment disorder with insomnia. The plaintiff is suffering from adjustment disorder with anxiety and depressed mood, which is caused by the unsatisfactory dental treatment from 2007 to 2010."", ""caused_by_injury_id"": ""inj_003""}",psychiatric content detected; one loss per case
2017_HKDC_233.json,psych,losses.losses[2],null,"{""category"": ""Personality change"", ""description"": ""depressed mood, worries, annoyance, poor memory, poor sleep, self-blame, appetite loss and suicidality. Major Depressive Disorder, Single Episode, which was caused by the accident and from which the plaintiff has recovered."", ""caused_by_injury_id"": """"}",psychiatric content detected; one loss per case
2017_HKDC_504.json,psych,losses.losses[4],null,"{""category"": ""Personality change"", ""description"": ""nightmares, poor sleep and avoidance behaviours (post-traumatic stress reactions)"", ""caused_by_injury_id"": """"}",psychiatric content detected; one loss per case
2018_HKCFI_1463.json,psych,losses.losses[1],null,"{""category"": ""Personality change"", ""description"": ""mild adjustment disorder with mixed anxiety and depressed mood"", ""caused_by_injury_id"": ""inj_001""}",psychiatric content detected; one loss per case
2018_HKCFI_2174.json,psych,losses.losses[7],null,"{""category"": ""Personality change"", ""description"": ""He was found to have suffered from Moderate Depression Episode and Post-Traumatic Stress Disorder after the accident. Both considered P’s psychiatric problems attributable to the injury; P is now in remission but is still required to undergo psychiatric and clinical psychologist follow-up. Both experts come to the view that P had suffered from 5% permanent impairment as well as loss of earning capacity attributable to the psychiatric problem brought about by the injury."", ""caused_by_injury_id"": ""inj_005""}",psychiatric content detected; one loss per case
2018_HKCFI_327.json,psych,losses.losses[2],null,"{""category"": ""Personality change"", ""description"": ""Post-traumatic stress disorder (PTSD) and Moderate depressive episode Anxiety about traffic and fear of driving; avoidance of stimuli associated with the accident"", ""caused_by_injury_id"": """"}",psychiatric content detected; one loss per case
2018_HKCFI_569.json,psych,losses.losses[0],null,"{""category"": ""Personality change"", ""description"": ""she was diagnosed to have post-traumatic stress disorder (PTSD). she suffered from PTSD and adjustment disorder with depressed mood"", ""caused_by_injury_id"": ""inj_003""}",psychiatric content detected; one loss per case
2018_HKCFI_870.json,psych,losses.losses[4],null,"{""category"": ""Personality change"", ""description"": ""admission that the Parents suffered psychiatric injury as a result of the Incident."", ""caused_by_injury_id"": ""inj_001""}",psychiatric content detected; one loss per case
2018_HKDC_1181.json,psych,losses.losses[3],null,"{""category"": ""Personality change"", ""description"": ""Depressive mood (referred to Department of Psychiatry for assessment and management)."", ""caused_by_injury_id"": """"}",psychiatric content detected; one loss per case
2018_HKDC_1520.json,psych,losses.losses[3],null,"{""category"": ""Personality change"", ""description"": ""memory impairment, insomnia and irritability"", ""caused_by_injury_id"": ""inj_001""}",psychiatric content detected; one loss per case
2018_HKDC_332.json,psych,losses.losses[3],null,"{""category"": ""Personality change"", ""description"": ""adjustment disorder with mixed anxiety and depressed mood"", ""caused_by_injury_id"": ""inj_002""}",psychiatric content detected; one loss per case
2018_HKDC_70.json,psych,losses.losses[3],null,"{""category"": ""Personality change"", ""description"": ""Dr Hung\u0002s diagnosis was \u0002Major Depressive Disorder Single Episode, Mild\u0002."", ""caused_by_injury_id"": ""inj_001""}",psychiatric content detected; one loss per case
2019_HKDC_408.json,psych,losses.losses[1],null,"{""category"": ""Personality change"", ""description"": ""adjustment disorder with prolonged depressive reaction (diagnosed and found causally related to the persistent low back pain)"", ""caused_by_injury_id"": ""inj_001""}",psychiatric content detected; one loss per case
2019_HKDC_488.json,psych,losses.losses[4],null,"{""category"": ""Personality change"", ""description"": ""the plaintiff suffered from contusion of head, resulting into persistent headache, neck pain, insomnia and panic attack diagnosed by Dr Ting as having PTSD with hypervigilance and recurrent recollection of traumatic experiences In the Expert Report, Dr Chiu opined that the plaintiff is suffering from PTSD as Dr Ting did. It is moderate in severity."", ""caused_by_injury_id"": ""inj_002""}",psychiatric content detected; one loss per case
2019_HKDC_592.json,psych,losses.losses[2],null,"{""category"": ""Personality change"", ""description"": ""irritability and being easily agitated"", ""caused_by_injury_id"": """"}",psychiatric content detected; one loss per case
2019_HKDC_823.json,psych,losses.losses[2],null,"{""category"": ""Personality change"", ""description"": ""depressed mood"", ""caused_by_injury_id"": ""inj_001""}",psychiatric content detected; one loss per case
2020_HKDC_14.json,psych,losses.losses[0],null,"{""category"": ""Personality change"", ""description"": ""the plaintiff still has mild right facial nerve palsy (with paresis and involuntary twitching of right facial muscles), right-sided hearing loss with intermittent tinnitus and post-concussional syndrome (intermittent headaches, dizziness, subjective impairment of memory, irritability and insomnia), blurred vision, dryness and irritation of the right eye."", ""caused_by_injury_id"": ""inj_005""}",psychiatric content detected; one loss per case
2020_HKDC_1745.json,psych,losses.losses[2],null,"{""category"": ""Personality change"", ""description"": ""Both experts agreed that the plaintiff had developed PTSD following the accident, and that the PTSD was attributable to the accident."", ""caused_by_injury_id"": ""inj_004""}",psychiatric content detected; one loss per case
1998_HKCA_485.json,psych,losses.losses[4],null,"{""category"": ""Personality change"", ""description"": ""a mild degree of depression"", ""caused_by_injury_id"": ""inj_001""}",psychiatric content detected; one loss per case
1980_HKCFI_24.json,psych,losses.losses[4],null,"{""category"": ""Personality change"", ""description"": ""post-traumatic depression"", ""caused_by_injury_id"": ""inj_002""}",psychiatric content detected; one loss per case
1997_HKCFI_186.json,psych,losses.losses[6],null,"{""category"": ""Personality change"", ""description"": ""Depression characterized by depressive mood, loss of interest, energy and initiative, loss of self esteem, insomnia, poor appetite and impaired cognitive functioning; moderate to severe and likely permanent."", ""caused_by_injury_id"": ""inj_002""}",psychiatric content detected; one loss per case
2002_HKCFI_1046.json,psych,losses.losses[10],null,"{""category"": ""Personality change"", ""description"": ""psychiatric disorders and depression which require counselling"", ""caused_by_injury_id"": """"}",psychiatric content detected; one loss per case
1997_HKCFI_790.json,psych,losses.losses[7],null,"{""category"": ""Personality change"", ""description"": ""Psychiatric illness: He is suffering from Adjustment Disorder."", ""caused_by_injury_id"": ""inj_002""}",psychiatric content detected; one loss per case
2014_HKCFI_1907.json,psych,losses.losses[1],null,"{""category"": ""Personality change"", ""description"": ""The diagnosis was that he suffered from post‑traumatic stress disorder and depression."", ""caused_by_injury_id"": ""inj_004""}",psychiatric content detected; one loss per case
2008_HKCFI_670.json,psych,losses.losses[1],null,"{""category"": ""Personality change"", ""description"": ""adjustment disorder with mixed anxiety and depressed mood"", ""caused_by_injury_id"": """"}",psychiatric content detected; one loss per case
1997_HKCFI_557.json,psych,losses.losses[8],null,"{""category"": ""Personality change"", ""description"": ""depression is acute and likely to be long lasting"", ""caused_by_injury_id"": ""inj_001""}",psychiatric content detected; one loss per case
2008_HKCFI_552.json,psych,losses.losses[2],null,"{""category"": ""Personality change"", ""description"": ""diagnosed to have Moderate Depressive Episode the Adjustment Disorder with Depressive Mood"", ""caused_by_injury_id"": ""inj_003""}",psychiatric content detected; one loss per case
