source_file,output_json,neutral_citation,canonical_citation,canonical_action,recovered_citation,citation_outcome,priority,flags,red_flag_fields,null_ratio,n_injuries,n_null_icd,n_psych,n_coarse_icd,n_stopped_early,n_not_in_tree,n_multi_body_part,n_unlinked_manifestations,n_unlinked_losses,n_null_psych,n_null_preexisting,n_null_burn,n_null_symptom,n_null_other,psych_injury_ids,error
UKPC_1984_49.html.txt,1984_UKPC_49.json,[1984] UKPC 49,[1984] UKPC 49,,[1984] UKPC 49,clean,59,RED_FLAG_NULL;RED_FLAG_NULL_MEDIUM;NULL_RATIO_HIGH;SOURCE_NOISE;ZERO_INJURIES;ZERO_LOSSES;NO_PSLA_AMOUNT;NO_COMPARABLE;MULTI_PLAINTIFF,plaintiff.gender;injuries.overall_category;injuries.injuries;losses.losses;plaintiff.age_at_accident;plaintiff.occupation_before;psla.amount,0.750,0,0,0,0,0,0,0,0,0,0,0,0,0,0,,
HKCFI_1989_191.html.txt,1989_HKCFI_191.json,[1989] HKCFI 191,[1989] HKCFI 191,HCAJ 209/1984,[1989] HKCFI 191,clean,55,RED_FLAG_NULL;RED_FLAG_NULL_MEDIUM;NULL_RATIO_HIGH;ICD_STOPPED_EARLY;INJURY_MULTI_BODY_PART;NULL_ICD_SYMPTOM;NULL_ICD_OTHER;COARSE_ICD_NODE;NULL_ICD_PSYCH;PSYCH_DETECTED;NO_PSLA_AMOUNT;NO_COMPARABLE,plaintiff.gender;injuries.overall_category;plaintiff.age_at_accident;plaintiff.occupation_before;psla.amount,0.750,20,5,1,1,1,0,7,0,0,1,0,0,1,3,"inj_007,inj_016",
HKCFI_2006_94.html.txt,2006_HKCFI_94.json,[2006] HKCFI 94,[2006] HKCFI 94,HCPI 459/2004,[2006] HKCFI 94,clean,53,RED_FLAG_NULL;RED_FLAG_NULL_MEDIUM;NULL_RATIO_HIGH;COARSE_ICD_NODE;INJURY_MULTI_BODY_PART;NULL_ICD_OTHER;UNLINKED_MANIFESTATION;TREATMENT_CONTAMINATED;ZERO_LOSSES,plaintiff.gender;injuries.overall_category;losses.losses;plaintiff.age_at_accident,0.542,6,1,0,2,0,0,2,19,0,0,0,0,0,1,,
HKCFI_1997_766.html.txt,1997_HKCFI_766.json,[1997] HKCFI 766,[1997] HKCFI 766,HCPI 750/1996,[1997] HKCFI 766,clean,52,RED_FLAG_NULL;RED_FLAG_NULL_MEDIUM;NULL_RATIO_HIGH;COARSE_ICD_NODE;INJURY_MULTI_BODY_PART;ICD_STOPPED_EARLY;UNLINKED_MANIFESTATION;ZERO_LOSSES;MULTI_PLAINTIFF,plaintiff.gender;losses.losses,0.500,5,0,0,1,1,0,3,4,0,0,0,0,0,0,,
HKCFI_2009_2062.html.txt,2009_HKCFI_2062.json,[2009] HKCFI 2062,[2009] HKCFI 2062,HCAL 11/2007,[2009] HKCFI 2062,clean,52,RED_FLAG_NULL;RED_FLAG_NULL_MEDIUM;NULL_RATIO_HIGH;UNLINKED_LOSS;SOURCE_NOISE;ZERO_INJURIES;NO_PSLA_AMOUNT;NO_COMPARABLE;MULTI_PLAINTIFF,plaintiff.gender;injuries.overall_category;injuries.injuries;plaintiff.age_at_accident;plaintiff.occupation_before;psla.amount,0.750,0,0,0,0,0,0,0,0,4,0,0,0,0,0,,
HKDC_2016_984.html.txt,2016_HKDC_984.json,[2016] HKDC 984,[2016] HKDC 984,DCPI 1665/2011,[2016] HKDC 984,clean,52,RED_FLAG_NULL;RED_FLAG_NULL_MEDIUM;NULL_RATIO_HIGH;COARSE_ICD_NODE;NULL_ICD_PSYCH;NULL_ICD_OTHER;UNLINKED_MANIFESTATION;SOURCE_NOISE;PSYCH_DETECTED;MULTI_PLAINTIFF,plaintiff.gender;injuries.overall_category;plaintiff.age_at_accident,0.667,6,3,1,1,0,0,0,2,0,2,0,0,0,1,"inj_003,inj_004",
HKDC_2016_1425.html.txt,2016_HKDC_1425.json,[2016] HKDC 1425,[2016] HKDC 1425,DCPI 2733/2012,[2016] HKDC 1425,clean,50,RED_FLAG_NULL;RED_FLAG_NULL_MEDIUM;NULL_RATIO_HIGH;UNLINKED_LOSS;SOURCE_NOISE;ZERO_INJURIES;NO_COMPARABLE,plaintiff.gender;injuries.overall_category;injuries.injuries;plaintiff.age_at_accident;plaintiff.occupation_before,0.708,0,0,0,0,0,0,0,0,2,0,0,0,0,0,,
HKDC_2017_727.html.txt,2017_HKDC_727.json,[2017] HKDC 727,[2017] HKDC 727,DCPI 1236/2014,[2017] HKDC 727,clean,50,RED_FLAG_NULL;RED_FLAG_NULL_MEDIUM;NULL_RATIO_HIGH;COARSE_ICD_NODE;SOURCE_NOISE;PSYCH_DETECTED;PSYCH_NO_PERSONALITY_CHANGE_LOSS,plaintiff.gender;injuries.overall_category;plaintiff.age_at_accident,0.500,1,0,1,1,0,0,0,0,0,0,0,0,0,0,,
HKDC_2006_194.html.txt,2006_HKDC_194.json,[2006] HKDC 194,[2006] HKDC 194,DCPI 171/2005,[2006] HKDC 194,clean,49,RED_FLAG_NULL;RED_FLAG_NULL_MEDIUM;NULL_RATIO_HIGH;ICD_STOPPED_EARLY;NULL_ICD_SYMPTOM;UNLINKED_MANIFESTATION;ZERO_LOSSES;NO_PSLA_AMOUNT;MULTI_PLAINTIFF,plaintiff.gender;losses.losses;plaintiff.age_at_accident;plaintiff.occupation_before;psla.amount,0.667,6,1,0,0,1,0,0,2,0,0,0,0,1,0,,
HKCFI_2008_460.html.txt,2008_HKCFI_460.json,[2008] HKCFI 460,[2008] HKCFI 460,HCPI 894/2006,[2008] HKCFI 460,clean,48,RED_FLAG_NULL;RED_FLAG_NULL_MEDIUM;NULL_RATIO_HIGH;UNLINKED_MANIFESTATION;ZERO_INJURIES;ZERO_LOSSES;NO_PSLA_AMOUNT;NO_COMPARABLE,plaintiff.gender;injuries.overall_category;injuries.injuries;losses.losses;plaintiff.age_at_accident;plaintiff.occupation_before;psla.amount,0.708,0,0,0,0,0,0,0,2,0,0,0,0,0,0,,
HKCFI_2008_748.html.txt,2008_HKCFI_748.json,[2008] HKCFI 748,[2008] HKCFI 748,HCPI 1005/2006,[2008] HKCFI 748,clean,48,RED_FLAG_NULL;RED_FLAG_NULL_MEDIUM;NULL_RATIO_HIGH;ICD_STOPPED_EARLY;INJURY_MULTI_BODY_PART;COARSE_ICD_NODE;TREATMENT_CONTAMINATED;PSYCH_DETECTED,plaintiff.gender;injuries.overall_category,0.500,6,0,1,1,1,0,2,0,0,0,0,0,0,0,,
HKCFI_2014_180.html.txt,2014_HKCFI_180.json,[2014] HKCFI 180,[2014] HKCFI 180,HCPI 100/2009,[2014] HKCFI 180,clean,48,RED_FLAG_NULL;RED_FLAG_NULL_MEDIUM;NULL_RATIO_HIGH;UNLINKED_MANIFESTATION;ZERO_INJURIES;ZERO_LOSSES;NO_PSLA_AMOUNT;NO_COMPARABLE,plaintiff.gender;injuries.overall_category;injuries.injuries;losses.losses;plaintiff.age_at_accident;plaintiff.occupation_before;psla.amount,0.625,0,0,0,0,0,0,0,3,0,0,0,0,0,0,,
HKCA_1984_201.html.txt,1984_HKCA_201.json,[1984] HKCA 201,[1984] HKCA 201,CACV 153/1982,[1984] HKCA 201,clean,47,RED_FLAG_NULL;RED_FLAG_NULL_MEDIUM;NULL_RATIO_HIGH;ZERO_INJURIES;ZERO_LOSSES;NO_PSLA_AMOUNT;NO_COMPARABLE;MULTI_PLAINTIFF,plaintiff.gender;injuries.overall_category;injuries.injuries;losses.losses;plaintiff.age_at_accident;plaintiff.occupation_before;psla.amount,0.750,0,0,0,0,0,0,0,0,0,0,0,0,0,0,,
HKDC_2009_245.html.txt,2009_HKDC_245.json,[2009] HKDC 245,[2009] HKDC 245,DCEC 224/2002,[2009] HKDC 245,clean,47,RED_FLAG_NULL;RED_FLAG_NULL_MEDIUM;NULL_RATIO_HIGH;UNLINKED_MANIFESTATION;ZERO_INJURIES;ZERO_LOSSES;NO_COMPARABLE,plaintiff.gender;injuries.overall_category;injuries.injuries;losses.losses;plaintiff.occupation_before,0.542,0,0,0,0,0,0,0,4,0,0,0,0,0,0,,
HKCFI_2011_484.html.txt,2011_HKCFI_484.json,[2011] HKCFI 484,[2011] HKCFI 484,HCPI 760/2009,[2011] HKCFI 484,clean,47,RED_FLAG_NULL;RED_FLAG_NULL_MEDIUM;NULL_RATIO_HIGH;UNLINKED_MANIFESTATION;ZERO_INJURIES;ZERO_LOSSES;NO_COMPARABLE,plaintiff.gender;injuries.overall_category;injuries.injuries;losses.losses;plaintiff.age_at_accident,0.667,0,0,0,0,0,0,0,1,0,0,0,0,0,0,,
HKCFI_2014_2156.html.txt,2014_HKCFI_2156.json,[2014] HKCFI 2156,[2014] HKCFI 2156,HCPI 633/2011,[2014] HKCFI 2156,clean,47,RED_FLAG_NULL;RED_FLAG_NULL_MEDIUM;NULL_RATIO_HIGH;ZERO_INJURIES;ZERO_LOSSES;NO_PSLA_AMOUNT;NO_COMPARABLE;MULTI_PLAINTIFF,plaintiff.gender;injuries.overall_category;injuries.injuries;losses.losses;plaintiff.age_at_accident;plaintiff.occupation_before;psla.amount,0.750,0,0,0,0,0,0,0,0,0,0,0,0,0,0,,
HKDC_2014_1045.html.txt,2014_HKDC_1045.json,[2014] HKDC 1045,[2014] HKDC 1045,DCPI 2489/2013,[2014] HKDC 1045,clean,47,RED_FLAG_NULL;RED_FLAG_NULL_MEDIUM;NULL_RATIO_HIGH;UNLINKED_MANIFESTATION;UNLINKED_LOSS;TREATMENT_CONTAMINATED;ZERO_INJURIES;NO_PSLA_AMOUNT,plaintiff.gender;injuries.overall_category;injuries.injuries;plaintiff.age_at_accident;psla.amount,0.708,0,0,0,0,0,0,0,4,2,0,0,0,0,0,,
HKDC_2019_377.html.txt,2019_HKDC_377.json,[2019] HKDC 377,[2019] HKDC 377,DCPI 1665/2011,[2019] HKDC 377,clean,47,RED_FLAG_NULL;RED_FLAG_NULL_MEDIUM;NULL_RATIO_HIGH;ZERO_INJURIES;ZERO_LOSSES;NO_PSLA_AMOUNT;NO_COMPARABLE;MULTI_PLAINTIFF,plaintiff.gender;injuries.overall_category;injuries.injuries;losses.losses;plaintiff.age_at_accident;plaintiff.occupation_before;psla.amount,0.750,0,0,0,0,0,0,0,0,0,0,0,0,0,0,,
HKCFI_1986_415.html.txt,1986_HKCFI_415.json,[1986] HKCFI 415,[1986] HKCFI 415,HCA 3466/1985,[1986] HKCFI 415,clean,46,RED_FLAG_NULL;NULL_RATIO_HIGH;NULL_ICD_OTHER;INJURY_MULTI_BODY_PART;ICD_STOPPED_EARLY;NULL_ICD_PSYCH;COARSE_ICD_NODE;UNLINKED_MANIFESTATION;UNLINKED_LOSS;PSYCH_DETECTED,plaintiff.gender;plaintiff.age_at_accident,0.500,6,2,1,1,1,0,1,4,1,1,0,0,0,1,inj_005,
HKCFI_2005_568.html.txt,2005_HKCFI_568.json,[2005] HKCFI 568,[2005] HKCFI 568,HCPI 1096/2003,[2005] HKCFI 568,clean,46,RED_FLAG_NULL;RED_FLAG_NULL_MEDIUM;NULL_RATIO_HIGH;NULL_ICD_PREEXISTING;INJURY_MULTI_BODY_PART;COARSE_ICD_NODE;NULL_ICD_PSYCH;UNLINKED_MANIFESTATION;PSYCH_DETECTED;NO_COMPARABLE,plaintiff.gender;injuries.overall_category;plaintiff.age_at_accident,0.583,4,2,1,1,0,0,1,1,0,1,1,0,0,0,inj_004,
HKCFI_2005_779.html.txt,2005_HKCFI_779.json,[2005] HKCFI 779,[2005] HKCFI 779,HCPI 579/2004,[2005] HKCFI 779,clean,46,RED_FLAG_NULL;RED_FLAG_NULL_MEDIUM;NULL_RATIO_HIGH;ZERO_INJURIES;ZERO_LOSSES;NO_PSLA_AMOUNT;NO_COMPARABLE,plaintiff.gender;injuries.overall_category;injuries.injuries;losses.losses;plaintiff.age_at_accident;plaintiff.occupation_before;psla.amount,0.708,0,0,0,0,0,0,0,0,0,0,0,0,0,0,,
HKCFI_2006_939.html.txt,2006_HKCFI_939.json,[2006] HKCFI 939,[2006] HKCFI 939,HCPI 416/2005,[2006] HKCFI 939,clean,46,RED_FLAG_NULL;RED_FLAG_NULL_MEDIUM;NULL_RATIO_HIGH;UNLINKED_LOSS;TREATMENT_CONTAMINATED;ZERO_INJURIES;NO_PSLA_AMOUNT;NO_COMPARABLE,plaintiff.gender;injuries.overall_category;injuries.injuries;plaintiff.age_at_accident;psla.amount,0.667,0,0,0,0,0,0,0,0,2,0,0,0,0,0,,
HKDC_2007_123.html.txt,2007_HKDC_123.json,[2007] HKDC 123,[2007] HKDC 123,DCPI 910/2005,[2007] HKDC 123,clean,46,RED_FLAG_NULL;RED_FLAG_NULL_MEDIUM;NULL_RATIO_HIGH;ZERO_INJURIES;ZERO_LOSSES;NO_PSLA_AMOUNT;NO_COMPARABLE,plaintiff.gender;injuries.overall_category;injuries.injuries;losses.losses;plaintiff.age_at_accident;plaintiff.occupation_before;psla.amount,0.750,0,0,0,0,0,0,0,0,0,0,0,0,0,0,,
HKDC_2007_159.html.txt,2007_HKDC_159.json,[2007] HKDC 159,[2007] HKDC 159,DCCJ 4028/2006,[2007] HKDC 159,clean,46,RED_FLAG_NULL;RED_FLAG_NULL_MEDIUM;NULL_RATIO_HIGH;ZERO_INJURIES;ZERO_LOSSES;NO_PSLA_AMOUNT;NO_COMPARABLE,plaintiff.gender;injuries.overall_category;injuries.injuries;losses.losses;plaintiff.age_at_accident;plaintiff.occupation_before;psla.amount,0.750,0,0,0,0,0,0,0,0,0,0,0,0,0,0,,
HKDC_2008_170.html.txt,2008_HKDC_170.json,[2008] HKDC 170,[2008] HKDC 170,DCPI 1389/2007,[2008] HKDC 170,clean,46,RED_FLAG_NULL;RED_FLAG_NULL_MEDIUM;NULL_RATIO_HIGH;ZERO_INJURIES;ZERO_LOSSES;NO_PSLA_AMOUNT;NO_COMPARABLE,plaintiff.gender;injuries.overall_category;injuries.injuries;losses.losses;plaintiff.age_at_accident;plaintiff.occupation_before;psla.amount,0.750,0,0,0,0,0,0,0,0,0,0,0,0,0,0,,
HKDC_2009_250.html.txt,2009_HKDC_250.json,[2009] HKDC 250,[2009] HKDC 250,DCPI 2012/2008,[2009] HKDC 250,clean,46,RED_FLAG_NULL;RED_FLAG_NULL_MEDIUM;NULL_RATIO_HIGH;ZERO_INJURIES;ZERO_LOSSES;NO_PSLA_AMOUNT;NO_COMPARABLE,plaintiff.gender;injuries.overall_category;injuries.injuries;losses.losses;plaintiff.age_at_accident;plaintiff.occupation_before;psla.amount,0.750,0,0,0,0,0,0,0,0,0,0,0,0,0,0,,
HKCFI_2013_1097.html.txt,2013_HKCFI_1097.json,[2013] HKCFI 1097,[2013] HKCFI 1097,HCPI 153/2012,[2013] HKCFI 1097,clean,46,RED_FLAG_NULL;RED_FLAG_NULL_MEDIUM;NULL_RATIO_HIGH;ZERO_INJURIES;ZERO_LOSSES;NO_PSLA_AMOUNT;NO_COMPARABLE,plaintiff.gender;injuries.overall_category;injuries.injuries;losses.losses;plaintiff.age_at_accident;psla.amount,0.583,0,0,0,0,0,0,0,0,0,0,0,0,0,0,,
HKDC_2013_476.html.txt,2013_HKDC_476.json,[2013] HKDC 476,[2013] HKDC 476,DCPI 1897/2012,[2013] HKDC 476,clean,46,RED_FLAG_NULL;RED_FLAG_NULL_MEDIUM;NULL_RATIO_HIGH;ZERO_INJURIES;ZERO_LOSSES;NO_PSLA_AMOUNT;NO_COMPARABLE,plaintiff.gender;injuries.overall_category;injuries.injuries;losses.losses;plaintiff.age_at_accident;plaintiff.occupation_before;psla.amount,0.750,0,0,0,0,0,0,0,0,0,0,0,0,0,0,,
HKCFI_2014_1949.html.txt,2014_HKCFI_1949.json,[2014] HKCFI 1949,[2014] HKCFI 1949,HCPI 138/2011,[2014] HKCFI 1949,clean,46,RED_FLAG_NULL;RED_FLAG_NULL_MEDIUM;NULL_RATIO_HIGH;ZERO_INJURIES;ZERO_LOSSES;NO_PSLA_AMOUNT;NO_COMPARABLE,plaintiff.gender;injuries.overall_category;injuries.injuries;losses.losses;plaintiff.age_at_accident;plaintiff.occupation_before;psla.amount,0.750,0,0,0,0,0,0,0,0,0,0,0,0,0,0,,
HKCFI_2014_695.html.txt,2014_HKCFI_695.json,[2014] HKCFI 695,[2014] HKCFI 695,HCPI 301/2012,[2014] HKCFI 695,clean,46,RED_FLAG_NULL;RED_FLAG_NULL_MEDIUM;NULL_RATIO_HIGH;NULL_ICD_OTHER;COARSE_ICD_NODE;SOURCE_NOISE;NO_PSLA_AMOUNT;NO_COMPARABLE;MULTI_PLAINTIFF,plaintiff.gender;injuries.overall_category;plaintiff.age_at_accident;plaintiff.occupation_before;psla.amount,0.750,2,1,0,1,0,0,0,0,0,0,0,0,0,1,,
HKDC_2014_57.html.txt,2014_HKDC_57.json,[2014] HKDC 57,[2014] HKDC 57,DCPI 2709/2012,[2014] HKDC 57,clean,46,RED_FLAG_NULL;RED_FLAG_NULL_MEDIUM;NULL_RATIO_HIGH;ZERO_INJURIES;ZERO_LOSSES;NO_PSLA_AMOUNT;NO_COMPARABLE,plaintiff.gender;injuries.overall_category;injuries.injuries;losses.losses;plaintiff.age_at_accident;plaintiff.occupation_before;psla.amount,0.750,0,0,0,0,0,0,0,0,0,0,0,0,0,0,,
HKDC_2018_960.html.txt,2018_HKDC_960.json,[2018] HKDC 960,[2018] HKDC 960,DCEC 182/2017,[2018] HKDC 960,clean,46,RED_FLAG_NULL;RED_FLAG_NULL_MEDIUM;NULL_RATIO_HIGH;ZERO_INJURIES;ZERO_LOSSES;NO_PSLA_AMOUNT;NO_COMPARABLE,plaintiff.gender;injuries.overall_category;injuries.injuries;losses.losses;plaintiff.age_at_accident;plaintiff.occupation_before;psla.amount,0.750,0,0,0,0,0,0,0,0,0,0,0,0,0,0,,
HKDC_2019_1384.html.txt,2019_HKDC_1384.json,[2019] HKDC 1384,[2019] HKDC 1384,DCPI 803/2017,[2019] HKDC 1384,clean,46,RED_FLAG_NULL;RED_FLAG_NULL_MEDIUM;NULL_RATIO_HIGH;ZERO_INJURIES;ZERO_LOSSES;NO_PSLA_AMOUNT;NO_COMPARABLE,plaintiff.gender;injuries.overall_category;injuries.injuries;losses.losses;plaintiff.age_at_accident;plaintiff.occupation_before;psla.amount,0.750,0,0,0,0,0,0,0,0,0,0,0,0,0,0,,
HKCFI_2005_292.html.txt,2005_HKCFI_292.json,[2005] HKCFI 292,[2005] HKCFI 292,HCPI 488/2004,[2005] HKCFI 292,clean,45,RED_FLAG_NULL;RED_FLAG_NULL_MEDIUM;NULL_RATIO_HIGH;COARSE_ICD_NODE;INJURY_MULTI_BODY_PART;ICD_STOPPED_EARLY;UNLINKED_MANIFESTATION;UNLINKED_LOSS;NO_COMPARABLE,plaintiff.gender;injuries.overall_category;plaintiff.age_at_accident,0.542,3,0,0,1,1,0,1,7,1,0,0,0,0,0,,
HKCFI_2008_764.html.txt,2008_HKCFI_764.json,[2008] HKCFI 764,[2008] HKCFI 764,HCPI 48/2007,[2008] HKCFI 764,clean,45,RED_FLAG_NULL;RED_FLAG_NULL_MEDIUM;NULL_RATIO_HIGH;ZERO_INJURIES;ZERO_LOSSES;NO_COMPARABLE,plaintiff.gender;injuries.overall_category;injuries.injuries;losses.losses;plaintiff.age_at_accident;plaintiff.occupation_before,0.708,0,0,0,0,0,0,0,0,0,0,0,0,0,0,,
HKDC_2010_148.html.txt,2010_HKDC_148.json,[2010] HKDC 148,[2010] HKDC 148,DCPI 1846/2008,[2010] HKDC 148,clean,45,RED_FLAG_NULL;RED_FLAG_NULL_MEDIUM;NULL_RATIO_HIGH;ZERO_INJURIES;ZERO_LOSSES;NO_COMPARABLE,plaintiff.gender;injuries.overall_category;injuries.injuries;losses.losses;plaintiff.age_at_accident;plaintiff.occupation_before,0.708,0,0,0,0,0,0,0,0,0,0,0,0,0,0,,
HKCFI_2011_550.html.txt,2011_HKCFI_550.json,[2011] HKCFI 550,[2011] HKCFI 550,HCPI 445/2007,[2011] HKCFI 550,clean,45,RED_FLAG_NULL;RED_FLAG_NULL_MEDIUM;NULL_RATIO_HIGH;ZERO_INJURIES;ZERO_LOSSES;NO_COMPARABLE,plaintiff.gender;injuries.overall_category;injuries.injuries;losses.losses;plaintiff.age_at_accident;plaintiff.occupation_before,0.708,0,0,0,0,0,0,0,0,0,0,0,0,0,0,,
HKCA_2016_753.html.txt,2016_HKCA_753.json,[2016] HKCA 753,[2016] HKCA 753,HCMP 1550/2016,[2016] HKCA 753,clean,45,RED_FLAG_NULL;RED_FLAG_NULL_MEDIUM;NULL_RATIO_HIGH;ZERO_INJURIES;ZERO_LOSSES;NO_COMPARABLE,plaintiff.gender;injuries.overall_category;injuries.injuries;losses.losses;plaintiff.age_at_accident,0.667,0,0,0,0,0,0,0,0,0,0,0,0,0,0,,
HKCFI_2017_1692.html.txt,2017_HKCFI_1692.json,[2017] HKCFI 1692,[2017] HKCFI 1692,HCPI 700/2010,[2017] HKCFI 1692,clean,45,RED_FLAG_NULL;RED_FLAG_NULL_MEDIUM;NULL_RATIO_HIGH;ZERO_INJURIES;ZERO_LOSSES;NO_COMPARABLE,plaintiff.gender;injuries.overall_category;injuries.injuries;losses.losses;plaintiff.age_at_accident;plaintiff.occupation_before,0.708,0,0,0,0,0,0,0,0,0,0,0,0,0,0,,
HKDC_2020_165.html.txt,2020_HKDC_165.json,[2020] HKDC 165,[2020] HKDC 165,DCPI 2370/2014,[2020] HKDC 165,clean,45,RED_FLAG_NULL;RED_FLAG_NULL_MEDIUM;NULL_RATIO_HIGH;ZERO_INJURIES;ZERO_LOSSES;NO_COMPARABLE,plaintiff.gender;injuries.overall_category;injuries.injuries;losses.losses;plaintiff.age_at_accident;plaintiff.occupation_before,0.708,0,0,0,0,0,0,0,0,0,0,0,0,0,0,,
HKDC_2020_203.html.txt,2020_HKDC_203.json,[2020] HKDC 203,[2020] HKDC 203,DCPI 432/2015,[2020] HKDC 203,clean,45,RED_FLAG_NULL;RED_FLAG_NULL_MEDIUM;NULL_RATIO_HIGH;ZERO_INJURIES;ZERO_LOSSES;NO_COMPARABLE,plaintiff.gender;injuries.overall_category;injuries.injuries;losses.losses;plaintiff.age_at_accident,0.583,0,0,0,0,0,0,0,0,0,0,0,0,0,0,,
HKCFI_2004_546.html.txt,2004_HKCFI_546.json,[2004] HKCFI 546,[2004] HKCFI 546,HCA 9055/2000,[2004] HKCFI 546,clean,44,RED_FLAG_NULL;RED_FLAG_NULL_MEDIUM;NULL_RATIO_HIGH;NULL_ICD_OTHER;NULL_ICD_PREEXISTING;NULL_ICD_PSYCH;PREEXISTING_METADATA_MISMATCH;UNLINKED_MANIFESTATION;UNLINKED_LOSS;PSYCH_DETECTED;NO_PSLA_AMOUNT;NO_COMPARABLE;MULTI_PLAINTIFF,plaintiff.gender;injuries.overall_category;plaintiff.age_at_accident;plaintiff.occupation_before;psla.amount,0.750,3,3,1,0,0,0,0,6,2,1,1,0,0,1,inj_003,
HKDC_2007_92.html.txt,2007_HKDC_92.json,[2007] HKDC 92,[2007] HKDC 92,DCPI 223/2005,[2007] HKDC 92,clean,44,RED_FLAG_NULL;RED_FLAG_NULL_MEDIUM;COARSE_ICD_NODE;NULL_ICD_SYMPTOM;INJURY_MULTI_BODY_PART;NULL_ICD_PSYCH;TREATMENT_CONTAMINATED;PSYCH_DETECTED,plaintiff.gender;injuries.overall_category;plaintiff.age_at_accident,0.458,4,2,1,1,0,0,2,0,0,1,0,0,1,0,inj_004,
HKDC_2010_187.html.txt,2010_HKDC_187.json,[2010] HKDC 187,[2010] HKDC 187,DCCJ 1320/2009,[2010] HKDC 187,clean,44,RED_FLAG_NULL;RED_FLAG_NULL_MEDIUM;NULL_RATIO_HIGH;ZERO_INJURIES;ZERO_LOSSES,plaintiff.gender;injuries.overall_category;injuries.injuries;losses.losses;plaintiff.age_at_accident,0.667,0,0,0,0,0,0,0,0,0,0,0,0,0,0,,
HKCFI_2011_1508.html.txt,2011_HKCFI_1508.json,[2011] HKCFI 1508,[2011] HKCFI 1508,HCPI 345/2010,[2011] HKCFI 1508,clean,44,RED_FLAG_NULL;RED_FLAG_NULL_MEDIUM;NULL_RATIO_HIGH;NULL_ICD_OTHER;INJURY_MULTI_BODY_PART;NULL_ICD_PREEXISTING;NULL_ICD_SYMPTOM;PREEXISTING_METADATA_MISMATCH;UNLINKED_LOSS;NO_PSLA_AMOUNT;NO_COMPARABLE,plaintiff.gender;injuries.overall_category;plaintiff.age_at_accident;psla.amount,0.625,8,3,0,0,0,0,2,0,2,0,1,0,1,1,,
HKDC_2013_1446.html.txt,2013_HKDC_1446.json,[2013] HKDC 1446,[2013] HKDC 1446,DCPI 2390/2011,[2013] HKDC 1446,clean,44,RED_FLAG_NULL;RED_FLAG_NULL_MEDIUM;NULL_RATIO_HIGH;ZERO_INJURIES;ZERO_LOSSES,plaintiff.gender;injuries.overall_category;injuries.injuries;losses.losses;plaintiff.age_at_accident;plaintiff.occupation_before,0.708,0,0,0,0,0,0,0,0,0,0,0,0,0,0,,
HKCFI_2014_1720.html.txt,2014_HKCFI_1720.json,[2014] HKCFI 1720,[2014] HKCFI 1720,HCPI 203/2012,[2014] HKCFI 1720,clean,44,RED_FLAG_NULL;RED_FLAG_NULL_MEDIUM;NULL_RATIO_HIGH;ZERO_INJURIES;ZERO_LOSSES,plaintiff.gender;injuries.overall_category;injuries.injuries;losses.losses;plaintiff.age_at_accident;plaintiff.occupation_before,0.708,0,0,0,0,0,0,0,0,0,0,0,0,0,0,,
HKDC_2014_903.html.txt,2014_HKDC_903.json,[2014] HKDC 903,[2014] HKDC 903,DCPI 887/2011,[2014] HKDC 903,clean,44,RED_FLAG_NULL;RED_FLAG_NULL_MEDIUM;NULL_RATIO_HIGH;COARSE_ICD_NODE;INJURY_MULTI_BODY_PART;TREATMENT_CONTAMINATED;PSYCH_DETECTED;NO_PSLA_AMOUNT;MULTI_PLAINTIFF,plaintiff.gender;injuries.overall_category;psla.amount,0.542,7,0,1,2,0,0,3,0,0,0,0,0,0,0,,
HKDC_2018_542.html.txt,2018_HKDC_542.json,[2018] HKDC 542,[2018] HKDC 542,DCPI 569/2015,[2018] HKDC 542,clean,44,RED_FLAG_NULL;RED_FLAG_NULL_MEDIUM;NULL_RATIO_HIGH;ZERO_INJURIES;ZERO_LOSSES,plaintiff.gender;injuries.overall_category;injuries.injuries;losses.losses;plaintiff.age_at_accident;plaintiff.occupation_before,0.708,0,0,0,0,0,0,0,0,0,0,0,0,0,0,,
HKCFI_1979_5.html.txt,1979_HKCFI_5.json,[1979] HKCFI 5,[1979] HKCFI 5,HCA 256/1979,[1979] HKCFI 5,clean,43,RED_FLAG_NULL_MEDIUM;NULL_RATIO_HIGH;NULL_ICD_SYMPTOM;ICD_STOPPED_EARLY;INJURY_MULTI_BODY_PART;COARSE_ICD_NODE;UNLINKED_MANIFESTATION;UNLINKED_LOSS;NO_PSLA_AMOUNT;NO_COMPARABLE;MULTI_PLAINTIFF,injuries.overall_category;plaintiff.age_at_accident;psla.amount,0.500,8,2,0,1,1,0,1,1,1,0,0,0,2,0,,
HKCFI_2005_67.html.txt,2005_HKCFI_67.json,[2005] HKCFI 67,[2005] HKCFI 67,HCPI 206/2004,[2005] HKCFI 67,clean,43,RED_FLAG_NULL;RED_FLAG_NULL_MEDIUM;NULL_RATIO_HIGH;INJURY_MULTI_BODY_PART;NULL_ICD_PREEXISTING;SOURCE_NOISE;NO_COMPARABLE,plaintiff.gender;injuries.overall_category;plaintiff.age_at_accident,0.500,3,1,0,0,0,0,1,0,0,0,1,0,0,0,,
HKCFI_2008_976.html.txt,2008_HKCFI_976.json,[2008] HKCFI 976,[2008] HKCFI 976,HCPI 451/2006,[2008] HKCFI 976,clean,43,RED_FLAG_NULL;RED_FLAG_NULL_MEDIUM;NULL_RATIO_HIGH;ICD_STOPPED_EARLY;INJURY_MULTI_BODY_PART;COARSE_ICD_NODE;MULTI_PLAINTIFF,plaintiff.gender;injuries.overall_category;plaintiff.occupation_before,0.542,4,0,0,1,3,0,4,0,0,0,0,0,0,0,,
HKDC_2009_153.html.txt,2009_HKDC_153.json,[2009] HKDC 153,[2009] HKDC 153,DCEC 120/2007,[2009] HKDC 153,clean,43,RED_FLAG_NULL_MEDIUM;NULL_RATIO_HIGH;COARSE_ICD_NODE;INJURY_MULTI_BODY_PART;ICD_STOPPED_EARLY;NULL_ICD_PREEXISTING;NULL_ICD_PSYCH;PSYCH_DETECTED;NO_PSLA_AMOUNT;NO_COMPARABLE,injuries.overall_category;plaintiff.age_at_accident;psla.amount,0.667,7,2,1,2,1,0,4,0,0,1,1,0,0,0,"inj_006,inj_007",
HKCFI_2014_696.html.txt,2014_HKCFI_696.json,[2014] HKCFI 696,[2014] HKCFI 696,HCPI 764/2012,[2014] HKCFI 696,clean,43,RED_FLAG_NULL_MEDIUM;NULL_RATIO_HIGH;COARSE_ICD_NODE;SOURCE_NOISE;ZERO_LOSSES;NO_PSLA_AMOUNT;NO_COMPARABLE,injuries.overall_category;losses.losses;plaintiff.age_at_accident;plaintiff.occupation_before;psla.amount,0.708,1,0,0,1,0,0,0,0,0,0,0,0,0,0,,
HKCFI_2014_697.html.txt,2014_HKCFI_697.json,[2014] HKCFI 697,[2014] HKCFI 697,HCPI 197/2013,[2014] HKCFI 697,clean,43,RED_FLAG_NULL_MEDIUM;NULL_RATIO_HIGH;COARSE_ICD_NODE;SOURCE_NOISE;ZERO_LOSSES;NO_PSLA_AMOUNT;NO_COMPARABLE,injuries.overall_category;losses.losses;plaintiff.age_at_accident;plaintiff.occupation_before;psla.amount,0.708,1,0,0,1,0,0,0,0,0,0,0,0,0,0,,
HKDC_2014_708.html.txt,2014_HKDC_708.json,[2014] HKDC 708,[2014] HKDC 708,DCPI 94/2013,[2014] HKDC 708,clean,43,RED_FLAG_NULL;RED_FLAG_NULL_MEDIUM;NULL_RATIO_HIGH;NULL_ICD_PSYCH;SOURCE_NOISE;PSYCH_DETECTED;NO_PSLA_AMOUNT;NO_COMPARABLE,plaintiff.gender;injuries.overall_category;plaintiff.age_at_accident;psla.amount,0.667,1,1,1,0,0,0,0,0,0,1,0,0,0,0,inj_001,
HKDC_2017_1187.html.txt,2017_HKDC_1187.json,[2017] HKDC 1187,[2017] HKDC 1187,DCPI 2039/2013,[2017] HKDC 1187,clean,43,RED_FLAG_NULL;RED_FLAG_NULL_MEDIUM;NULL_RATIO_HIGH;NULL_ICD_PREEXISTING;INJURY_MULTI_BODY_PART;COARSE_ICD_NODE;NULL_ICD_SYMPTOM,plaintiff.gender;injuries.overall_category;plaintiff.age_at_accident;plaintiff.occupation_before,0.708,5,2,0,1,0,0,2,0,0,0,1,0,1,0,,
HKCFI_2018_870.html.txt,2018_HKCFI_870.json,[2018] HKCFI 870,[2018] HKCFI 870,HCPI 62/2011,[2018] HKCFI 870,clean,43,RED_FLAG_NULL;RED_FLAG_NULL_MEDIUM;NULL_RATIO_HIGH;NULL_ICD_PSYCH;SOURCE_NOISE;PSYCH_DETECTED;NO_COMPARABLE;MULTI_PLAINTIFF,plaintiff.gender;injuries.overall_category;plaintiff.age_at_accident;plaintiff.occupation_before,0.708,1,1,1,0,0,0,0,0,0,1,0,0,0,0,inj_001,
HKDC_2019_26.html.txt,2019_HKDC_26.json,[2019] HKDC 26,[2019] HKDC 26,DCPI 2042/2016,[2019] HKDC 26,clean,43,RED_FLAG_NULL;RED_FLAG_NULL_MEDIUM;ICD_STOPPED_EARLY;COARSE_ICD_NODE;INJURY_MULTI_BODY_PART;UNLINKED_MANIFESTATION;ZERO_LOSSES,plaintiff.gender;injuries.overall_category;losses.losses,0.417,3,0,0,1,1,0,1,2,0,0,0,0,0,0,,
HKCA_1973_145.html.txt,1973_HKCA_145.json,[1973] HKCA 145,[1973] HKCA 145,CACV 6/1973,[1973] HKCA 145,clean,42,RED_FLAG_NULL;RED_FLAG_NULL_MEDIUM;NULL_RATIO_HIGH;ICD_STOPPED_EARLY;INJURY_MULTI_BODY_PART;NULL_ICD_OTHER;COARSE_ICD_NODE;MULTI_PLAINTIFF,plaintiff.gender;injuries.overall_category;plaintiff.age_at_accident;plaintiff.occupation_before,0.625,4,1,0,1,1,0,2,0,0,0,0,0,0,1,,
HKCFI_1980_94.html.txt,1980_HKCFI_94.json,[1980] HKCFI 94,[1980] HKCFI 94,HCA 2528/1978,[1980] HKCFI 94,clean,42,RED_FLAG_NULL;RED_FLAG_NULL_MEDIUM;NULL_RATIO_HIGH;ICD_STOPPED_EARLY;UNLINKED_MANIFESTATION;ZERO_LOSSES;NO_COMPARABLE,plaintiff.gender;injuries.overall_category;losses.losses;plaintiff.age_at_accident,0.500,4,0,0,0,1,0,0,5,0,0,0,0,0,0,,
HKCFI_1982_157.html.txt,1982_HKCFI_157.json,[1982] HKCFI 157,[1982] HKCFI 157,HCA 4989/1979,[1982] HKCFI 157,clean,42,RED_FLAG_NULL;RED_FLAG_NULL_MEDIUM;NULL_RATIO_HIGH;NULL_ICD_SYMPTOM;INJURY_MULTI_BODY_PART;COARSE_ICD_NODE;NO_PSLA_AMOUNT;NO_COMPARABLE;MULTI_PLAINTIFF,plaintiff.gender;injuries.overall_category;plaintiff.age_at_accident;psla.amount,0.542,5,1,0,1,0,0,1,0,0,0,0,0,1,0,,
HKCFI_1987_141.html.txt,1987_HKCFI_141.json,[1987] HKCFI 141,[1987] HKCFI 141,HCA 7340/1986,[1987] HKCFI 141,clean,42,RED_FLAG_NULL;RED_FLAG_NULL_MEDIUM;NULL_RATIO_HIGH;COARSE_ICD_NODE;UNLINKED_MANIFESTATION;ZERO_LOSSES,plaintiff.gender;injuries.overall_category;losses.losses;plaintiff.age_at_accident,0.625,3,0,0,2,0,0,0,7,0,0,0,0,0,0,,
HKCFI_2001_288.html.txt,2001_HKCFI_288.json,[2001] HKCFI 288,[2001] HKCFI 288,HCPI 1020/1999,[2001] HKCFI 288,clean,42,RED_FLAG_NULL;ICD_STOPPED_EARLY;COARSE_ICD_NODE;INJURY_MULTI_BODY_PART;NULL_ICD_OTHER;UNLINKED_MANIFESTATION;TREATMENT_CONTAMINATED;PSYCH_DETECTED;NO_COMPARABLE,plaintiff.gender,0.458,10,1,1,2,3,0,4,2,0,0,0,0,0,1,,
HKCFI_2008_283.html.txt,2008_HKCFI_283.json,[2008] HKCFI 283,[2008] HKCFI 283,HCPI 539/2005,[2008] HKCFI 283,clean,42,RED_FLAG_NULL;RED_FLAG_NULL_MEDIUM;NULL_RATIO_HIGH;COARSE_ICD_NODE;INJURY_MULTI_BODY_PART;NULL_ICD_PSYCH;PSYCH_DETECTED;NO_COMPARABLE,plaintiff.gender;injuries.overall_category;plaintiff.age_at_accident,0.500,4,1,1,3,0,0,1,0,0,1,0,0,0,0,inj_004,
HKCFI_2008_372.html.txt,2008_HKCFI_372.json,[2008] HKCFI 372,[2008] HKCFI 372,HCPI 316/2005,[2008] HKCFI 372,clean,42,RED_FLAG_NULL;NULL_RATIO_HIGH;COARSE_ICD_NODE;INJURY_MULTI_BODY_PART;NULL_ICD_PSYCH;TREATMENT_CONTAMINATED;PSYCH_DETECTED;NO_COMPARABLE,plaintiff.gender;plaintiff.age_at_accident,0.542,2,1,1,1,0,0,2,0,0,1,0,0,0,0,inj_002,
HKDC_2008_217.html.txt,2008_HKDC_217.json,[2008] HKDC 217,[2008] HKDC 217,DCPI 1367/2007,[2008] HKDC 217,clean,42,RED_FLAG_NULL;RED_FLAG_NULL_MEDIUM;NULL_RATIO_HIGH;ICD_STOPPED_EARLY;UNLINKED_MANIFESTATION;ZERO_LOSSES;NO_COMPARABLE,plaintiff.gender;injuries.overall_category;losses.losses,0.542,2,0,0,0,1,0,0,3,0,0,0,0,0,0,,
HKCFI_2015_834.html.txt,2015_HKCFI_834.json,[2015] HKCFI 834,[2015] HKCFI 834,HCPI 295/2014,[2015] HKCFI 834,clean,42,RED_FLAG_NULL;RED_FLAG_NULL_MEDIUM;NULL_RATIO_HIGH;NULL_ICD_PSYCH;SOURCE_NOISE;PSYCH_DETECTED;MULTI_PLAINTIFF,plaintiff.gender;injuries.overall_category;plaintiff.age_at_accident,0.583,1,1,1,0,0,0,0,0,0,1,0,0,0,0,inj_001,
HKDC_2017_612.html.txt,2017_HKDC_612.json,[2017] HKDC 612,[2017] HKDC 612,DCPI 1724/2016,[2017] HKDC 612,clean,42,RED_FLAG_NULL;RED_FLAG_NULL_MEDIUM;NULL_RATIO_HIGH;INJURY_MULTI_BODY_PART;ICD_STOPPED_EARLY;ZERO_LOSSES,plaintiff.gender;injuries.overall_category;losses.losses;plaintiff.age_at_accident,0.583,3,0,0,0,1,0,1,0,0,0,0,0,0,0,,
HKDC_2018_1203.html.txt,2018_HKDC_1203.json,[2018] HKDC 1203,[2018] HKDC 1203,DCPI 1982/2016,[2018] HKDC 1203,clean,42,RED_FLAG_NULL;RED_FLAG_NULL_MEDIUM;NULL_RATIO_HIGH;NULL_ICD_OTHER;COARSE_ICD_NODE;UNLINKED_MANIFESTATION;ZERO_LOSSES,plaintiff.gender;injuries.overall_category;losses.losses;plaintiff.age_at_accident,0.625,3,1,0,1,0,0,0,7,0,0,0,0,0,1,,
HKCA_1981_155.html.txt,1981_HKCA_155.json,[1981] HKCA 155,[1981] HKCA 155,CACV 189/1980,[1981] HKCA 155,clean,41,RED_FLAG_NULL;RED_FLAG_NULL_MEDIUM;NULL_RATIO_HIGH;COARSE_ICD_NODE;NULL_ICD_OTHER;ICD_STOPPED_EARLY;UNLINKED_MANIFESTATION;NO_COMPARABLE,plaintiff.gender;injuries.overall_category;plaintiff.age_at_accident;plaintiff.occupation_before,0.667,3,1,0,1,1,0,0,3,0,0,0,0,0,1,,
HKCFI_2003_1004.html.txt,2003_HKCFI_1004.json,[2003] HKCFI 1004,[2003] HKCFI 1004,HCPI 1534/2000,[2003] HKCFI 1004,clean,41,RED_FLAG_NULL;RED_FLAG_NULL_MEDIUM;NULL_RATIO_HIGH;INJURY_MULTI_BODY_PART;COARSE_ICD_NODE;UNLINKED_MANIFESTATION;UNLINKED_LOSS;NO_PSLA_AMOUNT;NO_COMPARABLE;MULTI_PLAINTIFF,plaintiff.gender;injuries.overall_category;plaintiff.age_at_accident;psla.amount,0.667,6,0,0,2,0,0,3,9,2,0,0,0,0,0,,
HKCFI_2014_1247.html.txt,2014_HKCFI_1247.json,[2014] HKCFI 1247,[2014] HKCFI 1247,HCPI 154/2010,[2014] HKCFI 1247,clean,41,RED_FLAG_NULL;RED_FLAG_NULL_MEDIUM;NULL_RATIO_HIGH;ICD_STOPPED_EARLY;UNLINKED_MANIFESTATION;ZERO_LOSSES,plaintiff.gender;injuries.overall_category;losses.losses,0.500,2,0,0,0,1,0,0,2,0,0,0,0,0,0,,
HKDC_2017_369.html.txt,2017_HKDC_369.json,[2017] HKDC 369,[2017] HKDC 369,DCPI 2230/2014,[2017] HKDC 369,clean,41,RED_FLAG_NULL;RED_FLAG_NULL_MEDIUM;NULL_RATIO_HIGH;UNLINKED_MANIFESTATION;UNLINKED_LOSS;ZERO_INJURIES;NO_PSLA_AMOUNT;NO_COMPARABLE,plaintiff.gender;injuries.overall_category;injuries.injuries;plaintiff.age_at_accident;plaintiff.occupation_before;psla.amount,0.750,0,0,0,0,0,0,0,3,3,0,0,0,0,0,,
HKDC_2018_1558.html.txt,2018_HKDC_1558.json,[2018] HKDC 1558,[2018] HKDC 1558,DCPI 676/2016,[2018] HKDC 1558,clean,41,RED_FLAG_NULL_MEDIUM;NULL_RATIO_HIGH;ICD_STOPPED_EARLY;INJURY_MULTI_BODY_PART;UNLINKED_MANIFESTATION;TREATMENT_CONTAMINATED;ZERO_LOSSES,losses.losses;plaintiff.age_at_accident,0.500,2,0,0,0,1,0,1,7,0,0,0,0,0,0,,
HKDC_2019_48.html.txt,2019_HKDC_48.json,[2019] HKDC 48,[2019] HKDC 48,DCPI 669/2016,[2019] HKDC 48,clean,41,RED_FLAG_NULL;RED_FLAG_NULL_MEDIUM;NULL_RATIO_HIGH;COARSE_ICD_NODE;UNLINKED_MANIFESTATION;ZERO_LOSSES,plaintiff.gender;injuries.overall_category;losses.losses;plaintiff.age_at_accident,0.583,3,0,0,1,0,0,0,8,0,0,0,0,0,0,,
HKCFI_1984_301.html.txt,1984_HKCFI_301.json,[1984] HKCFI 301,[1984] HKCFI 301,HCA 1004/1981,[1984] HKCFI 301,clean,40,RED_FLAG_NULL;RED_FLAG_NULL_MEDIUM;NULL_RATIO_HIGH;UNLINKED_MANIFESTATION;UNLINKED_LOSS;ZERO_INJURIES;NO_COMPARABLE,plaintiff.gender;injuries.overall_category;injuries.injuries,0.542,0,0,0,0,0,0,0,4,2,0,0,0,0,0,,
HKCFI_1987_138.html.txt,1987_HKCFI_138.json,[1987] HKCFI 138,[1987] HKCFI 138,HCA 2495/1977,[1987] HKCFI 138,clean,40,RED_FLAG_NULL_MEDIUM;NULL_RATIO_HIGH;ICD_STOPPED_EARLY;COARSE_ICD_NODE;INJURY_MULTI_BODY_PART;NULL_ICD_OTHER;UNLINKED_MANIFESTATION;UNLINKED_LOSS;PSYCH_DETECTED;NO_PSLA_AMOUNT;NO_COMPARABLE;MULTI_PLAINTIFF,injuries.overall_category;plaintiff.age_at_accident;psla.amount,0.542,9,2,1,2,1,0,3,1,2,0,0,0,0,2,,
HKCFI_1990_117.html.txt,1990_HKCFI_117.json,[1990] HKCFI 117,[1990] HKCFI 117,HCA 5494/1988,[1990] HKCFI 117,clean,40,RED_FLAG_NULL_MEDIUM;NULL_RATIO_HIGH;ICD_STOPPED_EARLY;COARSE_ICD_NODE;INJURY_MULTI_BODY_PART;NULL_ICD_OTHER;TREATMENT_CONTAMINATED,injuries.overall_category;plaintiff.age_at_accident,0.500,3,1,0,2,2,0,2,0,0,0,0,0,0,1,,
HKCFI_2001_76.html.txt,2001_HKCFI_76.json,[2001] HKCFI 76,[2001] HKCFI 76,HCPI 439/2000,[2001] HKCFI 76,clean,40,RED_FLAG_NULL;NULL_RATIO_HIGH;INJURY_MULTI_BODY_PART;COARSE_ICD_NODE;ICD_STOPPED_EARLY;UNLINKED_MANIFESTATION;PSYCH_DETECTED;MULTI_PLAINTIFF,plaintiff.gender;plaintiff.age_at_accident,0.500,13,0,1,2,1,0,8,7,0,0,0,0,0,0,,
HKDC_2001_52.html.txt,2001_HKDC_52.json,[2001] HKDC 52,[2001] HKDC 52,DCPI 271/2000,[2001] HKDC 52,clean,40,RED_FLAG_NULL;RED_FLAG_NULL_MEDIUM;NULL_RATIO_HIGH;UNLINKED_MANIFESTATION;UNLINKED_LOSS;ZERO_INJURIES;NO_COMPARABLE,plaintiff.gender;injuries.overall_category;injuries.injuries;plaintiff.age_at_accident;plaintiff.occupation_before,0.708,0,0,0,0,0,0,0,3,1,0,0,0,0,0,,
HKDC_2008_222.html.txt,2008_HKDC_222.json,[2008] HKDC 222,[2008] HKDC 222,DCPI 158/2007,[2008] HKDC 222,clean,40,RED_FLAG_NULL;RED_FLAG_NULL_MEDIUM;NULL_RATIO_HIGH;UNLINKED_MANIFESTATION;UNLINKED_LOSS;ZERO_INJURIES;NO_PSLA_AMOUNT,plaintiff.gender;injuries.injuries;plaintiff.age_at_accident;psla.amount,0.667,0,0,0,0,0,0,0,2,1,0,0,0,0,0,,
HKDC_2009_212.html.txt,2009_HKDC_212.json,[2009] HKDC 212,[2009] HKDC 212,DCPI 1542/2008,[2009] HKDC 212,clean,40,RED_FLAG_NULL_MEDIUM;NULL_RATIO_HIGH;NULL_ICD_PREEXISTING;INJURY_MULTI_BODY_PART;NULL_ICD_OTHER;UNLINKED_MANIFESTATION;TREATMENT_CONTAMINATED;ZERO_LOSSES;NO_COMPARABLE,injuries.overall_category;losses.losses;plaintiff.age_at_accident,0.542,4,2,0,0,0,0,1,1,0,0,1,0,0,1,,
HKCFI_2010_548.html.txt,2010_HKCFI_548.json,[2010] HKCFI 548,[2010] HKCFI 548,HCPI 947/2008,[2010] HKCFI 548,clean,40,RED_FLAG_NULL;ICD_STOPPED_EARLY;INJURY_MULTI_BODY_PART;NULL_ICD_PSYCH;SOURCE_NOISE;PSYCH_DETECTED,plaintiff.gender,0.417,5,1,1,0,3,0,2,0,0,1,0,0,0,0,inj_005,
HKDC_2010_223.html.txt,2010_HKDC_223.json,[2010] HKDC 223,[2010] HKDC 223,DCPI 956/2009,[2010] HKDC 223,clean,40,RED_FLAG_NULL;RED_FLAG_NULL_MEDIUM;NULL_RATIO_HIGH;UNLINKED_MANIFESTATION;UNLINKED_LOSS;ZERO_INJURIES;NO_COMPARABLE,plaintiff.gender;injuries.injuries;plaintiff.age_at_accident;plaintiff.occupation_before,0.667,0,0,0,0,0,0,0,2,1,0,0,0,0,0,,
HKCA_2013_228.html.txt,2013_HKCA_228.json,[2013] HKCA 228,[2013] HKCA 228,CACV 165/2012,[2013] HKCA 228,clean,40,RED_FLAG_NULL;RED_FLAG_NULL_MEDIUM;NULL_RATIO_HIGH;UNLINKED_MANIFESTATION;UNLINKED_LOSS;ZERO_INJURIES;NO_COMPARABLE,plaintiff.gender;injuries.overall_category;injuries.injuries,0.583,0,0,0,0,0,0,0,4,2,0,0,0,0,0,,
HKDC_2019_1088.html.txt,2019_HKDC_1088.json,[2019] HKDC 1088,[2019] HKDC 1088,DCPI 2179/2015,[2019] HKDC 1088,clean,40,RED_FLAG_NULL;RED_FLAG_NULL_MEDIUM;NULL_RATIO_HIGH;UNLINKED_MANIFESTATION;UNLINKED_LOSS;ZERO_INJURIES;NO_COMPARABLE,plaintiff.gender;injuries.overall_category;injuries.injuries;plaintiff.age_at_accident;plaintiff.occupation_before,0.708,0,0,0,0,0,0,0,1,1,0,0,0,0,0,,
HKCFI_1984_155.html.txt,1984_HKCFI_155.json,[1984] HKCFI 155,[1984] HKCFI 155,HCA 2469/1984,[1984] HKCFI 155,clean,39,RED_FLAG_NULL;RED_FLAG_NULL_MEDIUM;NULL_RATIO_HIGH;UNLINKED_LOSS;ZERO_INJURIES;NO_PSLA_AMOUNT;NO_COMPARABLE,plaintiff.gender;injuries.overall_category;injuries.injuries;plaintiff.age_at_accident;psla.amount,0.708,0,0,0,0,0,0,0,0,1,0,0,0,0,0,,
HKDC_1999_2.html.txt,1999_HKDC_2.json,[1999] HKDC 2,[1999] HKDC 2,DCEO 1/1998,[1999] HKDC 2,clean,39,RED_FLAG_NULL;RED_FLAG_NULL_MEDIUM;NULL_RATIO_HIGH;UNLINKED_MANIFESTATION;UNLINKED_LOSS;ZERO_INJURIES,plaintiff.gender;injuries.overall_category;injuries.injuries;plaintiff.age_at_accident,0.583,0,0,0,0,0,0,0,12,2,0,0,0,0,0,,
HKCFI_2002_772.html.txt,2002_HKCFI_772.json,[2002] HKCFI 772,[2002] HKCFI 772,HCPI 994/2001,[2002] HKCFI 772,clean,39,RED_FLAG_NULL;RED_FLAG_NULL_MEDIUM;UNLINKED_MANIFESTATION;UNLINKED_LOSS;TREATMENT_CONTAMINATED;ZERO_INJURIES;NO_COMPARABLE,plaintiff.gender;injuries.overall_category;injuries.injuries,0.458,0,0,0,0,0,0,0,3,2,0,0,0,0,0,,
HKCFI_2003_166.html.txt,2003_HKCFI_166.json,[2003] HKCFI 166,[2003] HKCFI 166,HCPI 809/2001,[2003] HKCFI 166,clean,39,RED_FLAG_NULL;RED_FLAG_NULL_MEDIUM;NULL_RATIO_HIGH;COARSE_ICD_NODE;INJURY_MULTI_BODY_PART;UNLINKED_LOSS;NO_PSLA_AMOUNT;NO_COMPARABLE;MULTI_PLAINTIFF,plaintiff.gender;injuries.overall_category;plaintiff.age_at_accident;psla.amount,0.667,7,0,0,2,0,0,4,0,1,0,0,0,0,0,,
HKCFI_2006_265.html.txt,2006_HKCFI_265.json,[2006] HKCFI 265,[2006] HKCFI 265,HCPI 959/2003,[2006] HKCFI 265,clean,39,RED_FLAG_NULL;RED_FLAG_NULL_MEDIUM;NULL_RATIO_HIGH;NULL_ICD_PREEXISTING;INJURY_MULTI_BODY_PART;COARSE_ICD_NODE;UNLINKED_MANIFESTATION,plaintiff.gender;injuries.overall_category;plaintiff.age_at_accident,0.583,3,1,0,1,0,0,1,2,0,0,1,0,0,0,,
HKDC_2006_23.html.txt,2006_HKDC_23.json,[2006] HKDC 23,[2006] HKDC 23,DCPI 1025/2004,[2006] HKDC 23,clean,39,RED_FLAG_NULL_MEDIUM;NULL_RATIO_HIGH;COARSE_ICD_NODE;ICD_STOPPED_EARLY;NULL_ICD_SYMPTOM;INJURY_MULTI_BODY_PART;NULL_ICD_OTHER;UNLINKED_MANIFESTATION,injuries.overall_category;plaintiff.age_at_accident;plaintiff.occupation_before,0.625,7,3,0,1,1,0,3,1,0,0,0,0,1,2,,
HKCFI_2007_392.html.txt,2007_HKCFI_392.json,[2007] HKCFI 392,[2007] HKCFI 392,HCPI 1089/2005,[2007] HKCFI 392,clean,39,RED_FLAG_NULL;RED_FLAG_NULL_MEDIUM;NULL_RATIO_HIGH;COARSE_ICD_NODE;ZERO_LOSSES,plaintiff.gender;injuries.overall_category;losses.losses;plaintiff.age_at_accident;plaintiff.occupation_before,0.708,1,0,0,1,0,0,0,0,0,0,0,0,0,0,,
HKDC_2007_279.html.txt,2007_HKDC_279.json,[2007] HKDC 279,[2007] HKDC 279,DCPI 97/2006,[2007] HKDC 279,clean,39,RED_FLAG_NULL;COARSE_ICD_NODE;ICD_STOPPED_EARLY;UNLINKED_MANIFESTATION;SOURCE_NOISE;NO_COMPARABLE,plaintiff.gender;plaintiff.age_at_accident,0.458,4,0,0,1,1,0,0,1,0,0,0,0,0,0,,
HKDC_2009_137.html.txt,2009_HKDC_137.json,[2009] HKDC 137,[2009] HKDC 137,DCPI 2095/2008,[2009] HKDC 137,clean,39,RED_FLAG_NULL;RED_FLAG_NULL_MEDIUM;NULL_RATIO_HIGH;ICD_STOPPED_EARLY;UNLINKED_LOSS;TREATMENT_CONTAMINATED,plaintiff.gender;injuries.overall_category;plaintiff.age_at_accident;plaintiff.occupation_before,0.667,3,0,0,0,1,0,0,0,1,0,0,0,0,0,,
HKCFI_2010_224.html.txt,2010_HKCFI_224.json,[2010] HKCFI 224,[2010] HKCFI 224,HCPI 304/2006,[2010] HKCFI 224,clean,39,RED_FLAG_NULL;RED_FLAG_NULL_MEDIUM;NULL_RATIO_HIGH;UNLINKED_LOSS;ZERO_INJURIES;NO_PSLA_AMOUNT;NO_COMPARABLE,plaintiff.gender;injuries.overall_category;injuries.injuries;plaintiff.age_at_accident;plaintiff.occupation_before;psla.amount,0.750,0,0,0,0,0,0,0,0,2,0,0,0,0,0,,
HKCFI_2014_986.html.txt,2014_HKCFI_986.json,[2014] HKCFI 986,[2014] HKCFI 986,HCPI 18/2012,[2014] HKCFI 986,clean,39,RED_FLAG_NULL;RED_FLAG_NULL_MEDIUM;NULL_RATIO_HIGH;UNLINKED_LOSS;ZERO_INJURIES;NO_PSLA_AMOUNT;NO_COMPARABLE,plaintiff.gender;injuries.overall_category;injuries.injuries;plaintiff.age_at_accident;plaintiff.occupation_before;psla.amount,0.750,0,0,0,0,0,0,0,0,7,0,0,0,0,0,,
HKDC_2014_448.html.txt,2014_HKDC_448.json,[2014] HKDC 448,[2014] HKDC 448,DCPI 2562/2011,[2014] HKDC 448,clean,39,RED_FLAG_NULL;RED_FLAG_NULL_MEDIUM;NULL_RATIO_HIGH;NULL_ICD_SYMPTOM;INJURY_MULTI_BODY_PART;COARSE_ICD_NODE,plaintiff.gender;injuries.overall_category,0.500,3,1,0,1,0,0,1,0,0,0,0,0,1,0,,
HKDC_2015_678.html.txt,2015_HKDC_678.json,[2015] HKDC 678,[2015] HKDC 678,DCPI 1665/2011,[2015] HKDC 678,clean,39,RED_FLAG_NULL;RED_FLAG_NULL_MEDIUM;NULL_RATIO_HIGH;COARSE_ICD_NODE;NULL_ICD_PSYCH;PSYCH_DETECTED;NO_PSLA_AMOUNT;NO_COMPARABLE;MULTI_PLAINTIFF,plaintiff.gender;injuries.overall_category;plaintiff.age_at_accident;psla.amount,0.708,4,1,1,1,0,0,0,0,0,1,0,0,0,0,inj_004,
HKDC_2019_1161.html.txt,2019_HKDC_1161.json,[2019] HKDC 1161,[2019] HKDC 1161,DCPI 1651/2017,[2019] HKDC 1161,clean,39,RED_FLAG_NULL;RED_FLAG_NULL_MEDIUM;NULL_RATIO_HIGH;ICD_STOPPED_EARLY;ZERO_LOSSES,plaintiff.gender;injuries.overall_category;losses.losses;plaintiff.age_at_accident,0.583,3,0,0,0,1,0,0,0,0,0,0,0,0,0,,
HKCFI_1980_2.html.txt,1980_HKCFI_2.json,[1980] HKCFI 2,[1980] HKCFI 2,HCA 245/1979,[1980] HKCFI 2,clean,38,RED_FLAG_NULL_MEDIUM;NULL_RATIO_HIGH;COARSE_ICD_NODE;INJURY_MULTI_BODY_PART;NULL_ICD_OTHER;UNLINKED_MANIFESTATION;UNLINKED_LOSS;TREATMENT_CONTAMINATED;NO_COMPARABLE,injuries.overall_category,0.542,6,1,0,3,0,0,3,1,2,0,0,0,0,1,,
HKCFI_1980_86.html.txt,1980_HKCFI_86.json,[1980] HKCFI 86,[1980] HKCFI 86,HCA 1732/1978,[1980] HKCFI 86,clean,38,RED_FLAG_NULL;RED_FLAG_NULL_MEDIUM;NULL_RATIO_HIGH;COARSE_ICD_NODE;INJURY_MULTI_BODY_PART;UNLINKED_MANIFESTATION;NO_PSLA_AMOUNT;NO_COMPARABLE,plaintiff.gender;injuries.overall_category;plaintiff.age_at_accident;psla.amount,0.542,3,0,0,2,0,0,1,2,0,0,0,0,0,0,,
HKCFI_1984_254.html.txt,1984_HKCFI_254.json,[1984] HKCFI 254,[1984] HKCFI 254,HCA 864/1982,[1984] HKCFI 254,clean,38,RED_FLAG_NULL;RED_FLAG_NULL_MEDIUM;NULL_RATIO_HIGH;ICD_STOPPED_EARLY;TREATMENT_CONTAMINATED;NO_COMPARABLE,plaintiff.gender;injuries.overall_category,0.542,1,0,0,0,1,0,0,0,0,0,0,0,0,0,,
HKCFI_1998_314.html.txt,1998_HKCFI_314.json,[1998] HKCFI 314,[1998] HKCFI 314,HCPI 386/1996,[1998] HKCFI 314,clean,38,RED_FLAG_NULL;RED_FLAG_NULL_MEDIUM;NULL_RATIO_HIGH;UNLINKED_LOSS;ZERO_INJURIES;NO_COMPARABLE,plaintiff.gender;injuries.overall_category;injuries.injuries;plaintiff.age_at_accident,0.542,0,0,0,0,0,0,0,0,2,0,0,0,0,0,,
HKCFI_2002_233.html.txt,2002_HKCFI_233.json,[2002] HKCFI 233,[2002] HKCFI 233,HCPI 288/2001,[2002] HKCFI 233,clean,38,RED_FLAG_NULL;RED_FLAG_NULL_MEDIUM;NULL_RATIO_HIGH;COARSE_ICD_NODE;INJURY_MULTI_BODY_PART;UNLINKED_MANIFESTATION;UNLINKED_LOSS,plaintiff.gender;injuries.overall_category;plaintiff.age_at_accident,0.500,5,0,0,2,0,0,1,6,2,0,0,0,0,0,,
HKCFI_2004_461.html.txt,2004_HKCFI_461.json,[2004] HKCFI 461,[2004] HKCFI 461,HCPI 121/2001,[2004] HKCFI 461,clean,38,RED_FLAG_NULL;RED_FLAG_NULL_MEDIUM;NULL_RATIO_HIGH;COARSE_ICD_NODE;TREATMENT_CONTAMINATED;PSYCH_DETECTED,plaintiff.gender;injuries.overall_category,0.542,1,0,1,1,0,0,0,0,0,0,0,0,0,0,,
HKDC_2005_71.html.txt,2005_HKDC_71.json,[2005] HKDC 71,[2005] HKDC 71,DCPI 994/2004,[2005] HKDC 71,clean,38,RED_FLAG_NULL;RED_FLAG_NULL_MEDIUM;NULL_RATIO_HIGH;COARSE_ICD_NODE;INJURY_MULTI_BODY_PART;UNLINKED_MANIFESTATION;NO_COMPARABLE,plaintiff.gender;injuries.overall_category;plaintiff.occupation_before,0.542,4,0,0,3,0,0,3,1,0,0,0,0,0,0,,
HKCFI_2008_338.html.txt,2008_HKCFI_338.json,[2008] HKCFI 338,[2008] HKCFI 338,HCPI 290/2005,[2008] HKCFI 338,clean,38,RED_FLAG_NULL;RED_FLAG_NULL_MEDIUM;NULL_RATIO_HIGH;COARSE_ICD_NODE;NULL_ICD_PSYCH;UNLINKED_LOSS;PSYCH_DETECTED,plaintiff.gender;injuries.overall_category;plaintiff.age_at_accident;plaintiff.occupation_before,0.667,5,1,1,1,0,0,0,0,1,1,0,0,0,0,inj_004,
HKDC_2008_122.html.txt,2008_HKDC_122.json,[2008] HKDC 122,[2008] HKDC 122,DCPI 1059/2007,[2008] HKDC 122,clean,38,RED_FLAG_NULL;RED_FLAG_NULL_MEDIUM;NULL_RATIO_HIGH;NULL_ICD_OTHER;INJURY_MULTI_BODY_PART;UNLINKED_MANIFESTATION;ZERO_LOSSES,plaintiff.gender;injuries.overall_category;losses.losses,0.500,5,1,0,0,0,0,1,1,0,0,0,0,0,1,,
HKDC_2010_186.html.txt,2010_HKDC_186.json,[2010] HKDC 186,[2010] HKDC 186,DCPI 2272/2008,[2010] HKDC 186,clean,38,RED_FLAG_NULL;RED_FLAG_NULL_MEDIUM;NULL_RATIO_HIGH;UNLINKED_LOSS;ZERO_INJURIES;NO_COMPARABLE,plaintiff.gender;injuries.overall_category;injuries.injuries;plaintiff.age_at_accident;plaintiff.occupation_before,0.708,0,0,0,0,0,0,0,0,2,0,0,0,0,0,,
HKCFI_2015_1699.html.txt,2015_HKCFI_1699.json,[2015] HKCFI 1699,[2015] HKCFI 1699,HCPI 562/2013,[2015] HKCFI 1699,clean,38,RED_FLAG_NULL_MEDIUM;COARSE_ICD_NODE;INJURY_MULTI_BODY_PART;NULL_ICD_SYMPTOM;NULL_ICD_PSYCH;UNLINKED_MANIFESTATION;TREATMENT_CONTAMINATED;PSYCH_DETECTED;NO_COMPARABLE,injuries.overall_category;plaintiff.age_at_accident,0.292,8,2,1,2,0,0,1,1,0,1,0,0,1,0,inj_008,
HKCFI_2018_1024.html.txt,2018_HKCFI_1024.json,[2018] HKCFI 1024,[2018] HKCFI 1024,HCPI 232/2011,[2018] HKCFI 1024,clean,38,RED_FLAG_NULL;RED_FLAG_NULL_MEDIUM;NULL_RATIO_HIGH;NULL_ICD_OTHER;SOURCE_NOISE;NO_COMPARABLE;MULTI_PLAINTIFF,plaintiff.gender;injuries.overall_category,0.583,1,1,0,0,0,0,0,0,0,0,0,0,0,1,,
HKCFI_1976_106.html.txt,1976_HKCFI_106.json,[1976] HKCFI 106,[1976] HKCFI 106,HCPI 3094/1975,[1976] HKCFI 106,clean,37,RED_FLAG_NULL_MEDIUM;NULL_RATIO_HIGH;NULL_ICD_OTHER;COARSE_ICD_NODE;ICD_STOPPED_EARLY;INJURY_MULTI_BODY_PART;UNLINKED_MANIFESTATION;UNLINKED_LOSS;MULTI_PLAINTIFF,injuries.overall_category;plaintiff.age_at_accident,0.500,4,1,0,2,1,0,2,8,5,0,0,0,0,1,,
HKCFI_1979_130.html.txt,1979_HKCFI_130.json,[1979] HKCFI 130,[1979] HKCFI 130,HCA 3625/1977,[1979] HKCFI 130,clean,37,RED_FLAG_NULL;RED_FLAG_NULL_MEDIUM;NULL_RATIO_HIGH;COARSE_ICD_NODE;INJURY_MULTI_BODY_PART;UNLINKED_MANIFESTATION;UNLINKED_LOSS,plaintiff.gender;injuries.overall_category,0.542,2,0,0,1,0,0,1,10,5,0,0,0,0,0,,
HKCA_1997_549.html.txt,1997_HKCA_549.json,[1997] HKCA 549,[1997] HKCA 549,CACV 199/1996,[1997] HKCA 549,clean,37,RED_FLAG_NULL;RED_FLAG_NULL_MEDIUM;NULL_RATIO_HIGH;INJURY_MULTI_BODY_PART;COARSE_ICD_NODE;NULL_ICD_OTHER;PSYCH_DETECTED;NO_COMPARABLE;MULTI_PLAINTIFF,plaintiff.gender;injuries.overall_category;plaintiff.age_at_accident,0.667,3,1,1,1,0,0,2,0,0,0,0,0,0,1,,
HKCFI_2001_289.html.txt,2001_HKCFI_289.json,[2001] HKCFI 289,[2001] HKCFI 289,HCPI 1313/1999,[2001] HKCFI 289,clean,37,RED_FLAG_NULL;NULL_RATIO_HIGH;COARSE_ICD_NODE;ICD_STOPPED_EARLY;INJURY_MULTI_BODY_PART;PSYCH_DETECTED,plaintiff.gender;plaintiff.age_at_accident,0.500,4,0,1,2,1,0,1,0,0,0,0,0,0,0,,
HKCFI_2006_163.html.txt,2006_HKCFI_163.json,[2006] HKCFI 163,[2006] HKCFI 163,HCMP 2878/2004,[2006] HKCFI 163,clean,37,RED_FLAG_NULL;NULL_RATIO_HIGH;INJURY_MULTI_BODY_PART;ICD_STOPPED_EARLY;COARSE_ICD_NODE;NO_PSLA_AMOUNT;NO_COMPARABLE,plaintiff.gender;plaintiff.age_at_accident;psla.amount,0.667,4,0,0,1,1,0,1,0,0,0,0,0,0,0,,
HKCFI_2009_182.html.txt,2009_HKCFI_182.json,[2009] HKCFI 182,[2009] HKCFI 182,HCPI 107/2003,[2009] HKCFI 182,clean,37,RED_FLAG_NULL;NULL_RATIO_HIGH;NULL_ICD_SYMPTOM;COARSE_ICD_NODE;INJURY_MULTI_BODY_PART;PSYCH_DETECTED;NO_COMPARABLE,plaintiff.gender;plaintiff.age_at_accident,0.583,4,1,1,2,0,0,1,0,0,0,0,0,1,0,,
HKCFI_2012_1679.html.txt,2012_HKCFI_1679.json,[2012] HKCFI 1679,[2012] HKCFI 1679,HCPI 81/2011,[2012] HKCFI 1679,clean,37,RED_FLAG_NULL;NULL_RATIO_HIGH;ICD_STOPPED_EARLY;INJURY_MULTI_BODY_PART;NULL_ICD_OTHER;TREATMENT_CONTAMINATED;PSYCH_DETECTED,plaintiff.gender;plaintiff.age_at_accident,0.500,4,1,1,0,1,0,1,0,0,0,0,0,0,1,,
HKDC_2014_1159.html.txt,2014_HKDC_1159.json,[2014] HKDC 1159,[2014] HKDC 1159,DCPI 2072/2012,[2014] HKDC 1159,clean,37,RED_FLAG_NULL;RED_FLAG_NULL_MEDIUM;NULL_RATIO_HIGH;SOURCE_NOISE;PSYCH_DETECTED;NO_COMPARABLE,plaintiff.gender;injuries.overall_category;plaintiff.age_at_accident,0.542,1,0,1,0,0,0,0,0,0,0,0,0,0,0,inj_001,
HKDC_2014_375.html.txt,2014_HKDC_375.json,[2014] HKDC 375,[2014] HKDC 375,DCPI 2514/2012,[2014] HKDC 375,clean,37,RED_FLAG_NULL;RED_FLAG_NULL_MEDIUM;NULL_RATIO_HIGH;NULL_ICD_SYMPTOM;COARSE_ICD_NODE;NO_COMPARABLE,plaintiff.gender;injuries.overall_category,0.500,4,1,0,1,0,0,0,0,0,0,0,0,1,0,,
HKCFI_2016_616.html.txt,2016_HKCFI_616.json,[2016] HKCFI 616,[2016] HKCFI 616,HCPI 14/2013,[2016] HKCFI 616,clean,37,RED_FLAG_NULL;RED_FLAG_NULL_MEDIUM;NULL_RATIO_HIGH;UNLINKED_LOSS;ZERO_INJURIES,plaintiff.gender;injuries.overall_category;injuries.injuries;plaintiff.age_at_accident;plaintiff.occupation_before,0.708,0,0,0,0,0,0,0,0,1,0,0,0,0,0,,
HKCFI_1976_88.html.txt,1976_HKCFI_88.json,[1976] HKCFI 88,[1976] HKCFI 88,HCPI 2117/1974,[1976] HKCFI 88,clean,36,RED_FLAG_NULL;RED_FLAG_NULL_MEDIUM;NULL_RATIO_HIGH;COARSE_ICD_NODE;INJURY_MULTI_BODY_PART;NULL_ICD_OTHER;UNLINKED_MANIFESTATION,plaintiff.gender;injuries.overall_category;plaintiff.age_at_accident,0.542,4,1,0,1,0,0,1,5,0,0,0,0,0,1,,
HKCFI_1978_54.html.txt,1978_HKCFI_54.json,[1978] HKCFI 54,[1978] HKCFI 54,HCA 2887/1977,[1978] HKCFI 54,clean,36,RED_FLAG_NULL;NULL_RATIO_HIGH;COARSE_ICD_NODE;INJURY_MULTI_BODY_PART;TREATMENT_CONTAMINATED;NO_COMPARABLE,plaintiff.gender;plaintiff.age_at_accident,0.542,3,0,0,1,0,0,2,0,0,0,0,0,0,0,,
HKCFI_1980_74.html.txt,1980_HKCFI_74.json,[1980] HKCFI 74,[1980] HKCFI 74,HCA 968/1978,[1980] HKCFI 74,clean,36,RED_FLAG_NULL;NULL_RATIO_HIGH;ICD_STOPPED_EARLY;INJURY_MULTI_BODY_PART;COARSE_ICD_NODE;NULL_ICD_OTHER,plaintiff.gender;plaintiff.age_at_accident,0.542,7,1,0,1,1,0,3,0,0,0,0,0,0,1,,
HKCFI_1984_51.html.txt,1984_HKCFI_51.json,[1984] HKCFI 51,[1984] HKCFI 51,HCA 6764/1981,[1984] HKCFI 51,clean,36,RED_FLAG_NULL;RED_FLAG_NULL_MEDIUM;NULL_RATIO_HIGH;COARSE_ICD_NODE;INJURY_MULTI_BODY_PART;UNLINKED_MANIFESTATION,plaintiff.gender;injuries.overall_category;plaintiff.age_at_accident,0.625,3,0,0,2,0,0,1,1,0,0,0,0,0,0,,
HKCFI_1985_323.html.txt,1985_HKCFI_323.json,[1985] HKCFI 323,[1985] HKCFI 323,HCA 1959/1984,[1985] HKCFI 323,clean,36,RED_FLAG_NULL;RED_FLAG_NULL_MEDIUM;NULL_RATIO_HIGH;COARSE_ICD_NODE;UNLINKED_MANIFESTATION;NO_COMPARABLE,plaintiff.gender;injuries.overall_category;plaintiff.age_at_accident,0.583,6,0,0,4,0,0,0,3,0,0,0,0,0,0,,
HKCFI_2002_1164.html.txt,2002_HKCFI_1164.json,[2002] HKCFI 1164,[2002] HKCFI 1164,HCPI 130/2001,[2002] HKCFI 1164,clean,36,RED_FLAG_NULL;RED_FLAG_NULL_MEDIUM;NULL_RATIO_HIGH;COARSE_ICD_NODE;INJURY_MULTI_BODY_PART;UNLINKED_MANIFESTATION,plaintiff.gender;injuries.overall_category,0.500,7,0,0,2,0,0,3,1,0,0,0,0,0,0,,
HKDC_2002_204.html.txt,2002_HKDC_204.json,[2002] HKDC 204,[2002] HKDC 204,DCPI 317/2001,[2002] HKDC 204,clean,36,RED_FLAG_NULL;RED_FLAG_NULL_MEDIUM;NULL_RATIO_HIGH;COARSE_ICD_NODE;INJURY_MULTI_BODY_PART;UNLINKED_LOSS,plaintiff.gender;injuries.overall_category;plaintiff.age_at_accident,0.542,3,0,0,2,0,0,1,0,2,0,0,0,0,0,,
HKCFI_2003_811.html.txt,2003_HKCFI_811.json,[2003] HKCFI 811,[2003] HKCFI 811,HCPI 1260/1999,[2003] HKCFI 811,clean,36,RED_FLAG_NULL;RED_FLAG_NULL_MEDIUM;NULL_RATIO_HIGH;COARSE_ICD_NODE;NULL_ICD_OTHER;INJURY_MULTI_BODY_PART;UNLINKED_MANIFESTATION,plaintiff.gender;injuries.overall_category;plaintiff.age_at_accident,0.583,2,1,0,1,0,0,1,1,0,0,0,0,0,1,,
HKCFI_2004_616.html.txt,2004_HKCFI_616.json,[2004] HKCFI 616,[2004] HKCFI 616,HCPI 910/2003,[2004] HKCFI 616,clean,36,RED_FLAG_NULL;RED_FLAG_NULL_MEDIUM;NULL_RATIO_HIGH;UNLINKED_MANIFESTATION;UNLINKED_LOSS;TREATMENT_CONTAMINATED;NO_PSLA_AMOUNT;NO_COMPARABLE,plaintiff.gender;injuries.overall_category;plaintiff.age_at_accident;psla.amount,0.542,3,0,0,0,0,0,0,4,1,0,0,0,0,0,,
HKCFI_2004_782.html.txt,2004_HKCFI_782.json,[2004] HKCFI 782,[2004] HKCFI 782,HCPI 1120/2002,[2004] HKCFI 782,clean,36,RED_FLAG_NULL_MEDIUM;NULL_RATIO_HIGH;COARSE_ICD_NODE;ICD_STOPPED_EARLY;INJURY_MULTI_BODY_PART;UNLINKED_MANIFESTATION;UNLINKED_LOSS;NO_COMPARABLE,injuries.overall_category;plaintiff.age_at_accident;plaintiff.occupation_before,0.625,7,0,0,1,2,0,2,12,4,0,0,0,0,0,,
HKCFI_2006_633.html.txt,2006_HKCFI_633.json,[2006] HKCFI 633,[2006] HKCFI 633,HCPI 941/2005,[2006] HKCFI 633,clean,36,RED_FLAG_NULL;RED_FLAG_NULL_MEDIUM;NULL_RATIO_HIGH;COARSE_ICD_NODE;INJURY_MULTI_BODY_PART;NO_PSLA_AMOUNT;NO_COMPARABLE,plaintiff.gender;injuries.overall_category;plaintiff.age_at_accident;psla.amount,0.625,3,0,0,2,0,0,1,0,0,0,0,0,0,0,,
HKDC_2007_422.html.txt,2007_HKDC_422.json,[2007] HKDC 422,[2007] HKDC 422,DCPI 262/2006,[2007] HKDC 422,clean,36,RED_FLAG_NULL;RED_FLAG_NULL_MEDIUM;NULL_RATIO_HIGH;COARSE_ICD_NODE;INJURY_MULTI_BODY_PART;UNLINKED_MANIFESTATION,plaintiff.gender;injuries.overall_category;plaintiff.age_at_accident,0.500,4,0,0,2,0,0,2,2,0,0,0,0,0,0,,
HKCFI_2010_123.html.txt,2010_HKCFI_123.json,[2010] HKCFI 123,[2010] HKCFI 123,HCPI 850/2008,[2010] HKCFI 123,clean,36,RED_FLAG_NULL;RED_FLAG_NULL_MEDIUM;INJURY_MULTI_BODY_PART;NULL_ICD_PREEXISTING;NULL_ICD_PSYCH;NULL_ICD_OTHER;TREATMENT_CONTAMINATED;PSYCH_DETECTED,plaintiff.gender;injuries.overall_category;plaintiff.age_at_accident,0.417,6,3,1,0,0,0,2,0,0,1,1,0,0,1,inj_005,
HKCFI_2010_584.html.txt,2010_HKCFI_584.json,[2010] HKCFI 584,[2010] HKCFI 584,HCPI 214/2009,[2010] HKCFI 584,clean,36,RED_FLAG_NULL;RED_FLAG_NULL_MEDIUM;NULL_RATIO_HIGH;NULL_ICD_PREEXISTING;UNLINKED_MANIFESTATION;TREATMENT_CONTAMINATED,plaintiff.gender;injuries.overall_category;plaintiff.age_at_accident,0.500,3,2,0,0,0,0,0,1,0,0,2,0,0,0,,
HKDC_2010_1971.html.txt,2010_HKDC_1971.json,[2010] HKDC 1971,[2010] HKDC 1971,DCPI 546/2011,[2010] HKDC 1971,clean,36,RED_FLAG_NULL;RED_FLAG_NULL_MEDIUM;ICD_STOPPED_EARLY;COARSE_ICD_NODE;NULL_ICD_PREEXISTING;UNLINKED_MANIFESTATION,plaintiff.gender;injuries.overall_category,0.333,4,1,0,2,1,0,0,1,0,0,1,0,0,0,,
HKCFI_2012_515.html.txt,2012_HKCFI_515.json,[2012] HKCFI 515,[2012] HKCFI 515,HCPI 945/2003,[2012] HKCFI 515,clean,36,RED_FLAG_NULL_MEDIUM;NULL_RATIO_HIGH;ZERO_INJURIES;ZERO_LOSSES;NO_PSLA_AMOUNT;NO_COMPARABLE,injuries.overall_category;injuries.injuries;losses.losses;plaintiff.age_at_accident;plaintiff.occupation_before;psla.amount,0.708,0,0,0,0,0,0,0,0,0,0,0,0,0,0,,
HKDC_2014_245.html.txt,2014_HKDC_245.json,[2014] HKDC 245,[2014] HKDC 245,DCPI 1234/2012,[2014] HKDC 245,clean,36,RED_FLAG_NULL_MEDIUM;NULL_RATIO_HIGH;COARSE_ICD_NODE;INJURY_MULTI_BODY_PART;UNLINKED_MANIFESTATION;ZERO_LOSSES,injuries.overall_category;losses.losses;plaintiff.age_at_accident,0.583,5,0,0,3,0,0,2,3,0,0,0,0,0,0,,
HKCFI_2016_197.html.txt,2016_HKCFI_197.json,[2016] HKCFI 197,[2016] HKCFI 197,HCPI 427/2008,[2016] HKCFI 197,clean,36,RED_FLAG_NULL_MEDIUM;NULL_RATIO_HIGH;ICD_STOPPED_EARLY;COARSE_ICD_NODE;ZERO_LOSSES,injuries.overall_category;losses.losses;plaintiff.age_at_accident,0.542,2,0,0,1,1,0,0,0,0,0,0,0,0,0,,
HKCFI_2017_1808.html.txt,2017_HKCFI_1808.json,[2017] HKCFI 1808,[2017] HKCFI 1808,HCPI 173/2015,[2017] HKCFI 1808,clean,36,RED_FLAG_NULL;RED_FLAG_NULL_MEDIUM;NULL_RATIO_HIGH;COARSE_ICD_NODE;INJURY_MULTI_BODY_PART;UNLINKED_MANIFESTATION;NO_COMPARABLE,plaintiff.gender;injuries.overall_category;plaintiff.age_at_accident,0.583,2,0,0,1,0,0,1,4,0,0,0,0,0,0,,
HKCFI_1975_17.html.txt,1975_HKCFI_17.json,[1975] HKCFI 17,[1975] HKCFI 17,HCA 1489/1973,[1975] HKCFI 17,clean,35,RED_FLAG_NULL;RED_FLAG_NULL_MEDIUM;NULL_RATIO_HIGH;COARSE_ICD_NODE;INJURY_MULTI_BODY_PART;NULL_ICD_OTHER;NO_COMPARABLE,plaintiff.gender;injuries.overall_category;plaintiff.age_at_accident,0.583,3,1,0,1,0,0,1,0,0,0,0,0,0,1,,
HKCFI_1983_190.html.txt,1983_HKCFI_190.json,[1983] HKCFI 190,[1983] HKCFI 190,HCA 986/1982,[1983] HKCFI 190,clean,35,RED_FLAG_NULL;RED_FLAG_NULL_MEDIUM;NULL_RATIO_HIGH;COARSE_ICD_NODE;UNLINKED_MANIFESTATION;UNLINKED_LOSS,plaintiff.gender;injuries.overall_category,0.500,2,0,0,2,0,0,0,2,1,0,0,0,0,0,,
HKCFI_1984_395.html.txt,1984_HKCFI_395.json,[1984] HKCFI 395,[1984] HKCFI 395,HCA 11115/1983,[1984] HKCFI 395,clean,35,RED_FLAG_NULL;RED_FLAG_NULL_MEDIUM;NULL_RATIO_HIGH;NULL_ICD_OTHER;COARSE_ICD_NODE;UNLINKED_MANIFESTATION;UNLINKED_LOSS,plaintiff.gender;injuries.overall_category,0.500,4,3,0,1,0,0,0,3,1,0,0,0,0,3,,
HKCFI_1987_139.html.txt,1987_HKCFI_139.json,[1987] HKCFI 139,[1987] HKCFI 139,HCA 2496/1977,[1987] HKCFI 139,clean,35,RED_FLAG_NULL_MEDIUM;NULL_RATIO_HIGH;ICD_STOPPED_EARLY;COARSE_ICD_NODE;INJURY_MULTI_BODY_PART;NULL_ICD_OTHER;PSYCH_DETECTED;NO_COMPARABLE;MULTI_PLAINTIFF,injuries.overall_category;plaintiff.age_at_accident,0.500,8,2,1,2,1,0,3,0,0,0,0,0,0,2,,
HKCFI_1987_20.html.txt,1987_HKCFI_20.json,[1987] HKCFI 20,[1987] HKCFI 20,HCA 957/1984,[1987] HKCFI 20,clean,35,RED_FLAG_NULL_MEDIUM;NULL_RATIO_HIGH;COARSE_ICD_NODE;INJURY_MULTI_BODY_PART;ICD_STOPPED_EARLY;UNLINKED_MANIFESTATION;UNLINKED_LOSS,injuries.overall_category;plaintiff.age_at_accident,0.500,3,0,0,2,1,0,1,1,1,0,0,0,0,0,,
HKCFI_1988_461.html.txt,1988_HKCFI_461.json,[1988] HKCFI 461,[1988] HKCFI 461,HCA 303/1988,[1988] HKCFI 461,clean,35,RED_FLAG_NULL;RED_FLAG_NULL_MEDIUM;INJURY_MULTI_BODY_PART;COARSE_ICD_NODE;UNLINKED_MANIFESTATION;PSYCH_DETECTED;PSYCH_NO_PERSONALITY_CHANGE_LOSS,plaintiff.gender;injuries.overall_category,0.417,5,0,1,1,0,0,2,3,0,0,0,0,0,0,inj_001,
HKCFI_1999_858.html.txt,1999_HKCFI_858.json,[1999] HKCFI 858,[1999] HKCFI 858,HCPI 407/1997,[1999] HKCFI 858,clean,35,RED_FLAG_NULL_MEDIUM;ICD_STOPPED_EARLY;COARSE_ICD_NODE;NULL_ICD_PSYCH;UNLINKED_LOSS;TREATMENT_CONTAMINATED;PSYCH_DETECTED;NO_COMPARABLE,injuries.overall_category,0.375,3,1,1,1,1,0,0,0,1,1,0,0,0,0,inj_003,
HKCFI_2001_555.html.txt,2001_HKCFI_555.json,[2001] HKCFI 555,[2001] HKCFI 555,HCPI 300/2000,[2001] HKCFI 555,clean,35,COARSE_ICD_NODE;ICD_STOPPED_EARLY;INJURY_MULTI_BODY_PART;NULL_ICD_PSYCH;UNLINKED_MANIFESTATION;UNLINKED_LOSS;TREATMENT_CONTAMINATED;PSYCH_DETECTED,,0.375,4,1,1,2,1,0,2,1,2,1,0,0,0,0,"inj_002,inj_003",
HKCFI_2003_176.html.txt,2003_HKCFI_176.json,[2003] HKCFI 176,[2003] HKCFI 176,HCPI 1063/2000,[2003] HKCFI 176,clean,35,RED_FLAG_NULL;RED_FLAG_NULL_MEDIUM;COARSE_ICD_NODE;INJURY_MULTI_BODY_PART;UNLINKED_MANIFESTATION;TREATMENT_CONTAMINATED,plaintiff.gender;injuries.overall_category;plaintiff.age_at_accident,0.458,4,0,0,2,0,0,3,3,0,0,0,0,0,0,,
HKCFI_2004_465.html.txt,2004_HKCFI_465.json,[2004] HKCFI 465,[2004] HKCFI 465,HCPI 970/2001,[2004] HKCFI 465,clean,35,RED_FLAG_NULL;RED_FLAG_NULL_MEDIUM;NULL_RATIO_HIGH;COARSE_ICD_NODE;UNLINKED_MANIFESTATION;UNLINKED_LOSS;NO_COMPARABLE,plaintiff.gender;injuries.overall_category,0.500,3,0,0,1,0,0,0,6,1,0,0,0,0,0,,
HKDC_2005_67.html.txt,2005_HKDC_67.json,[2005] HKDC 67,[2005] HKDC 67,DCPI 869/2004,[2005] HKDC 67,clean,35,RED_FLAG_NULL;RED_FLAG_NULL_MEDIUM;NULL_RATIO_HIGH;UNLINKED_MANIFESTATION;ZERO_LOSSES;NO_PSLA_AMOUNT,plaintiff.gender;losses.losses;plaintiff.age_at_accident;plaintiff.occupation_before;psla.amount,0.708,3,0,0,0,0,0,0,1,0,0,0,0,0,0,,
HKCFI_2006_164.html.txt,2006_HKCFI_164.json,[2006] HKCFI 164,[2006] HKCFI 164,HCPI 573/2004,[2006] HKCFI 164,clean,35,RED_FLAG_NULL;RED_FLAG_NULL_MEDIUM;NULL_RATIO_HIGH;ICD_STOPPED_EARLY;UNLINKED_MANIFESTATION;UNLINKED_LOSS;NO_COMPARABLE,plaintiff.gender;injuries.overall_category;plaintiff.age_at_accident,0.500,3,0,0,0,1,0,0,2,3,0,0,0,0,0,,
HKCFI_2006_709.html.txt,2006_HKCFI_709.json,[2006] HKCFI 709,[2006] HKCFI 709,HCPI 575/2004,[2006] HKCFI 709,clean,35,RED_FLAG_NULL;RED_FLAG_NULL_MEDIUM;COARSE_ICD_NODE;INJURY_MULTI_BODY_PART;ZERO_LOSSES;NO_COMPARABLE,plaintiff.gender;injuries.overall_category;losses.losses,0.458,4,0,0,1,0,0,1,0,0,0,0,0,0,0,,
HKDC_2007_327.html.txt,2007_HKDC_327.json,[2007] HKDC 327,[2007] HKDC 327,DCPI 68/2007,[2007] HKDC 327,clean,35,RED_FLAG_NULL_MEDIUM;NULL_RATIO_HIGH;INJURY_MULTI_BODY_PART;COARSE_ICD_NODE;SOURCE_NOISE,injuries.overall_category;plaintiff.occupation_before,0.500,2,0,0,1,0,0,1,0,0,0,0,0,0,0,,
HKCFI_2008_776.html.txt,2008_HKCFI_776.json,[2008] HKCFI 776,[2008] HKCFI 776,HCPI 48/2007,[2008] HKCFI 776,clean,35,RED_FLAG_NULL;RED_FLAG_NULL_MEDIUM;NULL_RATIO_HIGH;SOURCE_NOISE,plaintiff.gender;injuries.overall_category;plaintiff.age_at_accident,0.500,1,0,0,0,0,0,0,0,0,0,0,0,0,0,,
HKCFI_2008_912.html.txt,2008_HKCFI_912.json,[2008] HKCFI 912,[2008] HKCFI 912,HCPI 1049/2006,[2008] HKCFI 912,clean,35,RED_FLAG_NULL_MEDIUM;NULL_RATIO_HIGH;COARSE_ICD_NODE;ICD_STOPPED_EARLY;UNLINKED_MANIFESTATION;UNLINKED_LOSS;PSYCH_DETECTED;NO_PSLA_AMOUNT;NO_COMPARABLE,injuries.overall_category;psla.amount,0.625,8,0,1,2,1,0,0,2,1,0,0,0,0,0,,
HKDC_2009_1510.html.txt,2009_HKDC_1510.json,[2009] HKDC 1510,[2009] HKDC 1510,DCCJ 3385/2008,[2009] HKDC 1510,clean,35,RED_FLAG_NULL;RED_FLAG_NULL_MEDIUM;NULL_RATIO_HIGH;COARSE_ICD_NODE;INJURY_MULTI_BODY_PART;NO_PSLA_AMOUNT;NO_COMPARABLE,plaintiff.gender;injuries.overall_category;plaintiff.age_at_accident;plaintiff.occupation_before;psla.amount,0.708,1,0,0,1,0,0,1,0,0,0,0,0,0,0,,
HKDC_2010_96.html.txt,2010_HKDC_96.json,[2010] HKDC 96,[2010] HKDC 96,DCCJ 2447/2009,[2010] HKDC 96,clean,35,RED_FLAG_NULL;RED_FLAG_NULL_MEDIUM;NULL_RATIO_HIGH;UNLINKED_MANIFESTATION;ZERO_LOSSES;NO_PSLA_AMOUNT,plaintiff.gender;injuries.overall_category;losses.losses;plaintiff.age_at_accident;psla.amount,0.667,4,0,0,0,0,0,0,2,0,0,0,0,0,0,,
HKDC_2011_146.html.txt,2011_HKDC_146.json,[2011] HKDC 146,[2011] HKDC 146,DCPI 2398/2009,[2011] HKDC 146,clean,35,RED_FLAG_NULL;RED_FLAG_NULL_MEDIUM;NULL_RATIO_HIGH;INJURY_MULTI_BODY_PART;NULL_ICD_PREEXISTING;PREEXISTING_METADATA_MISMATCH;UNLINKED_MANIFESTATION,plaintiff.gender;injuries.overall_category;plaintiff.age_at_accident,0.500,2,1,0,0,0,0,1,7,0,0,1,0,0,0,,
HKDC_2013_754.html.txt,2013_HKDC_754.json,[2013] HKDC 754,[2013] HKDC 754,DCPI 353/2012,[2013] HKDC 754,clean,35,RED_FLAG_NULL_MEDIUM;COARSE_ICD_NODE;NULL_ICD_PREEXISTING;UNLINKED_MANIFESTATION;TREATMENT_CONTAMINATED;ZERO_LOSSES;NO_COMPARABLE,injuries.overall_category;losses.losses;plaintiff.age_at_accident,0.458,2,1,0,1,0,0,0,1,0,0,1,0,0,0,,
HKDC_2014_456.html.txt,2014_HKDC_456.json,[2014] HKDC 456,[2014] HKDC 456,DCPI 1080/2010,[2014] HKDC 456,clean,35,RED_FLAG_NULL_MEDIUM;NULL_RATIO_HIGH;INJURY_MULTI_BODY_PART;COARSE_ICD_NODE;NULL_ICD_PREEXISTING;NULL_ICD_OTHER;NULL_ICD_PSYCH;PSYCH_DETECTED,injuries.overall_category;plaintiff.age_at_accident,0.542,8,5,1,2,0,0,4,0,0,1,1,0,0,3,inj_008,
HKDC_2015_1337.html.txt,2015_HKDC_1337.json,[2015] HKDC 1337,[2015] HKDC 1337,DCPI 1665/2011,[2015] HKDC 1337,clean,35,RED_FLAG_NULL;RED_FLAG_NULL_MEDIUM;NULL_RATIO_HIGH;INJURY_MULTI_BODY_PART;NULL_ICD_PSYCH;PSYCH_DETECTED;NO_PSLA_AMOUNT;NO_COMPARABLE;MULTI_PLAINTIFF,plaintiff.gender;injuries.overall_category;plaintiff.age_at_accident;psla.amount,0.708,5,2,1,0,0,0,1,0,0,2,0,0,0,0,"inj_004,inj_005",
HKCFI_2018_1107.html.txt,2018_HKCFI_1107.json,[2018] HKCFI 1107,[2018] HKCFI 1107,HCPI 1126/2014,[2018] HKCFI 1107,clean,35,RED_FLAG_NULL_MEDIUM;NULL_ICD_SYMPTOM;INJURY_MULTI_BODY_PART;NULL_ICD_PREEXISTING;COARSE_ICD_NODE;ZERO_LOSSES;NO_COMPARABLE,injuries.overall_category;losses.losses;plaintiff.age_at_accident,0.417,3,2,0,1,0,0,2,0,0,0,1,0,1,0,,
HKCFI_1976_87.html.txt,1976_HKCFI_87.json,[1976] HKCFI 87,[1976] HKCFI 87,HCPI 1711/1973,[1976] HKCFI 87,clean,34,RED_FLAG_NULL;RED_FLAG_NULL_MEDIUM;NULL_RATIO_HIGH;NULL_ICD_PREEXISTING;COARSE_ICD_NODE,plaintiff.gender;injuries.overall_category;plaintiff.age_at_accident,0.500,3,1,0,1,0,0,0,0,0,0,1,0,0,0,,
HKCFI_1979_58.html.txt,1979_HKCFI_58.json,[1979] HKCFI 58,[1979] HKCFI 58,HCA 4009/1978,[1979] HKCFI 58,clean,34,RED_FLAG_NULL;RED_FLAG_NULL_MEDIUM;NULL_RATIO_HIGH;COARSE_ICD_NODE;UNLINKED_MANIFESTATION;NO_COMPARABLE,plaintiff.gender;injuries.overall_category;plaintiff.age_at_accident,0.500,4,0,0,2,0,0,0,1,0,0,0,0,0,0,,
HKCFI_1984_404.html.txt,1984_HKCFI_404.json,[1984] HKCFI 404,[1984] HKCFI 404,HCA 12683/1983,[1984] HKCFI 404,clean,34,RED_FLAG_NULL;RED_FLAG_NULL_MEDIUM;NULL_RATIO_HIGH;COARSE_ICD_NODE;INJURY_MULTI_BODY_PART;NULL_ICD_OTHER,plaintiff.gender;injuries.overall_category,0.500,3,1,0,1,0,0,2,0,0,0,0,0,0,1,,
HKCFI_1986_124.html.txt,1986_HKCFI_124.json,[1986] HKCFI 124,[1986] HKCFI 124,HCA 2006/1984,[1986] HKCFI 124,clean,34,RED_FLAG_NULL_MEDIUM;NULL_RATIO_HIGH;NULL_ICD_OTHER;INJURY_MULTI_BODY_PART;ICD_STOPPED_EARLY;COARSE_ICD_NODE;NO_COMPARABLE,injuries.overall_category;plaintiff.age_at_accident;plaintiff.occupation_before,0.583,13,6,0,2,2,0,2,0,0,0,0,0,0,6,,
HKCFI_1995_22.html.txt,1995_HKCFI_22.json,[1995] HKCFI 22,[1995] HKCFI 22,HCA 5715/1989,[1995] HKCFI 22,clean,34,RED_FLAG_NULL;NULL_RATIO_HIGH;INJURY_MULTI_BODY_PART;COARSE_ICD_NODE;UNLINKED_MANIFESTATION;UNLINKED_LOSS;MULTI_PLAINTIFF,plaintiff.gender,0.542,3,0,0,2,0,0,3,3,3,0,0,0,0,0,,
HKCFI_1998_345.html.txt,1998_HKCFI_345.json,[1998] HKCFI 345,[1998] HKCFI 345,HCPI 765/1995,[1998] HKCFI 345,clean,34,RED_FLAG_NULL;ICD_STOPPED_EARLY;COARSE_ICD_NODE;INJURY_MULTI_BODY_PART;TREATMENT_CONTAMINATED,plaintiff.gender,0.375,4,0,0,1,1,0,2,0,0,0,0,0,0,0,,
HKCFI_1998_809.html.txt,1998_HKCFI_809.json,[1998] HKCFI 809,[1998] HKCFI 809,HCPI 374/1998,[1998] HKCFI 809,clean,34,RED_FLAG_NULL;RED_FLAG_NULL_MEDIUM;COARSE_ICD_NODE;UNLINKED_MANIFESTATION;ZERO_LOSSES;NO_COMPARABLE,plaintiff.gender;injuries.overall_category;losses.losses;plaintiff.age_at_accident,0.458,3,0,0,1,0,0,0,3,0,0,0,0,0,0,,
HKCFI_2000_1389.html.txt,2000_HKCFI_1389.json,[2000] HKCFI 1389,[2000] HKCFI 1389,HCPI 676/1998,[2000] HKCFI 1389,clean,34,RED_FLAG_NULL;ICD_STOPPED_EARLY;INJURY_MULTI_BODY_PART;NULL_ICD_PREEXISTING;NULL_ICD_PSYCH;UNLINKED_MANIFESTATION;PSYCH_DETECTED;NO_COMPARABLE,plaintiff.gender,0.417,5,2,1,0,2,0,3,2,0,1,1,0,0,0,"inj_001,inj_004,inj_005",
HKCFI_2005_300.html.txt,2005_HKCFI_300.json,[2005] HKCFI 300,[2005] HKCFI 300,HCPI 330/2004,[2005] HKCFI 300,clean,34,RED_FLAG_NULL;RED_FLAG_NULL_MEDIUM;NULL_ICD_PREEXISTING;INJURY_MULTI_BODY_PART;COARSE_ICD_NODE;PREEXISTING_METADATA_MISMATCH;UNLINKED_MANIFESTATION,plaintiff.gender;injuries.overall_category,0.458,6,1,0,1,0,0,1,17,0,0,1,0,0,0,,
HKCFI_2007_652.html.txt,2007_HKCFI_652.json,[2007] HKCFI 652,[2007] HKCFI 652,HCPI 679/2004,[2007] HKCFI 652,clean,34,NULL_RATIO_HIGH;ICD_STOPPED_EARLY;COARSE_ICD_NODE;INJURY_MULTI_BODY_PART;NULL_ICD_PSYCH;UNLINKED_MANIFESTATION;PSYCH_DETECTED,plaintiff.age_at_accident,0.500,9,1,1,1,2,0,4,9,0,1,0,0,0,0,inj_008,
HKDC_2007_341.html.txt,2007_HKDC_341.json,[2007] HKDC 341,[2007] HKDC 341,DCPI 1415/2006,[2007] HKDC 341,clean,34,RED_FLAG_NULL;RED_FLAG_NULL_MEDIUM;NULL_RATIO_HIGH;ZERO_LOSSES;NO_PSLA_AMOUNT;NO_COMPARABLE,plaintiff.gender;injuries.overall_category;losses.losses;plaintiff.age_at_accident;psla.amount,0.667,1,0,0,0,0,0,0,0,0,0,0,0,0,0,,
HKDC_2008_325.html.txt,2008_HKDC_325.json,[2008] HKDC 325,[2008] HKDC 325,DCPI 1064/2008,[2008] HKDC 325,clean,34,RED_FLAG_NULL;NULL_RATIO_HIGH;INJURY_MULTI_BODY_PART;NULL_ICD_PREEXISTING;COARSE_ICD_NODE;UNLINKED_MANIFESTATION,plaintiff.gender,0.500,4,1,0,1,0,0,3,2,0,0,1,0,0,0,,
HKCFI_2010_264.html.txt,2010_HKCFI_264.json,[2010] HKCFI 264,[2010] HKCFI 264,HCPI 657/2007,[2010] HKCFI 264,clean,34,RED_FLAG_NULL_MEDIUM;NULL_RATIO_HIGH;ICD_STOPPED_EARLY;COARSE_ICD_NODE;INJURY_MULTI_BODY_PART;NO_COMPARABLE,injuries.overall_category,0.500,9,0,0,3,2,0,2,0,0,0,0,0,0,0,,
HKDC_2010_59.html.txt,2010_HKDC_59.json,[2010] HKDC 59,[2010] HKDC 59,DCPI 525/2007,[2010] HKDC 59,clean,34,RED_FLAG_NULL;RED_FLAG_NULL_MEDIUM;NULL_RATIO_HIGH;NULL_ICD_OTHER;ZERO_LOSSES;NO_COMPARABLE,plaintiff.gender;losses.losses;plaintiff.age_at_accident,0.625,1,1,0,0,0,0,0,0,0,0,0,0,0,1,,
HKCFI_2015_1894.html.txt,2015_HKCFI_1894.json,[2015] HKCFI 1894,[2015] HKCFI 1894,HCPI 15/2014,[2015] HKCFI 1894,clean,34,RED_FLAG_NULL_MEDIUM;NULL_RATIO_HIGH;COARSE_ICD_NODE;NULL_ICD_OTHER;INJURY_MULTI_BODY_PART;NULL_ICD_PSYCH;UNLINKED_LOSS;PSYCH_DETECTED;NO_PSLA_AMOUNT;NO_COMPARABLE,injuries.overall_category;psla.amount,0.500,5,2,1,1,0,0,2,0,1,1,0,0,0,1,"inj_004,inj_005",
HKDC_2017_832.html.txt,2017_HKDC_832.json,[2017] HKDC 832,[2017] HKDC 832,DCPI 801/2016,[2017] HKDC 832,clean,34,RED_FLAG_NULL;RED_FLAG_NULL_MEDIUM;NULL_RATIO_HIGH;COARSE_ICD_NODE;INJURY_MULTI_BODY_PART;NO_COMPARABLE,plaintiff.gender;injuries.overall_category;plaintiff.occupation_before,0.625,1,0,0,1,0,0,1,0,0,0,0,0,0,0,,
HKCFI_1982_24.html.txt,1982_HKCFI_24.json,[1982] HKCFI 24,[1982] HKCFI 24,HCA 6593/1981,[1982] HKCFI 24,clean,33,RED_FLAG_NULL;NULL_RATIO_HIGH;NULL_ICD_OTHER;INJURY_MULTI_BODY_PART;COARSE_ICD_NODE;UNLINKED_MANIFESTATION,plaintiff.gender;plaintiff.age_at_accident,0.500,4,1,0,3,0,0,2,1,0,0,0,0,0,1,,
HKCFI_1997_561.html.txt,1997_HKCFI_561.json,[1997] HKCFI 561,[1997] HKCFI 561,HCPI 1045/1995,[1997] HKCFI 561,clean,33,RED_FLAG_NULL;RED_FLAG_NULL_MEDIUM;NULL_RATIO_HIGH;NULL_ICD_OTHER;NULL_ICD_PREEXISTING;UNLINKED_MANIFESTATION;UNLINKED_LOSS;NO_COMPARABLE,plaintiff.gender;injuries.overall_category;plaintiff.age_at_accident,0.500,2,2,0,0,0,0,0,5,2,0,1,0,0,1,,
HKCFI_1998_395.html.txt,1998_HKCFI_395.json,[1998] HKCFI 395,[1998] HKCFI 395,HCPI 5/1994,[1998] HKCFI 395,clean,33,RED_FLAG_NULL;RED_FLAG_NULL_MEDIUM;NULL_RATIO_HIGH;COARSE_ICD_NODE;INJURY_MULTI_BODY_PART,plaintiff.gender;injuries.overall_category;plaintiff.age_at_accident,0.583,2,0,0,1,0,0,2,0,0,0,0,0,0,0,,
HKCFI_1999_1063.html.txt,1999_HKCFI_1063.json,[1999] HKCFI 1063,[1999] HKCFI 1063,HCPI 963/1997,[1999] HKCFI 1063,clean,33,RED_FLAG_NULL;RED_FLAG_NULL_MEDIUM;NULL_RATIO_HIGH;COARSE_ICD_NODE;NULL_ICD_OTHER;UNLINKED_MANIFESTATION,plaintiff.gender;injuries.overall_category,0.500,2,1,0,1,0,0,0,1,0,0,0,0,0,1,,
HKCFI_2002_409.html.txt,2002_HKCFI_409.json,[2002] HKCFI 409,[2002] HKCFI 409,HCPI 913/2000,[2002] HKCFI 409,clean,33,RED_FLAG_NULL;RED_FLAG_NULL_MEDIUM;NULL_RATIO_HIGH;COARSE_ICD_NODE;UNLINKED_LOSS;NO_COMPARABLE,plaintiff.gender;injuries.overall_category,0.500,2,0,0,1,0,0,0,0,1,0,0,0,0,0,,
HKCFI_2003_958.html.txt,2003_HKCFI_958.json,[2003] HKCFI 958,[2003] HKCFI 958,HCPI 305/2002,[2003] HKCFI 958,clean,33,RED_FLAG_NULL;RED_FLAG_NULL_MEDIUM;NULL_RATIO_HIGH;COARSE_ICD_NODE;NO_COMPARABLE,plaintiff.gender;injuries.overall_category;plaintiff.age_at_accident,0.583,3,0,0,3,0,0,0,0,0,0,0,0,0,0,,
HKCFI_2005_1257.html.txt,2005_HKCFI_1257.json,[2005] HKCFI 1257,[2005] HKCFI 1257,HCPI 1086/2004,[2005] HKCFI 1257,clean,33,RED_FLAG_NULL_MEDIUM;NULL_RATIO_HIGH;COARSE_ICD_NODE;SOURCE_NOISE;NO_COMPARABLE,injuries.overall_category,0.542,3,0,0,1,0,0,0,0,0,0,0,0,0,0,,
HKCFI_2005_330.html.txt,2005_HKCFI_330.json,[2005] HKCFI 330,[2005] HKCFI 330,HCPI 269/2004,[2005] HKCFI 330,clean,33,RED_FLAG_NULL;RED_FLAG_NULL_MEDIUM;ICD_STOPPED_EARLY;INJURY_MULTI_BODY_PART;TREATMENT_CONTAMINATED;NO_COMPARABLE,plaintiff.gender;injuries.overall_category,0.375,3,0,0,0,1,0,1,0,0,0,0,0,0,0,,
HKCFI_2005_810.html.txt,2005_HKCFI_810.json,[2005] HKCFI 810,[2005] HKCFI 810,HCPI 1006/2003,[2005] HKCFI 810,clean,33,RED_FLAG_NULL;RED_FLAG_NULL_MEDIUM;NULL_RATIO_HIGH;COARSE_ICD_NODE;INJURY_MULTI_BODY_PART,plaintiff.gender;injuries.overall_category;plaintiff.age_at_accident,0.500,1,0,0,1,0,0,1,0,0,0,0,0,0,0,,
HKCFI_2005_920.html.txt,2005_HKCFI_920.json,[2005] HKCFI 920,[2005] HKCFI 920,HCPI 290/2003,[2005] HKCFI 920,clean,33,RED_FLAG_NULL_MEDIUM;NULL_RATIO_HIGH;ICD_STOPPED_EARLY;INJURY_MULTI_BODY_PART;NULL_ICD_PSYCH;UNLINKED_LOSS;PSYCH_DETECTED,injuries.overall_category;plaintiff.age_at_accident,0.500,7,1,1,0,3,0,2,0,1,1,0,0,0,0,inj_007,
HKCFI_2006_507.html.txt,2006_HKCFI_507.json,[2006] HKCFI 507,[2006] HKCFI 507,HCPI 428/2005,[2006] HKCFI 507,clean,33,RED_FLAG_NULL;RED_FLAG_NULL_MEDIUM;NULL_RATIO_HIGH;NULL_ICD_OTHER;TREATMENT_CONTAMINATED;NO_PSLA_AMOUNT;NO_COMPARABLE,plaintiff.gender;injuries.overall_category;psla.amount,0.500,3,1,0,0,0,0,0,0,0,0,0,0,0,1,,
HKCFI_2006_837.html.txt,2006_HKCFI_837.json,[2006] HKCFI 837,[2006] HKCFI 837,HCPI 686/2004,[2006] HKCFI 837,clean,33,RED_FLAG_NULL;RED_FLAG_NULL_MEDIUM;NULL_ICD_PREEXISTING;INJURY_MULTI_BODY_PART;UNLINKED_MANIFESTATION;TREATMENT_CONTAMINATED;PSYCH_DETECTED;NO_COMPARABLE,plaintiff.gender;injuries.overall_category,0.458,3,2,1,0,0,0,2,3,0,0,2,0,0,0,,
HKDC_2006_113.html.txt,2006_HKDC_113.json,[2006] HKDC 113,[2006] HKDC 113,DCPI 189/2004,[2006] HKDC 113,clean,33,RED_FLAG_NULL;RED_FLAG_NULL_MEDIUM;NULL_RATIO_HIGH;ZERO_LOSSES;NO_COMPARABLE,plaintiff.gender;injuries.overall_category;losses.losses;plaintiff.age_at_accident;plaintiff.occupation_before,0.708,1,0,0,0,0,0,0,0,0,0,0,0,0,0,,
HKDC_2007_32.html.txt,2007_HKDC_32.json,[2007] HKDC 32,[2007] HKDC 32,DCPI 468/2004,[2007] HKDC 32,clean,33,NULL_RATIO_HIGH;COARSE_ICD_NODE;NULL_ICD_SYMPTOM;INJURY_MULTI_BODY_PART;UNLINKED_MANIFESTATION;TREATMENT_CONTAMINATED,plaintiff.age_at_accident,0.500,2,1,0,1,0,0,1,5,0,0,0,0,1,0,,
HKDC_2007_50.html.txt,2007_HKDC_50.json,[2007] HKDC 50,[2007] HKDC 50,DCPI 1223/2006,[2007] HKDC 50,clean,33,RED_FLAG_NULL;RED_FLAG_NULL_MEDIUM;NULL_RATIO_HIGH;INJURY_MULTI_BODY_PART;TREATMENT_CONTAMINATED,plaintiff.gender;injuries.overall_category,0.542,2,0,0,0,0,0,2,0,0,0,0,0,0,0,,
HKDC_2008_212.html.txt,2008_HKDC_212.json,[2008] HKDC 212,[2008] HKDC 212,DCPI 2343/2006,[2008] HKDC 212,clean,33,RED_FLAG_NULL;RED_FLAG_NULL_MEDIUM;ICD_STOPPED_EARLY;COARSE_ICD_NODE;UNLINKED_MANIFESTATION;UNLINKED_LOSS,plaintiff.gender;injuries.overall_category;plaintiff.age_at_accident,0.458,4,0,0,1,1,0,0,2,2,0,0,0,0,0,,
HKCFI_2011_1591.html.txt,2011_HKCFI_1591.json,[2011] HKCFI 1591,[2011] HKCFI 1591,HCPI 381/2011,[2011] HKCFI 1591,clean,33,RED_FLAG_NULL_MEDIUM;NULL_RATIO_HIGH;NULL_ICD_OTHER;TREATMENT_CONTAMINATED;ZERO_LOSSES;NO_PSLA_AMOUNT;NO_COMPARABLE;MULTI_PLAINTIFF,injuries.overall_category;losses.losses;plaintiff.occupation_before;psla.amount,0.667,4,2,0,0,0,0,0,0,0,0,0,0,0,2,,
HKCFI_2014_1114.html.txt,2014_HKCFI_1114.json,[2014] HKCFI 1114,[2014] HKCFI 1114,HCPI 544/2013,[2014] HKCFI 1114,clean,33,RED_FLAG_NULL;RED_FLAG_NULL_MEDIUM;NULL_RATIO_HIGH;NULL_ICD_PSYCH;UNLINKED_MANIFESTATION;PSYCH_DETECTED;NO_PSLA_AMOUNT;NO_COMPARABLE,plaintiff.gender;injuries.overall_category;plaintiff.age_at_accident;psla.amount,0.583,3,1,1,0,0,0,0,2,0,1,0,0,0,0,inj_003,
HKCFI_2017_2319.html.txt,2017_HKCFI_2319.json,[2017] HKCFI 2319,[2017] HKCFI 2319,HCPI 579/2012,[2017] HKCFI 2319,clean,33,RED_FLAG_NULL;RED_FLAG_NULL_MEDIUM;NULL_RATIO_HIGH;NULL_ICD_PSYCH;UNLINKED_MANIFESTATION;PSYCH_DETECTED;NO_PSLA_AMOUNT;NO_COMPARABLE,plaintiff.gender;injuries.overall_category;plaintiff.age_at_accident;plaintiff.occupation_before;psla.amount,0.750,2,2,1,0,0,0,0,4,0,2,0,0,0,0,"inj_001,inj_002",
HKCFI_2018_2461.html.txt,2018_HKCFI_2461.json,[2018] HKCFI 2461,[2018] HKCFI 2461,HCPI 455/2016,[2018] HKCFI 2461,clean,33,RED_FLAG_NULL;RED_FLAG_NULL_MEDIUM;COARSE_ICD_NODE;UNLINKED_MANIFESTATION;ZERO_LOSSES,plaintiff.gender;injuries.overall_category;losses.losses,0.292,3,0,0,1,0,0,0,4,0,0,0,0,0,0,,
HKCFI_1978_95.html.txt,1978_HKCFI_95.json,[1978] HKCFI 95,[1978] HKCFI 95,HCA 2723/1972,[1978] HKCFI 95,clean,32,RED_FLAG_NULL;NULL_RATIO_HIGH;ICD_STOPPED_EARLY;COARSE_ICD_NODE,plaintiff.gender,0.500,3,0,0,1,1,0,0,0,0,0,0,0,0,0,,
HKCFI_1979_51.html.txt,1979_HKCFI_51.json,[1979] HKCFI 51,[1979] HKCFI 51,HCA 3489/1978,[1979] HKCFI 51,clean,32,RED_FLAG_NULL;RED_FLAG_NULL_MEDIUM;NULL_RATIO_HIGH;UNLINKED_MANIFESTATION;TREATMENT_CONTAMINATED,plaintiff.gender;injuries.overall_category;plaintiff.age_at_accident,0.542,5,0,0,0,0,0,0,5,0,0,0,0,0,0,,
HKCFI_1983_161.html.txt,1983_HKCFI_161.json,[1983] HKCFI 161,[1983] HKCFI 161,HCA 1393/1981,[1983] HKCFI 161,clean,32,RED_FLAG_NULL;NULL_RATIO_HIGH;COARSE_ICD_NODE;INJURY_MULTI_BODY_PART;UNLINKED_MANIFESTATION;NO_COMPARABLE,plaintiff.gender,0.542,4,0,0,2,0,0,1,1,0,0,0,0,0,0,,
HKCFI_1985_135.html.txt,1985_HKCFI_135.json,[1985] HKCFI 135,[1985] HKCFI 135,HCA 11970/1983,[1985] HKCFI 135,clean,32,RED_FLAG_NULL;RED_FLAG_NULL_MEDIUM;NULL_RATIO_HIGH;COARSE_ICD_NODE;UNLINKED_MANIFESTATION,plaintiff.gender;injuries.overall_category;plaintiff.age_at_accident;plaintiff.occupation_before,0.500,2,0,0,1,0,0,0,2,0,0,0,0,0,0,,
HKCFI_1998_612.html.txt,1998_HKCFI_612.json,[1998] HKCFI 612,[1998] HKCFI 612,HCPI 724/1995,[1998] HKCFI 612,clean,32,RED_FLAG_NULL_MEDIUM;NULL_RATIO_HIGH;INJURY_MULTI_BODY_PART;COARSE_ICD_NODE;ICD_STOPPED_EARLY;NO_COMPARABLE,injuries.overall_category,0.500,5,0,0,2,1,0,3,0,0,0,0,0,0,0,,
HKCFI_1999_42.html.txt,1999_HKCFI_42.json,[1999] HKCFI 42,[1999] HKCFI 42,HCPI 481/1996,[1999] HKCFI 42,clean,32,ICD_STOPPED_EARLY;COARSE_ICD_NODE;INJURY_MULTI_BODY_PART;NULL_ICD_PREEXISTING;NULL_ICD_PSYCH;PREEXISTING_METADATA_MISMATCH;UNLINKED_MANIFESTATION;PSYCH_DETECTED,,0.417,4,2,1,1,1,0,1,5,0,1,1,0,0,0,inj_004,
HKCFI_2000_189.html.txt,2000_HKCFI_189.json,[2000] HKCFI 189,[2000] HKCFI 189,HCPI 1114/1998,[2000] HKCFI 189,clean,32,RED_FLAG_NULL;NULL_RATIO_HIGH;INJURY_MULTI_BODY_PART;COARSE_ICD_NODE;UNLINKED_MANIFESTATION;UNLINKED_LOSS,plaintiff.gender;plaintiff.age_at_accident,0.542,2,0,0,1,0,0,1,1,1,0,0,0,0,0,,
HKCFI_2000_433.html.txt,2000_HKCFI_433.json,[2000] HKCFI 433,[2000] HKCFI 433,HCPI 134/1999,[2000] HKCFI 433,clean,32,RED_FLAG_NULL_MEDIUM;NULL_RATIO_HIGH;COARSE_ICD_NODE;UNLINKED_MANIFESTATION;ZERO_LOSSES;NO_COMPARABLE,injuries.overall_category;losses.losses;plaintiff.age_at_accident;plaintiff.occupation_before,0.667,6,0,0,1,0,0,0,1,0,0,0,0,0,0,,
HKCFI_2002_188.html.txt,2002_HKCFI_188.json,[2002] HKCFI 188,[2002] HKCFI 188,HCPI 201/1999,[2002] HKCFI 188,clean,32,ICD_STOPPED_EARLY;NULL_ICD_PSYCH;NULL_ICD_OTHER;NULL_ICD_SYMPTOM;COARSE_ICD_NODE;INJURY_MULTI_BODY_PART;PSYCH_DETECTED;NO_COMPARABLE,plaintiff.age_at_accident,0.417,6,3,1,2,1,0,1,0,0,1,0,0,1,1,inj_002,
HKDC_2002_134.html.txt,2002_HKDC_134.json,[2002] HKDC 134,[2002] HKDC 134,DCPI 145/2001,[2002] HKDC 134,clean,32,RED_FLAG_NULL_MEDIUM;NULL_RATIO_HIGH;UNLINKED_MANIFESTATION;UNLINKED_LOSS;PSYCH_DETECTED;ZERO_INJURIES;NO_PSLA_AMOUNT;NO_COMPARABLE,injuries.overall_category;injuries.injuries;plaintiff.age_at_accident;plaintiff.occupation_before;psla.amount,0.708,0,0,1,0,0,0,0,7,1,0,0,0,0,0,,
HKCFI_2005_207.html.txt,2005_HKCFI_207.json,[2005] HKCFI 207,[2005] HKCFI 207,HCPI 342/2004,[2005] HKCFI 207,clean,32,RED_FLAG_NULL;RED_FLAG_NULL_MEDIUM;COARSE_ICD_NODE;INJURY_MULTI_BODY_PART;UNLINKED_MANIFESTATION;UNLINKED_LOSS;NO_COMPARABLE,plaintiff.gender;injuries.overall_category,0.333,4,0,0,3,0,0,2,2,2,0,0,0,0,0,,
HKCFI_2005_622.html.txt,2005_HKCFI_622.json,[2005] HKCFI 622,[2005] HKCFI 622,HCPI 425/2003,[2005] HKCFI 622,clean,32,RED_FLAG_NULL;RED_FLAG_NULL_MEDIUM;NULL_RATIO_HIGH;ICD_STOPPED_EARLY;PSYCH_DETECTED;NO_COMPARABLE,plaintiff.gender;injuries.overall_category,0.500,3,0,1,0,1,0,0,0,0,0,0,0,0,0,inj_003,
HKDC_2005_438.html.txt,2005_HKDC_438.json,[2005] HKDC 438,[2005] HKDC 438,DCPI 28/2004,[2005] HKDC 438,clean,32,RED_FLAG_NULL_MEDIUM;NULL_RATIO_HIGH;COARSE_ICD_NODE;INJURY_MULTI_BODY_PART;NULL_ICD_PSYCH;UNLINKED_MANIFESTATION;PSYCH_DETECTED,injuries.overall_category;plaintiff.age_at_accident;plaintiff.occupation_before,0.542,7,3,1,2,0,0,1,1,0,3,0,0,0,0,"inj_005,inj_006,inj_007",
HKCFI_2006_1443.html.txt,2006_HKCFI_1443.json,[2006] HKCFI 1443,[2006] HKCFI 1443,HCPI 777/2005,[2006] HKCFI 1443,clean,32,RED_FLAG_NULL;RED_FLAG_NULL_MEDIUM;NULL_RATIO_HIGH;COARSE_ICD_NODE;NO_PSLA_AMOUNT;NO_COMPARABLE,plaintiff.gender;injuries.overall_category;plaintiff.age_at_accident;psla.amount,0.583,1,0,0,1,0,0,0,0,0,0,0,0,0,0,,
HKDC_2007_199.html.txt,2007_HKDC_199.json,[2007] HKDC 199,[2007] HKDC 199,DCPI 629/2006,[2007] HKDC 199,clean,32,RED_FLAG_NULL_MEDIUM;COARSE_ICD_NODE;INJURY_MULTI_BODY_PART;UNLINKED_MANIFESTATION;UNLINKED_LOSS;SOURCE_NOISE;PSYCH_DETECTED,injuries.overall_category;plaintiff.age_at_accident,0.458,6,0,1,1,0,0,2,1,1,0,0,0,0,0,,
HKDC_2007_271.html.txt,2007_HKDC_271.json,[2007] HKDC 271,[2007] HKDC 271,DCPI 865/2007,[2007] HKDC 271,clean,32,RED_FLAG_NULL;RED_FLAG_NULL_MEDIUM;COARSE_ICD_NODE;ZERO_LOSSES;NO_COMPARABLE,plaintiff.gender;losses.losses,0.375,1,0,0,1,0,0,0,0,0,0,0,0,0,0,,
HKDC_2007_380.html.txt,2007_HKDC_380.json,[2007] HKDC 380,[2007] HKDC 380,DCPI 2149/2006,[2007] HKDC 380,clean,32,RED_FLAG_NULL;NULL_RATIO_HIGH;COARSE_ICD_NODE;INJURY_MULTI_BODY_PART;NO_PSLA_AMOUNT;NO_COMPARABLE;MULTI_PLAINTIFF,plaintiff.gender;psla.amount,0.583,7,0,0,2,0,0,1,0,0,0,0,0,0,0,,
HKDC_2009_154.html.txt,2009_HKDC_154.json,[2009] HKDC 154,[2009] HKDC 154,DCEC 1720/2006,[2009] HKDC 154,clean,32,RED_FLAG_NULL_MEDIUM;NULL_RATIO_HIGH;COARSE_ICD_NODE;NULL_ICD_PREEXISTING;NULL_ICD_PSYCH;PSYCH_DETECTED;NO_PSLA_AMOUNT;NO_COMPARABLE,injuries.overall_category;plaintiff.age_at_accident;psla.amount,0.667,6,2,1,1,0,0,0,0,0,1,1,0,0,0,"inj_003,inj_006",
HKDC_2009_1715.html.txt,2009_HKDC_1715.json,[2009] HKDC 1715,[2009] HKDC 1715,DCPI 555/2009,[2009] HKDC 1715,clean,32,RED_FLAG_NULL_MEDIUM;NULL_RATIO_HIGH;INJURY_MULTI_BODY_PART;COARSE_ICD_NODE;ZERO_LOSSES,injuries.overall_category;losses.losses,0.500,2,0,0,1,0,0,2,0,0,0,0,0,0,0,,
HKCFI_2013_1815.html.txt,2013_HKCFI_1815.json,[2013] HKCFI 1815,[2013] HKCFI 1815,HCPI 15/2012,[2013] HKCFI 1815,clean,32,RED_FLAG_NULL;RED_FLAG_NULL_MEDIUM;NULL_ICD_PSYCH;INJURY_MULTI_BODY_PART;ICD_STOPPED_EARLY;PSYCH_DETECTED;NO_COMPARABLE,plaintiff.gender;injuries.overall_category,0.375,3,1,1,0,1,0,2,0,0,1,0,0,0,0,inj_002,
HKCFI_2014_1463.html.txt,2014_HKCFI_1463.json,[2014] HKCFI 1463,[2014] HKCFI 1463,HCPI 254/2011,[2014] HKCFI 1463,clean,32,RED_FLAG_NULL_MEDIUM;NULL_RATIO_HIGH;INJURY_MULTI_BODY_PART;COARSE_ICD_NODE;NULL_ICD_PSYCH;UNLINKED_MANIFESTATION;PSYCH_DETECTED;NO_COMPARABLE,injuries.overall_category;plaintiff.age_at_accident,0.583,3,1,1,1,0,0,1,1,0,1,0,0,0,0,inj_003,
HKDC_2014_40.html.txt,2014_HKDC_40.json,[2014] HKDC 40,[2014] HKDC 40,DCPI 2755/2012,[2014] HKDC 40,clean,32,RED_FLAG_NULL_MEDIUM;NULL_ICD_SYMPTOM;INJURY_MULTI_BODY_PART;NULL_ICD_PSYCH;SOURCE_NOISE;PSYCH_DETECTED,injuries.overall_category,0.417,2,2,1,0,0,0,2,0,0,1,0,0,1,0,inj_002,
HKDC_2015_838.html.txt,2015_HKDC_838.json,[2015] HKDC 838,[2015] HKDC 838,DCPI 1148/2014,[2015] HKDC 838,clean,32,RED_FLAG_NULL;RED_FLAG_NULL_MEDIUM;NULL_RATIO_HIGH;NULL_ICD_PSYCH;PSYCH_DETECTED;NO_PSLA_AMOUNT;NO_COMPARABLE;MULTI_PLAINTIFF,plaintiff.gender;injuries.overall_category;plaintiff.age_at_accident;plaintiff.occupation_before;psla.amount,0.750,1,1,1,0,0,0,0,0,0,1,0,0,0,0,inj_001,
HKDC_2017_1137.html.txt,2017_HKDC_1137.json,[2017] HKDC 1137,[2017] HKDC 1137,DCPI 306/2015,[2017] HKDC 1137,clean,32,RED_FLAG_NULL;RED_FLAG_NULL_MEDIUM;NULL_RATIO_HIGH;ZERO_LOSSES,plaintiff.gender;injuries.overall_category;losses.losses,0.500,4,0,0,0,0,0,0,0,0,0,0,0,0,0,,
HKDC_2017_280.html.txt,2017_HKDC_280.json,[2017] HKDC 280,[2017] HKDC 280,DCPI 1707/2014,[2017] HKDC 280,clean,32,RED_FLAG_NULL;RED_FLAG_NULL_MEDIUM;NULL_RATIO_HIGH;ZERO_LOSSES,plaintiff.gender;losses.losses;plaintiff.age_at_accident,0.542,1,0,0,0,0,0,0,0,0,0,0,0,0,0,,
HKCFI_1979_150.html.txt,1979_HKCFI_150.json,[1979] HKCFI 150,[1979] HKCFI 150,HCPI 2997/1977,[1979] HKCFI 150,clean,31,RED_FLAG_NULL;RED_FLAG_NULL_MEDIUM;NULL_RATIO_HIGH;COARSE_ICD_NODE;PSYCH_DETECTED,plaintiff.gender;injuries.overall_category;plaintiff.age_at_accident,0.583,2,0,1,1,0,0,0,0,0,0,0,0,0,0,,
HKCFI_1982_26.html.txt,1982_HKCFI_26.json,[1982] HKCFI 26,[1982] HKCFI 26,HCA 1462/1979,[1982] HKCFI 26,clean,31,RED_FLAG_NULL_MEDIUM;NULL_RATIO_HIGH;COARSE_ICD_NODE;INJURY_MULTI_BODY_PART;TREATMENT_CONTAMINATED;MULTI_PLAINTIFF,injuries.overall_category;plaintiff.age_at_accident;plaintiff.occupation_before,0.625,2,0,0,1,0,0,1,0,0,0,0,0,0,0,,
HKCFI_1982_7.html.txt,1982_HKCFI_7.json,[1982] HKCFI 7,[1982] HKCFI 7,HCA 7692/1982,[1982] HKCFI 7,clean,31,RED_FLAG_NULL;RED_FLAG_NULL_MEDIUM;COARSE_ICD_NODE;INJURY_MULTI_BODY_PART;NULL_ICD_OTHER;UNLINKED_MANIFESTATION;UNLINKED_LOSS,plaintiff.gender;injuries.overall_category,0.417,3,1,0,2,0,0,1,6,2,0,0,0,0,1,,
HKCFI_1996_236.html.txt,1996_HKCFI_236.json,[1996] HKCFI 236,[1996] HKCFI 236,HCPI 1013/1995,[1996] HKCFI 236,clean,31,RED_FLAG_NULL;NULL_RATIO_HIGH;COARSE_ICD_NODE;INJURY_MULTI_BODY_PART;NULL_ICD_OTHER;UNLINKED_MANIFESTATION,plaintiff.gender;plaintiff.age_at_accident,0.500,6,1,0,1,0,0,2,3,0,0,0,0,0,1,,
HKCFI_1999_1258.html.txt,1999_HKCFI_1258.json,[1999] HKCFI 1258,[1999] HKCFI 1258,HCPI 1084/1997,[1999] HKCFI 1258,clean,31,RED_FLAG_NULL;RED_FLAG_NULL_MEDIUM;NULL_RATIO_HIGH;COARSE_ICD_NODE;NO_COMPARABLE,plaintiff.gender;injuries.overall_category;plaintiff.age_at_accident,0.625,1,0,0,1,0,0,0,0,0,0,0,0,0,0,,
HKCFI_2000_190.html.txt,2000_HKCFI_190.json,[2000] HKCFI 190,[2000] HKCFI 190,HCPI 1168/1999,[2000] HKCFI 190,clean,31,RED_FLAG_NULL;ICD_STOPPED_EARLY;COARSE_ICD_NODE;INJURY_MULTI_BODY_PART;UNLINKED_MANIFESTATION;NO_COMPARABLE,plaintiff.gender,0.375,5,0,0,2,1,0,2,3,0,0,0,0,0,0,,
HKCFI_2001_1124.html.txt,2001_HKCFI_1124.json,[2001] HKCFI 1124,[2001] HKCFI 1124,HCPI 890/1998,[2001] HKCFI 1124,clean,31,RED_FLAG_NULL_MEDIUM;NULL_RATIO_HIGH;NULL_ICD_PSYCH;NULL_ICD_OTHER;INJURY_MULTI_BODY_PART;TREATMENT_CONTAMINATED;PSYCH_DETECTED;MULTI_PLAINTIFF,injuries.overall_category;plaintiff.age_at_accident;plaintiff.occupation_before,0.500,5,3,1,0,0,0,1,0,0,1,0,0,0,2,inj_001,
HKCFI_2001_483.html.txt,2001_HKCFI_483.json,[2001] HKCFI 483,[2001] HKCFI 483,HCPI 1176/2000,[2001] HKCFI 483,clean,31,NULL_ICD_SYMPTOM;INJURY_MULTI_BODY_PART;NULL_ICD_PSYCH;COARSE_ICD_NODE;TREATMENT_CONTAMINATED;PSYCH_DETECTED;NO_PSLA_AMOUNT;MULTI_PLAINTIFF,psla.amount,0.458,4,3,1,1,0,0,2,0,0,2,0,0,1,0,"inj_002,inj_004",
HKCFI_2002_1426.html.txt,2002_HKCFI_1426.json,[2002] HKCFI 1426,[2002] HKCFI 1426,HCPI 233/2000,[2002] HKCFI 1426,clean,31,RED_FLAG_NULL;RED_FLAG_NULL_MEDIUM;NULL_RATIO_HIGH;COARSE_ICD_NODE;NO_COMPARABLE,plaintiff.gender;injuries.overall_category;plaintiff.age_at_accident,0.583,2,0,0,1,0,0,0,0,0,0,0,0,0,0,,
HKCFI_2002_699.html.txt,2002_HKCFI_699.json,[2002] HKCFI 699,[2002] HKCFI 699,HCPI 869/2001,[2002] HKCFI 699,clean,31,RED_FLAG_NULL;RED_FLAG_NULL_MEDIUM;NULL_RATIO_HIGH;COARSE_ICD_NODE;NO_COMPARABLE,plaintiff.gender;injuries.overall_category,0.500,1,0,0,1,0,0,0,0,0,0,0,0,0,0,,
HKCFI_2005_733.html.txt,2005_HKCFI_733.json,[2005] HKCFI 733,[2005] HKCFI 733,HCPI 607/2004,[2005] HKCFI 733,clean,31,RED_FLAG_NULL_MEDIUM;NULL_RATIO_HIGH;UNLINKED_MANIFESTATION;UNLINKED_LOSS;ZERO_INJURIES;NO_PSLA_AMOUNT;NO_COMPARABLE,injuries.overall_category;injuries.injuries;plaintiff.age_at_accident;plaintiff.occupation_before;psla.amount,0.708,0,0,0,0,0,0,0,4,2,0,0,0,0,0,,
HKCFI_2006_1398.html.txt,2006_HKCFI_1398.json,[2006] HKCFI 1398,[2006] HKCFI 1398,HCPI 786/2004,[2006] HKCFI 1398,clean,31,RED_FLAG_NULL_MEDIUM;ICD_STOPPED_EARLY;COARSE_ICD_NODE;UNLINKED_MANIFESTATION;ZERO_LOSSES;MULTI_PLAINTIFF,injuries.overall_category;losses.losses,0.250,2,0,0,1,1,0,0,1,0,0,0,0,0,0,,
HKCFI_2007_1183.html.txt,2007_HKCFI_1183.json,[2007] HKCFI 1183,[2007] HKCFI 1183,HCPI 719/2006,[2007] HKCFI 1183,clean,31,RED_FLAG_NULL;NULL_RATIO_HIGH;NULL_ICD_PREEXISTING;NULL_ICD_SYMPTOM;INJURY_MULTI_BODY_PART,plaintiff.gender;plaintiff.age_at_accident,0.542,2,2,0,0,0,0,1,0,0,0,1,0,1,0,,
HKDC_2007_343.html.txt,2007_HKDC_343.json,[2007] HKDC 343,[2007] HKDC 343,DCPI 2318/2006,[2007] HKDC 343,clean,31,RED_FLAG_NULL;RED_FLAG_NULL_MEDIUM;NULL_RATIO_HIGH;COARSE_ICD_NODE,plaintiff.gender;injuries.overall_category;plaintiff.age_at_accident;plaintiff.occupation_before,0.667,2,0,0,2,0,0,0,0,0,0,0,0,0,0,,
HKDC_2007_378.html.txt,2007_HKDC_378.json,[2007] HKDC 378,[2007] HKDC 378,DCPI 417/2006,[2007] HKDC 378,clean,31,RED_FLAG_NULL;RED_FLAG_NULL_MEDIUM;NULL_RATIO_HIGH;COARSE_ICD_NODE;NO_COMPARABLE,plaintiff.gender;injuries.overall_category;plaintiff.age_at_accident,0.500,2,0,0,1,0,0,0,0,0,0,0,0,0,0,,
HKCFI_2008_855.html.txt,2008_HKCFI_855.json,[2008] HKCFI 855,[2008] HKCFI 855,HCPI 925/2006,[2008] HKCFI 855,clean,31,RED_FLAG_NULL_MEDIUM;NULL_RATIO_HIGH;COARSE_ICD_NODE;UNLINKED_MANIFESTATION;UNLINKED_LOSS;PSYCH_DETECTED;NO_PSLA_AMOUNT;NO_COMPARABLE,injuries.overall_category;psla.amount,0.500,8,0,1,5,0,0,0,11,1,0,0,0,0,0,,
HKDC_2008_244.html.txt,2008_HKDC_244.json,[2008] HKDC 244,[2008] HKDC 244,DCPI 762/2007,[2008] HKDC 244,clean,31,RED_FLAG_NULL_MEDIUM;NULL_RATIO_HIGH;UNLINKED_MANIFESTATION;UNLINKED_LOSS;ZERO_INJURIES;NO_PSLA_AMOUNT;NO_COMPARABLE,injuries.overall_category;injuries.injuries;plaintiff.age_at_accident;psla.amount,0.667,0,0,0,0,0,0,0,2,2,0,0,0,0,0,,
HKCFI_2010_54.html.txt,2010_HKCFI_54.json,[2010] HKCFI 54,[2010] HKCFI 54,HCPI 304/2006,[2010] HKCFI 54,clean,31,RED_FLAG_NULL;RED_FLAG_NULL_MEDIUM;NULL_RATIO_HIGH;COARSE_ICD_NODE;NO_COMPARABLE,plaintiff.gender;injuries.overall_category;plaintiff.age_at_accident,0.583,1,0,0,1,0,0,0,0,0,0,0,0,0,0,,
HKDC_2010_50.html.txt,2010_HKDC_50.json,[2010] HKDC 50,[2010] HKDC 50,DCPI 730/2009,[2010] HKDC 50,clean,31,RED_FLAG_NULL;RED_FLAG_NULL_MEDIUM;COARSE_ICD_NODE;ZERO_LOSSES,plaintiff.gender;injuries.overall_category;losses.losses;plaintiff.age_at_accident,0.417,3,0,0,1,0,0,0,0,0,0,0,0,0,0,,
HKCFI_2011_417.html.txt,2011_HKCFI_417.json,[2011] HKCFI 417,[2011] HKCFI 417,HCPI 445/2007,[2011] HKCFI 417,clean,31,RED_FLAG_NULL;COARSE_ICD_NODE;INJURY_MULTI_BODY_PART;NULL_ICD_PREEXISTING;UNLINKED_MANIFESTATION;UNLINKED_LOSS;PSYCH_DETECTED,plaintiff.gender,0.250,5,1,1,3,0,0,1,2,3,0,1,0,0,0,,
HKCFI_2013_20.html.txt,2013_HKCFI_20.json,[2013] HKCFI 20,[2013] HKCFI 20,HCPI 504/2009,[2013] HKCFI 20,clean,31,RED_FLAG_NULL;RED_FLAG_NULL_MEDIUM;NULL_RATIO_HIGH;COARSE_ICD_NODE;NO_COMPARABLE,plaintiff.gender;injuries.overall_category;plaintiff.age_at_accident,0.500,1,0,0,1,0,0,0,0,0,0,0,0,0,0,,
HKCFI_2014_1421.html.txt,2014_HKCFI_1421.json,[2014] HKCFI 1421,[2014] HKCFI 1421,HCPI 203/2012,[2014] HKCFI 1421,clean,31,INJURY_MULTI_BODY_PART;NULL_ICD_PSYCH;NULL_ICD_OTHER;COARSE_ICD_NODE;NULL_ICD_PREEXISTING;PREEXISTING_METADATA_MISMATCH;TREATMENT_CONTAMINATED;PSYCH_DETECTED,plaintiff.age_at_accident,0.375,5,3,1,1,0,0,2,0,0,1,1,0,0,1,inj_002,
HKDC_2015_1046.html.txt,2015_HKDC_1046.json,[2015] HKDC 1046,[2015] HKDC 1046,DCPI 400/2014,[2015] HKDC 1046,clean,31,RED_FLAG_NULL;RED_FLAG_NULL_MEDIUM;NULL_RATIO_HIGH;NULL_ICD_PSYCH;PSYCH_DETECTED;NO_PSLA_AMOUNT;NO_COMPARABLE,plaintiff.gender;injuries.overall_category;plaintiff.age_at_accident;psla.amount,0.708,1,1,1,0,0,0,0,0,0,1,0,0,0,0,inj_001,
HKCFI_2017_1296.html.txt,2017_HKCFI_1296.json,[2017] HKCFI 1296,[2017] HKCFI 1296,HCPI 1070/2014,[2017] HKCFI 1296,clean,31,RED_FLAG_NULL_MEDIUM;NULL_RATIO_HIGH;NULL_ICD_OTHER;TREATMENT_CONTAMINATED;ZERO_LOSSES;NO_COMPARABLE,injuries.overall_category;losses.losses;plaintiff.age_at_accident,0.625,1,1,0,0,0,0,0,0,0,0,0,0,0,1,,
HKCFI_2018_1912.html.txt,2018_HKCFI_1912.json,[2018] HKCFI 1912,[2018] HKCFI 1912,HCPI 232/2015,[2018] HKCFI 1912,clean,31,RED_FLAG_NULL;RED_FLAG_NULL_MEDIUM;NULL_RATIO_HIGH;INJURY_MULTI_BODY_PART;UNLINKED_MANIFESTATION;UNLINKED_LOSS;NO_COMPARABLE,plaintiff.gender;injuries.overall_category;plaintiff.age_at_accident,0.500,2,0,0,0,0,0,1,5,1,0,0,0,0,0,,
HKCA_1974_153.html.txt,1974_HKCA_153.json,[1974] HKCA 153,[1974] HKCA 153,CACV 36/1974,[1974] HKCA 153,clean,30,RED_FLAG_NULL_MEDIUM;NULL_RATIO_HIGH;COARSE_ICD_NODE;NULL_ICD_PREEXISTING;PREEXISTING_METADATA_MISMATCH;UNLINKED_MANIFESTATION,injuries.overall_category;plaintiff.age_at_accident,0.583,7,1,0,2,0,0,0,2,0,0,1,0,0,0,,
HKCFI_1979_131.html.txt,1979_HKCFI_131.json,[1979] HKCFI 131,[1979] HKCFI 131,HCA 3625/1978,[1979] HKCFI 131,clean,30,RED_FLAG_NULL;INJURY_MULTI_BODY_PART;ICD_STOPPED_EARLY;NULL_ICD_OTHER;NULL_ICD_SYMPTOM;UNLINKED_MANIFESTATION;NO_COMPARABLE,plaintiff.gender;plaintiff.age_at_accident,0.458,12,2,0,0,1,0,1,3,0,0,0,0,1,1,,
HKCFI_1979_31.html.txt,1979_HKCFI_31.json,[1979] HKCFI 31,[1979] HKCFI 31,HCA 1681/1978,[1979] HKCFI 31,clean,30,RED_FLAG_NULL;RED_FLAG_NULL_MEDIUM;COARSE_ICD_NODE;INJURY_MULTI_BODY_PART;NULL_ICD_OTHER;UNLINKED_MANIFESTATION;NO_COMPARABLE,plaintiff.gender;injuries.overall_category;plaintiff.age_at_accident,0.458,3,1,0,2,0,0,1,1,0,0,0,0,0,1,,
HKCFI_1983_99.html.txt,1983_HKCFI_99.json,[1983] HKCFI 99,[1983] HKCFI 99,HCA 7084/1983,[1983] HKCFI 99,clean,30,RED_FLAG_NULL;RED_FLAG_NULL_MEDIUM;NULL_RATIO_HIGH;COARSE_ICD_NODE,plaintiff.gender;injuries.overall_category;plaintiff.age_at_accident,0.583,1,0,0,1,0,0,0,0,0,0,0,0,0,0,,
HKCFI_1984_347.html.txt,1984_HKCFI_347.json,[1984] HKCFI 347,[1984] HKCFI 347,HCA 10702/1983,[1984] HKCFI 347,clean,30,RED_FLAG_NULL_MEDIUM;NULL_RATIO_HIGH;NULL_ICD_PREEXISTING;INJURY_MULTI_BODY_PART;COARSE_ICD_NODE;UNLINKED_MANIFESTATION;NO_COMPARABLE,injuries.overall_category;plaintiff.age_at_accident;plaintiff.occupation_before,0.667,2,1,0,1,0,0,1,2,0,0,1,0,0,0,,
HKCFI_1985_69.html.txt,1985_HKCFI_69.json,[1985] HKCFI 69,[1985] HKCFI 69,HCA 4881/1981,[1985] HKCFI 69,clean,30,RED_FLAG_NULL;RED_FLAG_NULL_MEDIUM;NULL_RATIO_HIGH;NULL_ICD_OTHER;UNLINKED_MANIFESTATION;UNLINKED_LOSS;NO_PSLA_AMOUNT;MULTI_PLAINTIFF,plaintiff.gender;injuries.overall_category;plaintiff.age_at_accident;plaintiff.occupation_before;psla.amount,0.750,2,1,0,0,0,0,0,4,1,0,0,0,0,1,,
HKCFI_1986_408.html.txt,1986_HKCFI_408.json,[1986] HKCFI 408,[1986] HKCFI 408,HCA 7922/1982,[1986] HKCFI 408,clean,30,RED_FLAG_NULL_MEDIUM;NULL_RATIO_HIGH;COARSE_ICD_NODE;INJURY_MULTI_BODY_PART;NULL_ICD_BURN;NO_COMPARABLE;MULTI_PLAINTIFF,injuries.overall_category;plaintiff.age_at_accident,0.500,2,1,0,1,0,0,1,0,0,0,0,1,0,0,,
HKCFI_1987_118.html.txt,1987_HKCFI_118.json,[1987] HKCFI 118,[1987] HKCFI 118,HCA 1679/1986,[1987] HKCFI 118,clean,30,NULL_RATIO_HIGH;COARSE_ICD_NODE;INJURY_MULTI_BODY_PART;NULL_ICD_OTHER;ICD_STOPPED_EARLY;UNLINKED_MANIFESTATION;UNLINKED_LOSS,plaintiff.age_at_accident,0.542,4,1,0,1,1,0,1,5,2,0,0,0,0,1,,
HKCFI_1991_16.html.txt,1991_HKCFI_16.json,[1991] HKCFI 16,[1991] HKCFI 16,HCA 118/1990,[1991] HKCFI 16,clean,30,RED_FLAG_NULL_MEDIUM;NULL_RATIO_HIGH;COARSE_ICD_NODE;INJURY_MULTI_BODY_PART;UNLINKED_MANIFESTATION;UNLINKED_LOSS;NO_PSLA_AMOUNT;NO_COMPARABLE,injuries.overall_category;psla.amount,0.542,2,0,0,2,0,0,1,2,1,0,0,0,0,0,,
HKCFI_1996_237.html.txt,1996_HKCFI_237.json,[1996] HKCFI 237,[1996] HKCFI 237,HCPI 1093/1995,[1996] HKCFI 237,clean,30,RED_FLAG_NULL_MEDIUM;NULL_RATIO_HIGH;ICD_STOPPED_EARLY;INJURY_MULTI_BODY_PART;TREATMENT_CONTAMINATED,injuries.overall_category,0.500,3,0,0,0,1,0,1,0,0,0,0,0,0,0,,
HKCFI_2004_852.html.txt,2004_HKCFI_852.json,[2004] HKCFI 852,[2004] HKCFI 852,HCPI 626/2003,[2004] HKCFI 852,clean,30,RED_FLAG_NULL_MEDIUM;ICD_STOPPED_EARLY;INJURY_MULTI_BODY_PART;COARSE_ICD_NODE;NULL_ICD_OTHER;NULL_ICD_PSYCH;PSYCH_DETECTED;NO_COMPARABLE,injuries.overall_category,0.333,6,2,1,1,1,0,3,0,0,1,0,0,0,1,"inj_001,inj_006",
HKCFI_2005_476.html.txt,2005_HKCFI_476.json,[2005] HKCFI 476,[2005] HKCFI 476,HCPI 713/2004,[2005] HKCFI 476,clean,30,RED_FLAG_NULL;RED_FLAG_NULL_MEDIUM;COARSE_ICD_NODE;INJURY_MULTI_BODY_PART;UNLINKED_MANIFESTATION;UNLINKED_LOSS,plaintiff.gender;injuries.overall_category,0.375,5,0,0,2,0,0,2,6,3,0,0,0,0,0,,
HKCFI_2006_131.html.txt,2006_HKCFI_131.json,[2006] HKCFI 131,[2006] HKCFI 131,HCPI 1165/2004,[2006] HKCFI 131,clean,30,RED_FLAG_NULL;RED_FLAG_NULL_MEDIUM;ICD_STOPPED_EARLY;COARSE_ICD_NODE;NO_COMPARABLE,plaintiff.gender;injuries.overall_category;plaintiff.age_at_accident,0.417,6,0,0,1,1,0,0,0,0,0,0,0,0,0,,
HKCFI_2007_991.html.txt,2007_HKCFI_991.json,[2007] HKCFI 991,[2007] HKCFI 991,HCPI 582/2005,[2007] HKCFI 991,clean,30,RED_FLAG_NULL;RED_FLAG_NULL_MEDIUM;INJURY_MULTI_BODY_PART;ICD_STOPPED_EARLY;UNLINKED_MANIFESTATION;UNLINKED_LOSS;NO_COMPARABLE,plaintiff.gender;injuries.overall_category,0.417,5,0,0,0,1,0,1,1,1,0,0,0,0,0,,
HKDC_2007_55.html.txt,2007_HKDC_55.json,[2007] HKDC 55,[2007] HKDC 55,DCPI 475/2006,[2007] HKDC 55,clean,30,RED_FLAG_NULL;RED_FLAG_NULL_MEDIUM;NULL_ICD_PSYCH;NULL_ICD_OTHER;TREATMENT_CONTAMINATED;PSYCH_DETECTED;MULTI_PLAINTIFF,plaintiff.gender;injuries.overall_category,0.458,5,2,1,0,0,0,0,0,0,1,0,0,0,1,inj_004,
HKCA_2008_340.html.txt,2008_HKCA_340.json,[2008] HKCA 340,[2008] HKCA 340,CACV 75/2008,[2008] HKCA 340,clean,30,RED_FLAG_NULL;RED_FLAG_NULL_MEDIUM;NULL_RATIO_HIGH;NULL_ICD_PSYCH;PSYCH_DETECTED;NO_COMPARABLE,plaintiff.gender;injuries.overall_category,0.583,2,1,1,0,0,0,0,0,0,1,0,0,0,0,inj_002,
HKCFI_2008_794.html.txt,2008_HKCFI_794.json,[2008] HKCFI 794,[2008] HKCFI 794,HCPI 659/2007,[2008] HKCFI 794,clean,30,RED_FLAG_NULL;COARSE_ICD_NODE;NULL_ICD_OTHER;INJURY_MULTI_BODY_PART;ICD_STOPPED_EARLY;NO_COMPARABLE,plaintiff.gender;plaintiff.age_at_accident,0.458,5,1,0,2,1,0,1,0,0,0,0,0,0,1,,
HKCFI_2009_181.html.txt,2009_HKCFI_181.json,[2009] HKCFI 181,[2009] HKCFI 181,HCPI 106/2003,[2009] HKCFI 181,clean,30,RED_FLAG_NULL_MEDIUM;NULL_RATIO_HIGH;NULL_ICD_OTHER;NULL_ICD_SYMPTOM;ZERO_LOSSES;NO_COMPARABLE,losses.losses;plaintiff.age_at_accident,0.542,3,2,0,0,0,0,0,0,0,0,0,0,1,1,,
HKDC_2009_194.html.txt,2009_HKDC_194.json,[2009] HKDC 194,[2009] HKDC 194,DCPI 1719/2008,[2009] HKDC 194,clean,30,RED_FLAG_NULL;RED_FLAG_NULL_MEDIUM;NULL_RATIO_HIGH;INJURY_MULTI_BODY_PART;UNLINKED_MANIFESTATION;NO_PSLA_AMOUNT;NO_COMPARABLE,plaintiff.gender;injuries.overall_category;plaintiff.age_at_accident;psla.amount,0.542,4,0,0,0,0,0,1,1,0,0,0,0,0,0,,
HKCFI_2011_500.html.txt,2011_HKCFI_500.json,[2011] HKCFI 500,[2011] HKCFI 500,HCPI 285/2008,[2011] HKCFI 500,clean,30,COARSE_ICD_NODE;NULL_ICD_PSYCH;UNLINKED_MANIFESTATION;UNLINKED_LOSS;SOURCE_NOISE;PSYCH_DETECTED,plaintiff.age_at_accident,0.333,4,1,1,2,0,0,0,1,1,1,0,0,0,0,inj_004,
HKCFI_2012_1072.html.txt,2012_HKCFI_1072.json,[2012] HKCFI 1072,[2012] HKCFI 1072,HCPI 527/2011,[2012] HKCFI 1072,clean,30,RED_FLAG_NULL_MEDIUM;COARSE_ICD_NODE;INJURY_MULTI_BODY_PART;NULL_ICD_PSYCH;NULL_ICD_PREEXISTING;UNLINKED_MANIFESTATION;PSYCH_DETECTED;NO_PSLA_AMOUNT;NO_COMPARABLE,injuries.overall_category;psla.amount,0.458,7,2,1,2,0,0,5,2,0,1,1,0,0,0,inj_006,
HKDC_2017_1294.html.txt,2017_HKDC_1294.json,[2017] HKDC 1294,[2017] HKDC 1294,DCPI 908/2015,[2017] HKDC 1294,clean,30,RED_FLAG_NULL;ICD_STOPPED_EARLY;COARSE_ICD_NODE;UNLINKED_MANIFESTATION;UNLINKED_LOSS;PSYCH_DETECTED,plaintiff.gender,0.417,5,0,1,2,1,0,0,1,1,0,0,0,0,0,,
HKDC_2018_1216.html.txt,2018_HKDC_1216.json,[2018] HKDC 1216,[2018] HKDC 1216,DCPI 2469/2014,[2018] HKDC 1216,clean,30,RED_FLAG_NULL;RED_FLAG_NULL_MEDIUM;NULL_RATIO_HIGH;COARSE_ICD_NODE,plaintiff.gender;injuries.overall_category;plaintiff.age_at_accident;plaintiff.occupation_before,0.708,1,0,0,1,0,0,0,0,0,0,0,0,0,0,,
HKDC_2018_526.html.txt,2018_HKDC_526.json,[2018] HKDC 526,[2018] HKDC 526,DCPI 2469/2014,[2018] HKDC 526,clean,30,RED_FLAG_NULL_MEDIUM;NULL_ICD_PREEXISTING;COARSE_ICD_NODE;INJURY_MULTI_BODY_PART;UNLINKED_MANIFESTATION;ZERO_LOSSES,losses.losses,0.292,4,1,0,1,0,0,1,5,0,0,1,0,0,0,,
HKDC_2019_125.html.txt,2019_HKDC_125.json,[2019] HKDC 125,[2019] HKDC 125,DCPI 1054/2016,[2019] HKDC 125,clean,30,RED_FLAG_NULL_MEDIUM;ICD_STOPPED_EARLY;NULL_ICD_PREEXISTING;INJURY_MULTI_BODY_PART;UNLINKED_MANIFESTATION;ZERO_LOSSES,injuries.overall_category;losses.losses,0.333,2,1,0,0,1,0,1,2,0,0,1,0,0,0,,
HKCFI_1972_47.html.txt,1972_HKCFI_47.json,[1972] HKCFI 47,[1972] HKCFI 47,HCA 674/1972,[1972] HKCFI 47,clean,29,RED_FLAG_NULL_MEDIUM;NULL_RATIO_HIGH;COARSE_ICD_NODE;NULL_ICD_OTHER;INJURY_MULTI_BODY_PART;UNLINKED_MANIFESTATION;PSYCH_DETECTED;NO_COMPARABLE,injuries.overall_category,0.500,7,1,1,2,0,0,1,12,0,0,0,0,0,1,,
HKCFI_1975_5.html.txt,1975_HKCFI_5.json,[1975] HKCFI 5,[1975] HKCFI 5,HCA 819/1974,[1975] HKCFI 5,clean,29,RED_FLAG_NULL_MEDIUM;NULL_RATIO_HIGH;COARSE_ICD_NODE;INJURY_MULTI_BODY_PART;NULL_ICD_SYMPTOM,injuries.overall_category;plaintiff.occupation_before,0.500,4,1,0,1,0,0,1,0,0,0,0,0,1,0,,
HKCFI_1977_32.html.txt,1977_HKCFI_32.json,[1977] HKCFI 32,[1977] HKCFI 32,HCA 789/1975,[1977] HKCFI 32,clean,29,INJURY_MULTI_BODY_PART;COARSE_ICD_NODE;NULL_ICD_SYMPTOM;ICD_STOPPED_EARLY;NULL_ICD_OTHER;UNLINKED_LOSS;PSYCH_DETECTED;MULTI_PLAINTIFF,,0.333,12,2,1,2,1,0,7,0,1,0,0,0,1,1,inj_001,
HKCFI_1979_40.html.txt,1979_HKCFI_40.json,[1979] HKCFI 40,[1979] HKCFI 40,HCA 2146/1979,[1979] HKCFI 40,clean,29,RED_FLAG_NULL;NULL_RATIO_HIGH;ICD_STOPPED_EARLY;UNLINKED_MANIFESTATION;NO_PSLA_AMOUNT;NO_COMPARABLE,plaintiff.gender;plaintiff.age_at_accident;psla.amount,0.542,2,0,0,0,1,0,0,1,0,0,0,0,0,0,,
HKCFI_1979_97.html.txt,1979_HKCFI_97.json,[1979] HKCFI 97,[1979] HKCFI 97,HCA 3299/1977,[1979] HKCFI 97,clean,29,RED_FLAG_NULL_MEDIUM;NULL_RATIO_HIGH;COARSE_ICD_NODE;INJURY_MULTI_BODY_PART;UNLINKED_MANIFESTATION;UNLINKED_LOSS;NO_COMPARABLE,injuries.overall_category;plaintiff.age_at_accident,0.500,2,0,0,2,0,0,1,4,3,0,0,0,0,0,,
HKCFI_1986_267.html.txt,1986_HKCFI_267.json,[1986] HKCFI 267,[1986] HKCFI 267,HCA 4183/1985,[1986] HKCFI 267,clean,29,RED_FLAG_NULL;ICD_STOPPED_EARLY;COARSE_ICD_NODE;INJURY_MULTI_BODY_PART,plaintiff.gender,0.458,6,0,0,3,1,0,5,0,0,0,0,0,0,0,,
HKCFI_1987_140.html.txt,1987_HKCFI_140.json,[1987] HKCFI 140,[1987] HKCFI 140,HCA 7337/1986,[1987] HKCFI 140,clean,29,RED_FLAG_NULL;RED_FLAG_NULL_MEDIUM;ICD_STOPPED_EARLY;TREATMENT_CONTAMINATED,plaintiff.gender;injuries.overall_category,0.458,3,0,0,0,1,0,0,0,0,0,0,0,0,0,,
HKCFI_1995_30.html.txt,1995_HKCFI_30.json,[1995] HKCFI 30,[1995] HKCFI 30,HCA 7085/1988,[1995] HKCFI 30,clean,29,RED_FLAG_NULL;RED_FLAG_NULL_MEDIUM;COARSE_ICD_NODE;INJURY_MULTI_BODY_PART;UNLINKED_MANIFESTATION;UNLINKED_LOSS,plaintiff.gender;injuries.overall_category,0.333,6,0,0,1,0,0,1,2,1,0,0,0,0,0,,
HKCFI_1995_537.html.txt,1995_HKCFI_537.json,[1995] HKCFI 537,[1995] HKCFI 537,HCA 3482/1993,[1995] HKCFI 537,clean,29,RED_FLAG_NULL;ICD_STOPPED_EARLY;COARSE_ICD_NODE;INJURY_MULTI_BODY_PART;NO_COMPARABLE,plaintiff.gender;plaintiff.age_at_accident,0.417,3,0,0,2,1,0,1,0,0,0,0,0,0,0,,
HKCFI_1996_232.html.txt,1996_HKCFI_232.json,[1996] HKCFI 232,[1996] HKCFI 232,HCPI 577/1995,[1996] HKCFI 232,clean,29,RED_FLAG_NULL;NULL_RATIO_HIGH;COARSE_ICD_NODE;UNLINKED_MANIFESTATION;UNLINKED_LOSS,plaintiff.gender;plaintiff.age_at_accident,0.500,2,0,0,1,0,0,0,3,1,0,0,0,0,0,,
HKCFI_2002_1034.html.txt,2002_HKCFI_1034.json,[2002] HKCFI 1034,[2002] HKCFI 1034,HCPI 930/1999,[2002] HKCFI 1034,clean,29,COARSE_ICD_NODE;INJURY_MULTI_BODY_PART;NULL_ICD_SYMPTOM;NULL_ICD_OTHER;NULL_ICD_PREEXISTING;UNLINKED_MANIFESTATION;UNLINKED_LOSS;PSYCH_DETECTED;NO_COMPARABLE,,0.333,11,3,1,3,0,0,2,4,3,0,1,0,1,1,inj_009,
HKCFI_2002_794.html.txt,2002_HKCFI_794.json,[2002] HKCFI 794,[2002] HKCFI 794,HCPI 93/2002,[2002] HKCFI 794,clean,29,RED_FLAG_NULL;ICD_STOPPED_EARLY;INJURY_MULTI_BODY_PART;COARSE_ICD_NODE;UNLINKED_MANIFESTATION,plaintiff.gender,0.458,3,0,0,1,1,0,3,1,0,0,0,0,0,0,,
HKCFI_2004_765.html.txt,2004_HKCFI_765.json,[2004] HKCFI 765,[2004] HKCFI 765,HCPI 244/2003,[2004] HKCFI 765,clean,29,COARSE_ICD_NODE;INJURY_MULTI_BODY_PART;NULL_ICD_OTHER;ICD_STOPPED_EARLY;NULL_ICD_PSYCH;UNLINKED_MANIFESTATION;UNLINKED_LOSS;PSYCH_DETECTED;NO_COMPARABLE,,0.375,5,2,1,1,1,0,1,3,2,1,0,0,0,1,inj_005,
HKCFI_2005_921.html.txt,2005_HKCFI_921.json,[2005] HKCFI 921,[2005] HKCFI 921,HCPI 1223/2003,[2005] HKCFI 921,clean,29,COARSE_ICD_NODE;INJURY_MULTI_BODY_PART;ICD_STOPPED_EARLY;NULL_ICD_OTHER;TREATMENT_CONTAMINATED;PSYCH_DETECTED;NO_COMPARABLE,,0.458,12,1,1,2,2,0,7,0,0,0,0,0,0,1,inj_012,
HKCFI_2007_159.html.txt,2007_HKCFI_159.json,[2007] HKCFI 159,[2007] HKCFI 159,HCPI 994/2004,[2007] HKCFI 159,clean,29,RED_FLAG_NULL;INJURY_MULTI_BODY_PART;COARSE_ICD_NODE;NULL_ICD_OTHER;TREATMENT_CONTAMINATED,plaintiff.gender;plaintiff.age_at_accident,0.375,5,1,0,2,0,0,1,0,0,0,0,0,0,1,,
HKDC_2007_418.html.txt,2007_HKDC_418.json,[2007] HKDC 418,[2007] HKDC 418,DCPI 1813/2007,[2007] HKDC 418,clean,29,RED_FLAG_NULL_MEDIUM;UNLINKED_MANIFESTATION;ZERO_INJURIES;ZERO_LOSSES;NO_COMPARABLE,injuries.overall_category;injuries.injuries;losses.losses,0.375,0,0,0,0,0,0,0,1,0,0,0,0,0,0,,
HKCFI_2008_63.html.txt,2008_HKCFI_63.json,[2008] HKCFI 63,[2008] HKCFI 63,HCPI 1011/2005,[2008] HKCFI 63,clean,29,RED_FLAG_NULL;NULL_RATIO_HIGH;COARSE_ICD_NODE;UNLINKED_LOSS;NO_PSLA_AMOUNT;NO_COMPARABLE,plaintiff.gender;plaintiff.age_at_accident;plaintiff.occupation_before;psla.amount,0.625,2,0,0,1,0,0,0,0,2,0,0,0,0,0,,
HKCFI_2008_725.html.txt,2008_HKCFI_725.json,[2008] HKCFI 725,[2008] HKCFI 725,HCPI 869/2006,[2008] HKCFI 725,clean,29,RED_FLAG_NULL_MEDIUM;NULL_ICD_OTHER;INJURY_MULTI_BODY_PART;COARSE_ICD_NODE;ICD_STOPPED_EARLY;NULL_ICD_PSYCH;PSYCH_DETECTED,injuries.overall_category;plaintiff.age_at_accident,0.458,6,2,1,1,1,0,1,0,0,1,0,0,0,1,"inj_005,inj_006",
HKDC_2009_155.html.txt,2009_HKDC_155.json,[2009] HKDC 155,[2009] HKDC 155,DCPI 1471/2008,[2009] HKDC 155,clean,29,RED_FLAG_NULL_MEDIUM;NULL_RATIO_HIGH;COARSE_ICD_NODE;NULL_ICD_PSYCH;PSYCH_DETECTED;NO_PSLA_AMOUNT;NO_COMPARABLE,injuries.overall_category;plaintiff.age_at_accident;psla.amount,0.667,5,1,1,2,0,0,0,0,0,1,0,0,0,0,"inj_003,inj_005",
HKCFI_2010_331.html.txt,2010_HKCFI_331.json,[2010] HKCFI 331,[2010] HKCFI 331,HCPI 541/2008,[2010] HKCFI 331,clean,29,RED_FLAG_NULL_MEDIUM;NULL_ICD_OTHER;NULL_ICD_PSYCH;UNLINKED_MANIFESTATION;UNLINKED_LOSS;SOURCE_NOISE;PSYCH_DETECTED;NO_COMPARABLE,injuries.overall_category,0.375,6,2,1,0,0,0,0,2,1,1,0,0,0,1,inj_006,
HKCFI_2010_389.html.txt,2010_HKCFI_389.json,[2010] HKCFI 389,[2010] HKCFI 389,HCPI 657/2007,[2010] HKCFI 389,clean,29,RED_FLAG_NULL_MEDIUM;NULL_RATIO_HIGH;UNLINKED_LOSS;ZERO_INJURIES;NO_PSLA_AMOUNT;NO_COMPARABLE,injuries.overall_category;injuries.injuries;plaintiff.age_at_accident;plaintiff.occupation_before;psla.amount,0.708,0,0,0,0,0,0,0,0,1,0,0,0,0,0,,
HKCFI_2010_991.html.txt,2010_HKCFI_991.json,[2010] HKCFI 991,[2010] HKCFI 991,HCPI 466/2009,[2010] HKCFI 991,clean,29,RED_FLAG_NULL;RED_FLAG_NULL_MEDIUM;INJURY_MULTI_BODY_PART;COARSE_ICD_NODE;UNLINKED_MANIFESTATION;UNLINKED_LOSS,plaintiff.gender;injuries.overall_category,0.417,5,0,0,1,0,0,3,5,1,0,0,0,0,0,,
HKCFI_2011_214.html.txt,2011_HKCFI_214.json,[2011] HKCFI 214,[2011] HKCFI 214,HCPI 832/2009,[2011] HKCFI 214,clean,29,RED_FLAG_NULL_MEDIUM;NULL_RATIO_HIGH;COARSE_ICD_NODE;NULL_ICD_PSYCH;UNLINKED_MANIFESTATION;PSYCH_DETECTED;NO_COMPARABLE,injuries.overall_category,0.542,3,1,1,1,0,0,0,5,0,1,0,0,0,0,inj_003,
HKCFI_2011_630.html.txt,2011_HKCFI_630.json,[2011] HKCFI 630,[2011] HKCFI 630,HCPI 604/2008,[2011] HKCFI 630,clean,29,RED_FLAG_NULL;RED_FLAG_NULL_MEDIUM;ICD_STOPPED_EARLY;INJURY_MULTI_BODY_PART;NULL_ICD_OTHER;UNLINKED_MANIFESTATION;NO_COMPARABLE,plaintiff.gender;injuries.overall_category,0.333,10,1,0,0,1,0,4,2,0,0,0,0,0,1,,
HKCFI_2012_1004.html.txt,2012_HKCFI_1004.json,[2012] HKCFI 1004,[2012] HKCFI 1004,HCPI 392/2009,[2012] HKCFI 1004,clean,29,RED_FLAG_NULL;RED_FLAG_NULL_MEDIUM;NULL_RATIO_HIGH;NULL_ICD_PSYCH;PSYCH_DETECTED,plaintiff.gender;injuries.overall_category;plaintiff.age_at_accident,0.500,3,1,1,0,0,0,0,0,0,1,0,0,0,0,inj_001,
HKDC_2013_678.html.txt,2013_HKDC_678.json,[2013] HKDC 678,[2013] HKDC 678,DCPI 1160/2012,[2013] HKDC 678,clean,29,RED_FLAG_NULL;RED_FLAG_NULL_MEDIUM;NULL_RATIO_HIGH;UNLINKED_MANIFESTATION;UNLINKED_LOSS;NO_PSLA_AMOUNT;NO_COMPARABLE,plaintiff.gender;injuries.overall_category;plaintiff.age_at_accident;psla.amount,0.625,3,0,0,0,0,0,0,4,2,0,0,0,0,0,,
HKCFI_2015_1421.html.txt,2015_HKCFI_1421.json,[2015] HKCFI 1421,[2015] HKCFI 1421,HCPI 135/2012,[2015] HKCFI 1421,clean,29,RED_FLAG_NULL_MEDIUM;COARSE_ICD_NODE;ICD_STOPPED_EARLY;INJURY_MULTI_BODY_PART;NULL_ICD_PSYCH;PSYCH_DETECTED,injuries.overall_category,0.292,6,1,1,2,1,0,1,0,0,1,0,0,0,0,inj_006,
HKDC_2017_1611.html.txt,2017_HKDC_1611.json,[2017] HKDC 1611,[2017] HKDC 1611,DCPI 569/2015,[2017] HKDC 1611,clean,29,RED_FLAG_NULL_MEDIUM;COARSE_ICD_NODE;INJURY_MULTI_BODY_PART;NULL_ICD_OTHER;NULL_ICD_PSYCH;UNLINKED_MANIFESTATION;UNLINKED_LOSS;PSYCH_DETECTED,injuries.overall_category,0.417,7,3,1,4,0,0,5,2,1,2,0,0,0,1,"inj_006,inj_007",
HKDC_2019_556.html.txt,2019_HKDC_556.json,[2019] HKDC 556,[2019] HKDC 556,DCPI 1454/2017,[2019] HKDC 556,clean,29,RED_FLAG_NULL;NULL_RATIO_HIGH;COARSE_ICD_NODE;INJURY_MULTI_BODY_PART,plaintiff.gender,0.500,3,0,0,2,0,0,2,0,0,0,0,0,0,0,,
HKCFI_1976_34.html.txt,1976_HKCFI_34.json,[1976] HKCFI 34,[1976] HKCFI 34,HCA 3094/1975,[1976] HKCFI 34,clean,28,RED_FLAG_NULL_MEDIUM;NULL_RATIO_HIGH;NULL_ICD_PREEXISTING;COARSE_ICD_NODE;INJURY_MULTI_BODY_PART;MULTI_PLAINTIFF,injuries.overall_category;plaintiff.age_at_accident,0.500,3,1,0,1,0,0,1,0,0,0,1,0,0,0,,
HKCFI_1978_29.html.txt,1978_HKCFI_29.json,[1978] HKCFI 29,[1978] HKCFI 29,HCA 1886/1977,[1978] HKCFI 29,clean,28,RED_FLAG_NULL;RED_FLAG_NULL_MEDIUM;COARSE_ICD_NODE;UNLINKED_MANIFESTATION;UNLINKED_LOSS,plaintiff.gender;injuries.overall_category,0.458,4,0,0,3,0,0,0,4,4,0,0,0,0,0,,
HKCFI_1978_44.html.txt,1978_HKCFI_44.json,[1978] HKCFI 44,[1978] HKCFI 44,HCA 2579/1976,[1978] HKCFI 44,clean,28,RED_FLAG_NULL;RED_FLAG_NULL_MEDIUM;NULL_RATIO_HIGH;NULL_ICD_OTHER;INJURY_MULTI_BODY_PART;NO_COMPARABLE,plaintiff.gender;injuries.overall_category;plaintiff.age_at_accident,0.625,2,1,0,0,0,0,2,0,0,0,0,0,0,1,,
HKCFI_1980_73.html.txt,1980_HKCFI_73.json,[1980] HKCFI 73,[1980] HKCFI 73,HCA 898/1978,[1980] HKCFI 73,clean,28,RED_FLAG_NULL_MEDIUM;NULL_RATIO_HIGH;INJURY_MULTI_BODY_PART;COARSE_ICD_NODE;NO_PSLA_AMOUNT;MULTI_PLAINTIFF,injuries.overall_category;psla.amount,0.625,8,0,0,4,0,0,5,0,0,0,0,0,0,0,,
HKCFI_1982_4.html.txt,1982_HKCFI_4.json,[1982] HKCFI 4,[1982] HKCFI 4,HCA 5463/1981,[1982] HKCFI 4,clean,28,RED_FLAG_NULL;RED_FLAG_NULL_MEDIUM;ICD_STOPPED_EARLY;NULL_ICD_SYMPTOM,plaintiff.gender;injuries.overall_category,0.458,3,1,0,0,1,0,0,0,0,0,0,0,1,0,,
HKCFI_1989_72.html.txt,1989_HKCFI_72.json,[1989] HKCFI 72,[1989] HKCFI 72,HCA 2706/1987,[1989] HKCFI 72,clean,28,RED_FLAG_NULL_MEDIUM;NULL_ICD_OTHER;INJURY_MULTI_BODY_PART;ICD_STOPPED_EARLY;COARSE_ICD_NODE;UNLINKED_MANIFESTATION;UNLINKED_LOSS,injuries.overall_category,0.375,7,1,0,1,2,0,2,7,1,0,0,0,0,1,,
HKCFI_1990_142.html.txt,1990_HKCFI_142.json,[1990] HKCFI 142,[1990] HKCFI 142,HCA 5325/1988,[1990] HKCFI 142,clean,28,RED_FLAG_NULL_MEDIUM;NULL_RATIO_HIGH;NULL_ICD_OTHER;INJURY_MULTI_BODY_PART;COARSE_ICD_NODE;UNLINKED_MANIFESTATION;PSYCH_DETECTED;MULTI_PLAINTIFF,injuries.overall_category;plaintiff.occupation_before,0.542,5,1,1,1,0,0,2,1,0,0,0,0,0,1,,
HKCFI_1995_424.html.txt,1995_HKCFI_424.json,[1995] HKCFI 424,[1995] HKCFI 424,HCA 714/1988,[1995] HKCFI 424,clean,28,COARSE_ICD_NODE;INJURY_MULTI_BODY_PART;ICD_STOPPED_EARLY;UNLINKED_MANIFESTATION;TREATMENT_CONTAMINATED;PSYCH_DETECTED,,0.250,4,0,1,2,1,0,1,1,0,0,0,0,0,0,,
HKCFI_1996_525.html.txt,1996_HKCFI_525.json,[1996] HKCFI 525,[1996] HKCFI 525,HCPI 793/1995,[1996] HKCFI 525,clean,28,RED_FLAG_NULL;NULL_RATIO_HIGH;INJURY_MULTI_BODY_PART;TREATMENT_CONTAMINATED,plaintiff.gender;plaintiff.age_at_accident,0.500,1,0,0,0,0,0,1,0,0,0,0,0,0,0,,
HKCFI_1999_1055.html.txt,1999_HKCFI_1055.json,[1999] HKCFI 1055,[1999] HKCFI 1055,HCPI 1173/1996,[1999] HKCFI 1055,clean,28,RED_FLAG_NULL_MEDIUM;NULL_RATIO_HIGH;COARSE_ICD_NODE;INJURY_MULTI_BODY_PART;UNLINKED_MANIFESTATION;UNLINKED_LOSS;NO_COMPARABLE,injuries.overall_category;plaintiff.age_at_accident,0.542,3,0,0,1,0,0,2,1,1,0,0,0,0,0,,
HKCFI_1999_363.html.txt,1999_HKCFI_363.json,[1999] HKCFI 363,[1999] HKCFI 363,HCPI 57/1998,[1999] HKCFI 363,clean,28,RED_FLAG_NULL_MEDIUM;NULL_RATIO_HIGH;ICD_STOPPED_EARLY;NULL_ICD_PSYCH;UNLINKED_MANIFESTATION;PSYCH_DETECTED,injuries.overall_category;plaintiff.age_at_accident,0.542,7,1,1,0,1,0,0,5,0,1,0,0,0,0,inj_003,
HKCFI_2002_180.html.txt,2002_HKCFI_180.json,[2002] HKCFI 180,[2002] HKCFI 180,HCPI 206/2001,[2002] HKCFI 180,clean,28,RED_FLAG_NULL;RED_FLAG_NULL_MEDIUM;NULL_RATIO_HIGH;NULL_ICD_PREEXISTING;NO_COMPARABLE,plaintiff.gender;injuries.overall_category;plaintiff.age_at_accident,0.542,3,1,0,0,0,0,0,0,0,0,1,0,0,0,,
HKDC_2002_113.html.txt,2002_HKDC_113.json,[2002] HKDC 113,[2002] HKDC 113,DCPI 60/2001,[2002] HKDC 113,clean,28,RED_FLAG_NULL;RED_FLAG_NULL_MEDIUM;NULL_ICD_PSYCH;PSYCH_DETECTED;PSYCH_NO_PERSONALITY_CHANGE_LOSS,plaintiff.gender;injuries.overall_category,0.458,3,1,1,0,0,0,0,0,0,1,0,0,0,0,"inj_002,inj_003",
HKCFI_2006_1428.html.txt,2006_HKCFI_1428.json,[2006] HKCFI 1428,[2006] HKCFI 1428,HCPI 1062/2004,[2006] HKCFI 1428,clean,28,RED_FLAG_NULL_MEDIUM;NULL_RATIO_HIGH;COARSE_ICD_NODE;ICD_STOPPED_EARLY;NO_COMPARABLE,injuries.overall_category;plaintiff.age_at_accident,0.542,2,0,0,1,1,0,0,0,0,0,0,0,0,0,,
HKCFI_2007_147.html.txt,2007_HKCFI_147.json,[2007] HKCFI 147,[2007] HKCFI 147,HCPI 1291/2003,[2007] HKCFI 147,clean,28,RED_FLAG_NULL_MEDIUM;COARSE_ICD_NODE;INJURY_MULTI_BODY_PART;ICD_STOPPED_EARLY;UNLINKED_MANIFESTATION;UNLINKED_LOSS;PSYCH_DETECTED,injuries.overall_category,0.292,7,0,1,2,1,0,1,10,1,0,0,0,0,0,,
HKCFI_2007_418.html.txt,2007_HKCFI_418.json,[2007] HKCFI 418,[2007] HKCFI 418,HCPI 1129/2005,[2007] HKCFI 418,clean,28,RED_FLAG_NULL;RED_FLAG_NULL_MEDIUM;NULL_RATIO_HIGH;INJURY_MULTI_BODY_PART;NO_PSLA_AMOUNT;NO_COMPARABLE,plaintiff.gender;injuries.overall_category;psla.amount,0.625,1,0,0,0,0,0,1,0,0,0,0,0,0,0,,
HKCFI_2008_437.html.txt,2008_HKCFI_437.json,[2008] HKCFI 437,[2008] HKCFI 437,HCPI 176/2007,[2008] HKCFI 437,clean,28,RED_FLAG_NULL;COARSE_ICD_NODE;INJURY_MULTI_BODY_PART;ICD_STOPPED_EARLY;NULL_ICD_OTHER,plaintiff.gender,0.333,8,1,0,1,1,0,2,0,0,0,0,0,0,1,,
HKCFI_2008_859.html.txt,2008_HKCFI_859.json,[2008] HKCFI 859,[2008] HKCFI 859,HCPI 705/2006,[2008] HKCFI 859,clean,28,RED_FLAG_NULL_MEDIUM;NULL_RATIO_HIGH;COARSE_ICD_NODE;INJURY_MULTI_BODY_PART;UNLINKED_MANIFESTATION;UNLINKED_LOSS;NO_COMPARABLE,injuries.overall_category,0.500,3,0,0,1,0,0,1,2,1,0,0,0,0,0,,
HKCFI_2008_974.html.txt,2008_HKCFI_974.json,[2008] HKCFI 974,[2008] HKCFI 974,HCPI 451/2006,[2008] HKCFI 974,clean,28,ICD_STOPPED_EARLY;COARSE_ICD_NODE;UNLINKED_MANIFESTATION;UNLINKED_LOSS;TREATMENT_CONTAMINATED;PSYCH_DETECTED;MULTI_PLAINTIFF,,0.333,8,0,1,2,1,0,0,9,4,0,0,0,0,0,,
HKDC_2008_179.html.txt,2008_HKDC_179.json,[2008] HKDC 179,[2008] HKDC 179,DCPI 2256/2006,[2008] HKDC 179,clean,28,RED_FLAG_NULL;RED_FLAG_NULL_MEDIUM;NULL_RATIO_HIGH;INJURY_MULTI_BODY_PART;NO_PSLA_AMOUNT;NO_COMPARABLE,plaintiff.gender;injuries.overall_category;plaintiff.age_at_accident;psla.amount,0.667,2,0,0,0,0,0,2,0,0,0,0,0,0,0,,
HKDC_2010_161.html.txt,2010_HKDC_161.json,[2010] HKDC 161,[2010] HKDC 161,DCPI 956/2009,[2010] HKDC 161,clean,28,RED_FLAG_NULL;RED_FLAG_NULL_MEDIUM;COARSE_ICD_NODE;INJURY_MULTI_BODY_PART;UNLINKED_MANIFESTATION,plaintiff.gender;injuries.overall_category,0.417,5,0,0,2,0,0,1,2,0,0,0,0,0,0,,
HKDC_2010_264.html.txt,2010_HKDC_264.json,[2010] HKDC 264,[2010] HKDC 264,DCPI 1273/2008,[2010] HKDC 264,clean,28,RED_FLAG_NULL_MEDIUM;NULL_RATIO_HIGH;INJURY_MULTI_BODY_PART;UNLINKED_MANIFESTATION;UNLINKED_LOSS;TREATMENT_CONTAMINATED;PSYCH_DETECTED,injuries.overall_category;plaintiff.age_at_accident,0.583,6,0,1,0,0,0,2,6,4,0,0,0,0,0,,
HKCFI_2011_206.html.txt,2011_HKCFI_206.json,[2011] HKCFI 206,[2011] HKCFI 206,HCPI 288/2009,[2011] HKCFI 206,clean,28,RED_FLAG_NULL_MEDIUM;NULL_RATIO_HIGH;COARSE_ICD_NODE;NULL_ICD_PSYCH;PSYCH_DETECTED;NO_PSLA_AMOUNT;NO_COMPARABLE,injuries.overall_category;psla.amount,0.583,3,1,1,1,0,0,0,0,0,1,0,0,0,0,inj_003,
HKCFI_2012_1997.html.txt,2012_HKCFI_1997.json,[2012] HKCFI 1997,[2012] HKCFI 1997,HCPI 284/2010,[2012] HKCFI 1997,clean,28,RED_FLAG_NULL;RED_FLAG_NULL_MEDIUM;NULL_RATIO_HIGH;UNLINKED_MANIFESTATION;UNLINKED_LOSS;NO_COMPARABLE,plaintiff.gender;injuries.overall_category;plaintiff.age_at_accident,0.583,2,0,0,0,0,0,0,1,2,0,0,0,0,0,,
HKDC_2012_20.html.txt,2012_HKDC_20.json,[2012] HKDC 20,[2012] HKDC 20,DCPI 145/2010,[2012] HKDC 20,clean,28,ICD_CODE_NOT_IN_TREE;PSYCH_DETECTED,,0.292,3,0,1,0,0,2,0,0,0,0,0,0,0,0,"inj_002,inj_003",
HKCFI_2013_1223.html.txt,2013_HKCFI_1223.json,[2013] HKCFI 1223,[2013] HKCFI 1223,HCPI 846/2011,[2013] HKCFI 1223,clean,28,RED_FLAG_NULL;INJURY_MULTI_BODY_PART;NULL_ICD_PSYCH;NULL_ICD_PREEXISTING;UNLINKED_MANIFESTATION;UNLINKED_LOSS;PSYCH_DETECTED;NO_COMPARABLE,plaintiff.gender,0.333,3,2,1,0,0,0,1,2,1,1,1,0,0,0,inj_002,
HKCFI_2013_168.html.txt,2013_HKCFI_168.json,[2013] HKCFI 168,[2013] HKCFI 168,HCPI 858/2011,[2013] HKCFI 168,clean,28,RED_FLAG_NULL;COARSE_ICD_NODE;INJURY_MULTI_BODY_PART;ICD_STOPPED_EARLY;NULL_ICD_OTHER,plaintiff.gender,0.333,6,1,0,1,1,0,3,0,0,0,0,0,0,1,,
HKCFI_2013_1908.html.txt,2013_HKCFI_1908.json,[2013] HKCFI 1908,[2013] HKCFI 1908,HCPI 100/2009,[2013] HKCFI 1908,clean,28,RED_FLAG_NULL;RED_FLAG_NULL_MEDIUM;COARSE_ICD_NODE;INJURY_MULTI_BODY_PART,plaintiff.gender;injuries.overall_category,0.208,6,0,0,4,0,0,1,0,0,0,0,0,0,0,,
HKCFI_2013_2173.html.txt,2013_HKCFI_2173.json,[2013] HKCFI 2173,[2013] HKCFI 2173,HCPI 401/2012,[2013] HKCFI 2173,clean,28,RED_FLAG_NULL_MEDIUM;NULL_RATIO_HIGH;INJURY_MULTI_BODY_PART;UNLINKED_MANIFESTATION;ZERO_LOSSES;NO_COMPARABLE,losses.losses,0.500,3,0,0,0,0,0,1,2,0,0,0,0,0,0,,
HKDC_2013_1463.html.txt,2013_HKDC_1463.json,[2013] HKDC 1463,[2013] HKDC 1463,DCPI 500/2013,[2013] HKDC 1463,clean,28,RED_FLAG_NULL;RED_FLAG_NULL_MEDIUM;COARSE_ICD_NODE;UNLINKED_MANIFESTATION;UNLINKED_LOSS;PSYCH_DETECTED,plaintiff.gender;injuries.overall_category;plaintiff.age_at_accident,0.417,4,0,1,2,0,0,0,9,2,0,0,0,0,0,,
HKCFI_2014_2010.html.txt,2014_HKCFI_2010.json,[2014] HKCFI 2010,[2014] HKCFI 2010,HCPI 254/2011,[2014] HKCFI 2010,clean,28,RED_FLAG_NULL_MEDIUM;NULL_RATIO_HIGH;UNLINKED_LOSS;ZERO_INJURIES;NO_COMPARABLE,injuries.overall_category;injuries.injuries;plaintiff.age_at_accident;plaintiff.occupation_before,0.667,0,0,0,0,0,0,0,0,6,0,0,0,0,0,,
HKCFI_2015_1144.html.txt,2015_HKCFI_1144.json,[2015] HKCFI 1144,[2015] HKCFI 1144,HCPI 476/2010,[2015] HKCFI 1144,clean,28,RED_FLAG_NULL_MEDIUM;COARSE_ICD_NODE;UNLINKED_MANIFESTATION;UNLINKED_LOSS;SOURCE_NOISE,injuries.overall_category;plaintiff.age_at_accident,0.458,3,0,0,1,0,0,0,1,6,0,0,0,0,0,,
HKCFI_2015_326.html.txt,2015_HKCFI_326.json,[2015] HKCFI 326,[2015] HKCFI 326,HCPI 301/2012,[2015] HKCFI 326,clean,28,RED_FLAG_NULL;RED_FLAG_NULL_MEDIUM;NULL_RATIO_HIGH;NULL_ICD_OTHER;UNLINKED_LOSS;NO_COMPARABLE;MULTI_PLAINTIFF,plaintiff.gender;injuries.overall_category;plaintiff.age_at_accident;plaintiff.occupation_before,0.708,1,1,0,0,0,0,0,0,1,0,0,0,0,1,,
HKCFI_2018_1446.html.txt,2018_HKCFI_1446.json,[2018] HKCFI 1446,[2018] HKCFI 1446,HCPI 1377/2016,[2018] HKCFI 1446,clean,28,RED_FLAG_NULL;RED_FLAG_NULL_MEDIUM;NULL_RATIO_HIGH;NULL_ICD_PREEXISTING;NO_COMPARABLE,plaintiff.gender;injuries.overall_category,0.500,2,1,0,0,0,0,0,0,0,0,1,0,0,0,,
HKCFI_1980_137.html.txt,1980_HKCFI_137.json,[1980] HKCFI 137,[1980] HKCFI 137,HCA 2844/1980,[1980] HKCFI 137,clean,27,RED_FLAG_NULL_MEDIUM;NULL_RATIO_HIGH;INJURY_MULTI_BODY_PART;COARSE_ICD_NODE;UNLINKED_MANIFESTATION;UNLINKED_LOSS,injuries.overall_category;plaintiff.occupation_before,0.583,4,0,0,1,0,0,3,1,1,0,0,0,0,0,,
HKCFI_1983_300.html.txt,1983_HKCFI_300.json,[1983] HKCFI 300,[1983] HKCFI 300,HCA 129/1982,[1983] HKCFI 300,clean,27,RED_FLAG_NULL;RED_FLAG_NULL_MEDIUM;NULL_ICD_PREEXISTING;PREEXISTING_METADATA_MISMATCH;UNLINKED_MANIFESTATION;UNLINKED_LOSS;MULTI_PLAINTIFF,plaintiff.gender;injuries.overall_category,0.417,4,1,0,0,0,0,0,9,2,0,1,0,0,0,,
HKCFI_1984_1.html.txt,1984_HKCFI_1.json,[1984] HKCFI 1,[1984] HKCFI 1,HCA 6071/1981,[1984] HKCFI 1,clean,27,RED_FLAG_NULL;NULL_RATIO_HIGH;ICD_STOPPED_EARLY;UNLINKED_MANIFESTATION,plaintiff.gender,0.500,2,0,0,0,1,0,0,1,0,0,0,0,0,0,,
HKCFI_1985_203.html.txt,1985_HKCFI_203.json,[1985] HKCFI 203,[1985] HKCFI 203,HCA 4880/1981,[1985] HKCFI 203,clean,27,RED_FLAG_NULL_MEDIUM;NULL_RATIO_HIGH;NULL_ICD_OTHER;UNLINKED_MANIFESTATION;UNLINKED_LOSS;TREATMENT_CONTAMINATED;NO_PSLA_AMOUNT;MULTI_PLAINTIFF,injuries.overall_category;plaintiff.age_at_accident;plaintiff.occupation_before;psla.amount,0.708,2,1,0,0,0,0,0,2,1,0,0,0,0,1,,
HKCFI_1988_89.html.txt,1988_HKCFI_89.json,[1988] HKCFI 89,[1988] HKCFI 89,HCA 5040/1987,[1988] HKCFI 89,clean,27,RED_FLAG_NULL;RED_FLAG_NULL_MEDIUM;INJURY_MULTI_BODY_PART;COARSE_ICD_NODE;UNLINKED_MANIFESTATION,plaintiff.gender;injuries.overall_category;plaintiff.age_at_accident,0.417,4,0,0,1,0,0,1,6,0,0,0,0,0,0,,
HKCA_1992_313.html.txt,1992_HKCA_313.json,[1992] HKCA 313,[1992] HKCA 313,CACV 80/1992,[1992] HKCA 313,clean,27,RED_FLAG_NULL;NULL_RATIO_HIGH;UNLINKED_MANIFESTATION;TREATMENT_CONTAMINATED,plaintiff.gender;plaintiff.age_at_accident;plaintiff.occupation_before,0.625,2,0,0,0,0,0,0,3,0,0,0,0,0,0,,
HKCFI_1996_336.html.txt,1996_HKCFI_336.json,[1996] HKCFI 336,[1996] HKCFI 336,HCPI 199/1995,[1996] HKCFI 336,clean,27,RED_FLAG_NULL;RED_FLAG_NULL_MEDIUM;NULL_RATIO_HIGH;INJURY_MULTI_BODY_PART;NO_COMPARABLE,plaintiff.gender;injuries.overall_category;plaintiff.age_at_accident,0.542,3,0,0,0,0,0,1,0,0,0,0,0,0,0,,
HKCFI_1997_183.html.txt,1997_HKCFI_183.json,[1997] HKCFI 183,[1997] HKCFI 183,HCPI 536/1995,[1997] HKCFI 183,clean,27,NULL_ICD_BURN;COARSE_ICD_NODE;INJURY_MULTI_BODY_PART;ICD_STOPPED_EARLY;PSYCH_DETECTED,,0.333,10,2,1,5,1,0,5,0,0,0,0,2,0,0,,
HKCFI_1999_214.html.txt,1999_HKCFI_214.json,[1999] HKCFI 214,[1999] HKCFI 214,HCPI 763/1997,[1999] HKCFI 214,clean,27,RED_FLAG_NULL_MEDIUM;COARSE_ICD_NODE;ICD_STOPPED_EARLY;INJURY_MULTI_BODY_PART;NULL_ICD_OTHER;PSYCH_DETECTED;NO_COMPARABLE,injuries.overall_category,0.417,7,1,1,2,2,0,1,0,0,0,0,0,0,1,inj_007,
HKCFI_1999_439.html.txt,1999_HKCFI_439.json,[1999] HKCFI 439,[1999] HKCFI 439,HCPI 691/1998,[1999] HKCFI 439,clean,27,RED_FLAG_NULL;RED_FLAG_NULL_MEDIUM;NULL_RATIO_HIGH;INJURY_MULTI_BODY_PART;NO_COMPARABLE,plaintiff.gender;injuries.overall_category,0.500,1,0,0,0,0,0,1,0,0,0,0,0,0,0,,
HKCFI_2000_1406.html.txt,2000_HKCFI_1406.json,[2000] HKCFI 1406,[2000] HKCFI 1406,HCPI 1192/1995,[2000] HKCFI 1406,clean,27,RED_FLAG_NULL;RED_FLAG_NULL_MEDIUM;COARSE_ICD_NODE;UNLINKED_MANIFESTATION;UNLINKED_LOSS;NO_COMPARABLE,plaintiff.gender;injuries.overall_category,0.333,3,0,0,1,0,0,0,1,2,0,0,0,0,0,,
HKCFI_2001_1184.html.txt,2001_HKCFI_1184.json,[2001] HKCFI 1184,[2001] HKCFI 1184,HCPI 116/2000,[2001] HKCFI 1184,clean,27,RED_FLAG_NULL_MEDIUM;INJURY_MULTI_BODY_PART;NULL_ICD_OTHER;COARSE_ICD_NODE;UNLINKED_MANIFESTATION;ZERO_LOSSES,losses.losses,0.292,3,1,0,1,0,0,2,1,0,0,0,0,0,1,,
HKCFI_2001_1446.html.txt,2001_HKCFI_1446.json,[2001] HKCFI 1446,[2001] HKCFI 1446,HCPI 661/2000,[2001] HKCFI 1446,clean,27,NULL_RATIO_HIGH;COARSE_ICD_NODE;UNLINKED_MANIFESTATION;UNLINKED_LOSS;TREATMENT_CONTAMINATED;PSYCH_DETECTED,plaintiff.age_at_accident,0.500,2,0,1,1,0,0,0,1,3,0,0,0,0,0,,
HKCFI_2002_860.html.txt,2002_HKCFI_860.json,[2002] HKCFI 860,[2002] HKCFI 860,HCPI 602/2001,[2002] HKCFI 860,clean,27,RED_FLAG_NULL_MEDIUM;ICD_STOPPED_EARLY;COARSE_ICD_NODE;TREATMENT_CONTAMINATED;NO_COMPARABLE,injuries.overall_category,0.417,2,0,0,1,1,0,0,0,0,0,0,0,0,0,,
HKCFI_2003_707.html.txt,2003_HKCFI_707.json,[2003] HKCFI 707,[2003] HKCFI 707,HCPI 745/2002,[2003] HKCFI 707,clean,27,COARSE_ICD_NODE;NULL_ICD_SYMPTOM;NULL_ICD_PSYCH;TREATMENT_CONTAMINATED;PSYCH_DETECTED;NO_COMPARABLE,plaintiff.age_at_accident,0.333,6,2,1,1,0,0,0,0,0,1,0,0,1,0,inj_005,
HKCFI_2005_915.html.txt,2005_HKCFI_915.json,[2005] HKCFI 915,[2005] HKCFI 915,HCPI 386/2003,[2005] HKCFI 915,clean,27,ICD_STOPPED_EARLY;INJURY_MULTI_BODY_PART;COARSE_ICD_NODE;UNLINKED_MANIFESTATION;TREATMENT_CONTAMINATED,,0.333,11,0,0,2,1,0,3,6,0,0,0,0,0,0,,
HKCFI_2006_439.html.txt,2006_HKCFI_439.json,[2006] HKCFI 439,[2006] HKCFI 439,HCPI 383/2002,[2006] HKCFI 439,clean,27,RED_FLAG_NULL_MEDIUM;NULL_ICD_BURN;COARSE_ICD_NODE;INJURY_MULTI_BODY_PART;NULL_ICD_PSYCH;PSYCH_DETECTED;NO_COMPARABLE,injuries.overall_category;plaintiff.age_at_accident,0.417,3,2,1,1,0,0,1,0,0,1,0,1,0,0,inj_003,
HKCFI_2006_698.html.txt,2006_HKCFI_698.json,[2006] HKCFI 698,[2006] HKCFI 698,HCPI 412/2003,[2006] HKCFI 698,clean,27,RED_FLAG_NULL_MEDIUM;NULL_RATIO_HIGH;NULL_ICD_PREEXISTING;ZERO_LOSSES;NO_COMPARABLE,injuries.overall_category;losses.losses;plaintiff.age_at_accident,0.500,3,1,0,0,0,0,0,0,0,0,1,0,0,0,,
HKCFI_2006_794.html.txt,2006_HKCFI_794.json,[2006] HKCFI 794,[2006] HKCFI 794,HCPI 292/2005,[2006] HKCFI 794,clean,27,RED_FLAG_NULL_MEDIUM;COARSE_ICD_NODE;UNLINKED_MANIFESTATION;SOURCE_NOISE;NO_COMPARABLE,injuries.overall_category,0.375,2,0,0,1,0,0,0,5,0,0,0,0,0,0,,
HKDC_2006_146.html.txt,2006_HKDC_146.json,[2006] HKDC 146,[2006] HKDC 146,DCPI 856/2005,[2006] HKDC 146,clean,27,RED_FLAG_NULL;RED_FLAG_NULL_MEDIUM;NULL_RATIO_HIGH;INJURY_MULTI_BODY_PART;NO_COMPARABLE,plaintiff.gender;injuries.overall_category;plaintiff.age_at_accident,0.583,1,0,0,0,0,0,1,0,0,0,0,0,0,0,,
HKDC_2006_265.html.txt,2006_HKDC_265.json,[2006] HKDC 265,[2006] HKDC 265,DCPI 1445/2005,[2006] HKDC 265,clean,27,NULL_RATIO_HIGH;COARSE_ICD_NODE;INJURY_MULTI_BODY_PART;TREATMENT_CONTAMINATED;PSYCH_DETECTED,plaintiff.age_at_accident,0.500,5,0,1,2,0,0,1,0,0,0,0,0,0,0,,
HKCFI_2007_1766.html.txt,2007_HKCFI_1766.json,[2007] HKCFI 1766,[2007] HKCFI 1766,HCPI 1048/2006,[2007] HKCFI 1766,clean,27,RED_FLAG_NULL;RED_FLAG_NULL_MEDIUM;NULL_RATIO_HIGH;INJURY_MULTI_BODY_PART;NO_PSLA_AMOUNT,plaintiff.gender;injuries.overall_category;plaintiff.occupation_before;psla.amount,0.583,5,0,0,0,0,0,2,0,0,0,0,0,0,0,,
HKCFI_2008_1825.html.txt,2008_HKCFI_1825.json,[2008] HKCFI 1825,[2008] HKCFI 1825,HCPI 305/2004,[2008] HKCFI 1825,clean,27,COARSE_ICD_NODE;NULL_ICD_PREEXISTING;UNLINKED_MANIFESTATION;UNLINKED_LOSS;SOURCE_NOISE,,0.250,7,1,0,1,0,0,0,2,1,0,1,0,0,0,,
HKDC_2008_7.html.txt,2008_HKDC_7.json,[2008] HKDC 7,[2008] HKDC 7,DCPI 766/2007,[2008] HKDC 7,clean,27,RED_FLAG_NULL;RED_FLAG_NULL_MEDIUM;ICD_STOPPED_EARLY;NULL_ICD_PREEXISTING;NO_COMPARABLE,plaintiff.gender;injuries.overall_category,0.292,4,1,0,0,1,0,0,0,0,0,1,0,0,0,,
HKCFI_2009_563.html.txt,2009_HKCFI_563.json,[2009] HKCFI 563,[2009] HKCFI 563,HCPI 290/2007,[2009] HKCFI 563,clean,27,RED_FLAG_NULL_MEDIUM;NULL_RATIO_HIGH;COARSE_ICD_NODE;UNLINKED_MANIFESTATION;UNLINKED_LOSS;PSYCH_DETECTED;NO_PSLA_AMOUNT;NO_COMPARABLE,injuries.overall_category;psla.amount,0.625,3,0,1,1,0,0,0,12,2,0,0,0,0,0,,
HKCFI_2010_32.html.txt,2010_HKCFI_32.json,[2010] HKCFI 32,[2010] HKCFI 32,HCPI 746/2005,[2010] HKCFI 32,clean,27,RED_FLAG_NULL;RED_FLAG_NULL_MEDIUM;COARSE_ICD_NODE;INJURY_MULTI_BODY_PART;NO_COMPARABLE,plaintiff.gender;injuries.overall_category;plaintiff.age_at_accident,0.417,3,0,0,2,0,0,1,0,0,0,0,0,0,0,,
HKDC_2010_179.html.txt,2010_HKDC_179.json,[2010] HKDC 179,[2010] HKDC 179,DCPI 2470/2009,[2010] HKDC 179,clean,27,RED_FLAG_NULL_MEDIUM;INJURY_MULTI_BODY_PART;ICD_STOPPED_EARLY;COARSE_ICD_NODE;UNLINKED_MANIFESTATION;UNLINKED_LOSS;PSYCH_DETECTED,injuries.overall_category,0.250,4,0,1,1,1,0,4,1,1,0,0,0,0,0,,
HKDC_2014_574.html.txt,2014_HKDC_574.json,[2014] HKDC 574,[2014] HKDC 574,DCPI 2225/2012,[2014] HKDC 574,clean,27,RED_FLAG_NULL;RED_FLAG_NULL_MEDIUM;NULL_ICD_OTHER;INJURY_MULTI_BODY_PART;PSYCH_DETECTED;PSYCH_NO_PERSONALITY_CHANGE_LOSS,plaintiff.gender;injuries.overall_category,0.417,2,1,1,0,0,0,2,0,0,0,0,0,0,1,inj_002,
HKCFI_2015_953.html.txt,2015_HKCFI_953.json,[2015] HKCFI 953,[2015] HKCFI 953,HCPI 916/2011,[2015] HKCFI 953,clean,27,RED_FLAG_NULL_MEDIUM;NULL_ICD_OTHER;INJURY_MULTI_BODY_PART;NULL_ICD_PREEXISTING;COARSE_ICD_NODE;NULL_ICD_PSYCH;PSYCH_DETECTED;NO_COMPARABLE,injuries.overall_category,0.458,6,3,1,1,0,0,2,0,0,1,1,0,0,1,inj_005,
HKDC_2015_1436.html.txt,2015_HKDC_1436.json,[2015] HKDC 1436,[2015] HKDC 1436,DCPI 1422/2013,[2015] HKDC 1436,clean,27,RED_FLAG_NULL_MEDIUM;NULL_ICD_SYMPTOM;INJURY_MULTI_BODY_PART;NULL_ICD_PREEXISTING;ZERO_LOSSES,injuries.overall_category;losses.losses,0.417,2,2,0,0,0,0,2,0,0,0,1,0,1,0,,
HKCFI_2017_1170.html.txt,2017_HKCFI_1170.json,[2017] HKCFI 1170,[2017] HKCFI 1170,HCPI 821/2014,[2017] HKCFI 1170,clean,27,RED_FLAG_NULL_MEDIUM;ICD_STOPPED_EARLY;NULL_ICD_PSYCH;UNLINKED_MANIFESTATION;TREATMENT_CONTAMINATED;PSYCH_DETECTED,injuries.overall_category,0.417,4,2,1,0,1,0,0,1,0,2,0,0,0,0,"inj_003,inj_004",
HKDC_2017_1592.html.txt,2017_HKDC_1592.json,[2017] HKDC 1592,[2017] HKDC 1592,DCPI 2652/2015,[2017] HKDC 1592,clean,27,RED_FLAG_NULL;RED_FLAG_NULL_MEDIUM;COARSE_ICD_NODE;INJURY_MULTI_BODY_PART;UNLINKED_MANIFESTATION,plaintiff.gender;injuries.overall_category,0.375,5,0,0,1,0,0,1,3,0,0,0,0,0,0,,
HKDC_2018_693.html.txt,2018_HKDC_693.json,[2018] HKDC 693,[2018] HKDC 693,DCPI 2598/2014,[2018] HKDC 693,clean,27,RED_FLAG_NULL_MEDIUM;ICD_STOPPED_EARLY;COARSE_ICD_NODE;INJURY_MULTI_BODY_PART;UNLINKED_MANIFESTATION;UNLINKED_LOSS,injuries.overall_category,0.333,9,0,0,2,1,0,1,2,1,0,0,0,0,0,,
HKDC_2019_1179.html.txt,2019_HKDC_1179.json,[2019] HKDC 1179,[2019] HKDC 1179,DCPI 956/2019,[2019] HKDC 1179,clean,27,RED_FLAG_NULL;RED_FLAG_NULL_MEDIUM;INJURY_MULTI_BODY_PART;ICD_STOPPED_EARLY;UNLINKED_MANIFESTATION,plaintiff.gender;injuries.overall_category,0.417,5,0,0,0,1,0,1,1,0,0,0,0,0,0,,
HKDC_2019_488.html.txt,2019_HKDC_488.json,[2019] HKDC 488,[2019] HKDC 488,DCPI 2505/2016,[2019] HKDC 488,clean,27,RED_FLAG_NULL_MEDIUM;NULL_ICD_SYMPTOM;INJURY_MULTI_BODY_PART;NULL_ICD_PSYCH;TREATMENT_CONTAMINATED;PSYCH_DETECTED,injuries.overall_category,0.375,4,2,1,0,0,0,1,0,0,1,0,0,1,0,"inj_002,inj_004",
HKDC_2020_1745.html.txt,2020_HKDC_1745.json,[2020] HKDC 1745,[2020] HKDC 1745,DCPI 2723/2018,[2020] HKDC 1745,clean,27,RED_FLAG_NULL;COARSE_ICD_NODE;INJURY_MULTI_BODY_PART;NULL_ICD_PSYCH;PSYCH_DETECTED,plaintiff.gender,0.250,4,1,1,2,0,0,1,0,0,1,0,0,0,0,inj_004,
HKCA_1976_235.html.txt,1976_HKCA_235.json,[1976] HKCA 235,[1976] HKCA 235,CACV 26/1975,[1976] HKCA 235,clean,26,RED_FLAG_NULL;NULL_RATIO_HIGH;ICD_STOPPED_EARLY;NULL_ICD_OTHER,plaintiff.gender;plaintiff.age_at_accident,0.500,3,1,0,0,1,0,0,0,0,0,0,0,0,1,,
HKCFI_1976_101.html.txt,1976_HKCFI_101.json,[1976] HKCFI 101,[1976] HKCFI 101,HCPI 607/1976,[1976] HKCFI 101,clean,26,RED_FLAG_NULL_MEDIUM;NULL_RATIO_HIGH;COARSE_ICD_NODE;INJURY_MULTI_BODY_PART;UNLINKED_MANIFESTATION;MULTI_PLAINTIFF,injuries.overall_category,0.542,7,0,0,1,0,0,1,2,0,0,0,0,0,0,,
HKCFI_1978_10.html.txt,1978_HKCFI_10.json,[1978] HKCFI 10,[1978] HKCFI 10,HCA 433/1976,[1978] HKCFI 10,clean,26,RED_FLAG_NULL_MEDIUM;NULL_RATIO_HIGH;ICD_STOPPED_EARLY;INJURY_MULTI_BODY_PART;UNLINKED_MANIFESTATION;NO_COMPARABLE,injuries.overall_category;plaintiff.occupation_before,0.625,3,0,0,0,1,0,1,1,0,0,0,0,0,0,,
HKCFI_1980_24.html.txt,1980_HKCFI_24.json,[1980] HKCFI 24,[1980] HKCFI 24,HCA 5109/1979,[1980] HKCFI 24,clean,26,RED_FLAG_NULL;RED_FLAG_NULL_MEDIUM;NULL_RATIO_HIGH;PSYCH_DETECTED;NO_PSLA_AMOUNT;NO_COMPARABLE,plaintiff.gender;injuries.overall_category;plaintiff.age_at_accident;psla.amount,0.583,2,0,1,0,0,0,0,0,0,0,0,0,0,0,,
HKCFI_1985_220.html.txt,1985_HKCFI_220.json,[1985] HKCFI 220,[1985] HKCFI 220,HCA 12207/1983,[1985] HKCFI 220,clean,26,RED_FLAG_NULL;RED_FLAG_NULL_MEDIUM;NULL_RATIO_HIGH;INJURY_MULTI_BODY_PART,plaintiff.gender;injuries.overall_category;plaintiff.age_at_accident,0.583,8,0,0,0,0,0,1,0,0,0,0,0,0,0,,
HKCFI_1987_120.html.txt,1987_HKCFI_120.json,[1987] HKCFI 120,[1987] HKCFI 120,HCA 1864/1986,[1987] HKCFI 120,clean,26,RED_FLAG_NULL;RED_FLAG_NULL_MEDIUM;COARSE_ICD_NODE;INJURY_MULTI_BODY_PART;NO_COMPARABLE,plaintiff.gender;injuries.overall_category,0.417,1,0,0,1,0,0,1,0,0,0,0,0,0,0,,
HKCA_1991_275.html.txt,1991_HKCA_275.json,[1991] HKCA 275,[1991] HKCA 275,CACV 45/1990,[1991] HKCA 275,clean,26,RED_FLAG_NULL_MEDIUM;NULL_RATIO_HIGH;COARSE_ICD_NODE;INJURY_MULTI_BODY_PART;NO_PSLA_AMOUNT;NO_COMPARABLE,injuries.overall_category;plaintiff.age_at_accident;psla.amount,0.542,4,0,0,2,0,0,1,0,0,0,0,0,0,0,,
HKCFI_1997_767.html.txt,1997_HKCFI_767.json,[1997] HKCFI 767,[1997] HKCFI 767,HCPI 923/1995,[1997] HKCFI 767,clean,26,RED_FLAG_NULL;RED_FLAG_NULL_MEDIUM;COARSE_ICD_NODE;INJURY_MULTI_BODY_PART;PSYCH_DETECTED,plaintiff.gender;injuries.overall_category,0.375,1,0,1,1,0,0,1,0,0,0,0,0,0,0,,
HKCFI_1998_911.html.txt,1998_HKCFI_911.json,[1998] HKCFI 911,[1998] HKCFI 911,HCPI 957/1996,[1998] HKCFI 911,clean,26,RED_FLAG_NULL_MEDIUM;NULL_RATIO_HIGH;NULL_ICD_OTHER;INJURY_MULTI_BODY_PART;ZERO_LOSSES,losses.losses,0.500,3,1,0,0,0,0,1,0,0,0,0,0,0,1,,
HKCFI_2000_1296.html.txt,2000_HKCFI_1296.json,[2000] HKCFI 1296,[2000] HKCFI 1296,HCPI 408/1999,[2000] HKCFI 1296,clean,26,RED_FLAG_NULL;RED_FLAG_NULL_MEDIUM;COARSE_ICD_NODE;INJURY_MULTI_BODY_PART;NULL_ICD_OTHER,plaintiff.gender;injuries.overall_category,0.292,4,1,0,1,0,0,2,0,0,0,0,0,0,1,,
HKDC_2003_107.html.txt,2003_HKDC_107.json,[2003] HKDC 107,[2003] HKDC 107,DCPI 45/2000,[2003] HKDC 107,clean,26,RED_FLAG_NULL;RED_FLAG_NULL_MEDIUM;NULL_RATIO_HIGH;INJURY_MULTI_BODY_PART,plaintiff.gender;injuries.overall_category,0.500,1,0,0,0,0,0,1,0,0,0,0,0,0,0,,
HKDC_2003_87.html.txt,2003_HKDC_87.json,[2003] HKDC 87,[2003] HKDC 87,DCPI 293/2003,[2003] HKDC 87,clean,26,RED_FLAG_NULL;RED_FLAG_NULL_MEDIUM;UNLINKED_MANIFESTATION;UNLINKED_LOSS;TREATMENT_CONTAMINATED,plaintiff.gender;injuries.overall_category,0.375,2,0,0,0,0,0,0,1,1,0,0,0,0,0,,
HKDC_2005_8.html.txt,2005_HKDC_8.json,[2005] HKDC 8,[2005] HKDC 8,DCPI 517/2003,[2005] HKDC 8,clean,26,RED_FLAG_NULL;RED_FLAG_NULL_MEDIUM;NULL_RATIO_HIGH;INJURY_MULTI_BODY_PART,plaintiff.gender;injuries.overall_category,0.500,1,0,0,0,0,0,1,0,0,0,0,0,0,0,,
HKCFI_2006_284.html.txt,2006_HKCFI_284.json,[2006] HKCFI 284,[2006] HKCFI 284,HCPI 744/2004,[2006] HKCFI 284,clean,26,RED_FLAG_NULL;COARSE_ICD_NODE;TREATMENT_CONTAMINATED;PSYCH_DETECTED;NO_COMPARABLE,plaintiff.gender,0.375,1,0,1,1,0,0,0,0,0,0,0,0,0,0,,
HKDC_2006_32.html.txt,2006_HKDC_32.json,[2006] HKDC 32,[2006] HKDC 32,DCPI 1252/2004,[2006] HKDC 32,clean,26,RED_FLAG_NULL_MEDIUM;NULL_RATIO_HIGH;INJURY_MULTI_BODY_PART;NULL_ICD_OTHER;COARSE_ICD_NODE;UNLINKED_MANIFESTATION,injuries.overall_category;plaintiff.occupation_before,0.583,5,1,0,1,0,0,3,2,0,0,0,0,0,1,,
HKDC_2007_360.html.txt,2007_HKDC_360.json,[2007] HKDC 360,[2007] HKDC 360,DCPI 1839/2006,[2007] HKDC 360,clean,26,RED_FLAG_NULL;RED_FLAG_NULL_MEDIUM;UNLINKED_MANIFESTATION;ZERO_LOSSES,plaintiff.gender;injuries.overall_category;losses.losses,0.375,2,0,0,0,0,0,0,1,0,0,0,0,0,0,,
HKDC_2007_53.html.txt,2007_HKDC_53.json,[2007] HKDC 53,[2007] HKDC 53,DCPI 115/2006,[2007] HKDC 53,clean,26,RED_FLAG_NULL;RED_FLAG_NULL_MEDIUM;NULL_RATIO_HIGH;INJURY_MULTI_BODY_PART,plaintiff.gender;injuries.overall_category;plaintiff.age_at_accident;plaintiff.occupation_before,0.583,2,0,0,0,0,0,1,0,0,0,0,0,0,0,,
HKCFI_2008_1971.html.txt,2008_HKCFI_1971.json,[2008] HKCFI 1971,[2008] HKCFI 1971,HCPI 479/2003,[2008] HKCFI 1971,clean,26,NULL_RATIO_HIGH;COARSE_ICD_NODE;INJURY_MULTI_BODY_PART;NULL_ICD_PSYCH;UNLINKED_MANIFESTATION;PSYCH_DETECTED,plaintiff.age_at_accident,0.500,3,1,1,1,0,0,1,2,0,1,0,0,0,0,inj_003,
HKCFI_2008_552.html.txt,2008_HKCFI_552.json,[2008] HKCFI 552,[2008] HKCFI 552,HCPI 12/2007,[2008] HKCFI 552,clean,26,RED_FLAG_NULL_MEDIUM;COARSE_ICD_NODE;NULL_ICD_OTHER;INJURY_MULTI_BODY_PART;NULL_ICD_PSYCH;UNLINKED_MANIFESTATION;UNLINKED_LOSS;PSYCH_DETECTED,injuries.overall_category;plaintiff.age_at_accident,0.458,3,2,1,1,0,0,1,1,1,1,0,0,0,1,inj_003,
HKDC_2008_295.html.txt,2008_HKDC_295.json,[2008] HKDC 295,[2008] HKDC 295,DCPI 1323/2006,[2008] HKDC 295,clean,26,RED_FLAG_NULL_MEDIUM;NULL_RATIO_HIGH;ICD_STOPPED_EARLY;UNLINKED_MANIFESTATION;UNLINKED_LOSS;NO_PSLA_AMOUNT;NO_COMPARABLE,injuries.overall_category;plaintiff.age_at_accident;plaintiff.occupation_before;psla.amount,0.667,3,0,0,0,1,0,0,2,1,0,0,0,0,0,,
HKCFI_2009_17.html.txt,2009_HKCFI_17.json,[2009] HKCFI 17,[2009] HKCFI 17,HCPI 880/2005,[2009] HKCFI 17,clean,26,RED_FLAG_NULL_MEDIUM;NULL_ICD_SYMPTOM;ICD_STOPPED_EARLY;COARSE_ICD_NODE;PSYCH_DETECTED,injuries.overall_category,0.375,5,1,1,1,1,0,0,0,0,0,0,0,1,0,,
HKCFI_2010_249.html.txt,2010_HKCFI_249.json,[2010] HKCFI 249,[2010] HKCFI 249,HCPI 60/2008,[2010] HKCFI 249,clean,26,RED_FLAG_NULL_MEDIUM;COARSE_ICD_NODE;NULL_ICD_PSYCH;TREATMENT_CONTAMINATED;PSYCH_DETECTED;NO_COMPARABLE,injuries.overall_category,0.375,2,1,1,1,0,0,0,0,0,1,0,0,0,0,inj_002,
HKCFI_2010_712.html.txt,2010_HKCFI_712.json,[2010] HKCFI 712,[2010] HKCFI 712,HCPI 695/2008,[2010] HKCFI 712,clean,26,RED_FLAG_NULL;RED_FLAG_NULL_MEDIUM;COARSE_ICD_NODE;INJURY_MULTI_BODY_PART;NO_COMPARABLE,plaintiff.gender;injuries.overall_category;plaintiff.age_at_accident,0.458,3,0,0,1,0,0,1,0,0,0,0,0,0,0,,
HKCFI_2010_904.html.txt,2010_HKCFI_904.json,[2010] HKCFI 904,[2010] HKCFI 904,HCPI 144/2009,[2010] HKCFI 904,clean,26,RED_FLAG_NULL_MEDIUM;INJURY_MULTI_BODY_PART;NULL_ICD_PREEXISTING;UNLINKED_MANIFESTATION;SOURCE_NOISE,injuries.overall_category;plaintiff.age_at_accident,0.458,3,1,0,0,0,0,2,6,0,0,1,0,0,0,,
HKDC_2010_196.html.txt,2010_HKDC_196.json,[2010] HKDC 196,[2010] HKDC 196,DCPI 2757/2008,[2010] HKDC 196,clean,26,RED_FLAG_NULL;RED_FLAG_NULL_MEDIUM;COARSE_ICD_NODE;INJURY_MULTI_BODY_PART,plaintiff.gender;injuries.overall_category,0.375,4,0,0,2,0,0,1,0,0,0,0,0,0,0,,
HKCFI_2013_958.html.txt,2013_HKCFI_958.json,[2013] HKCFI 958,[2013] HKCFI 958,HCPI 569/2011,[2013] HKCFI 958,clean,26,RED_FLAG_NULL;RED_FLAG_NULL_MEDIUM;COARSE_ICD_NODE;UNLINKED_MANIFESTATION,plaintiff.gender;injuries.overall_category;plaintiff.age_at_accident,0.417,4,0,0,3,0,0,0,1,0,0,0,0,0,0,,
HKCFI_2014_1121.html.txt,2014_HKCFI_1121.json,[2014] HKCFI 1121,[2014] HKCFI 1121,HCPI 405/2012,[2014] HKCFI 1121,clean,26,RED_FLAG_NULL;RED_FLAG_NULL_MEDIUM;UNLINKED_MANIFESTATION;ZERO_LOSSES,plaintiff.gender;losses.losses;plaintiff.age_at_accident,0.458,2,0,0,0,0,0,0,3,0,0,0,0,0,0,,
HKCFI_2015_1513.html.txt,2015_HKCFI_1513.json,[2015] HKCFI 1513,[2015] HKCFI 1513,HCPI 3/2012,[2015] HKCFI 1513,clean,26,RED_FLAG_NULL;RED_FLAG_NULL_MEDIUM;COARSE_ICD_NODE;NULL_ICD_PREEXISTING,plaintiff.gender;injuries.overall_category,0.458,5,1,0,1,0,0,0,0,0,0,1,0,0,0,,
HKDC_2016_1304.html.txt,2016_HKDC_1304.json,[2016] HKDC 1304,[2016] HKDC 1304,DCPI 2733/2012,[2016] HKDC 1304,clean,26,RED_FLAG_NULL_MEDIUM;NULL_RATIO_HIGH;COARSE_ICD_NODE;NULL_ICD_PSYCH;PSYCH_DETECTED,injuries.overall_category,0.500,2,1,1,1,0,0,0,0,0,1,0,0,0,0,inj_002,
HKDC_2019_29.html.txt,2019_HKDC_29.json,[2019] HKDC 29,[2019] HKDC 29,DCPI 2179/2015,[2019] HKDC 29,clean,26,RED_FLAG_NULL_MEDIUM;INJURY_MULTI_BODY_PART;COARSE_ICD_NODE;NULL_ICD_PREEXISTING;NULL_ICD_PSYCH;PSYCH_DETECTED,injuries.overall_category,0.375,7,2,1,2,0,0,4,0,0,1,1,0,0,0,inj_007,
HKCFI_1977_31.html.txt,1977_HKCFI_31.json,[1977] HKCFI 31,[1977] HKCFI 31,HCA 689/1977,[1977] HKCFI 31,clean,25,RED_FLAG_NULL_MEDIUM;NULL_RATIO_HIGH;COARSE_ICD_NODE;INJURY_MULTI_BODY_PART;UNLINKED_MANIFESTATION,injuries.overall_category,0.542,2,0,0,1,0,0,2,1,0,0,0,0,0,0,,
HKCFI_1980_21.html.txt,1980_HKCFI_21.json,[1980] HKCFI 21,[1980] HKCFI 21,HCA 4716/1979,[1980] HKCFI 21,clean,25,RED_FLAG_NULL;RED_FLAG_NULL_MEDIUM;ICD_STOPPED_EARLY;UNLINKED_LOSS;NO_COMPARABLE,plaintiff.gender;injuries.overall_category,0.417,2,0,0,0,1,0,0,0,1,0,0,0,0,0,,
HKCFI_1981_88.html.txt,1981_HKCFI_88.json,[1981] HKCFI 88,[1981] HKCFI 88,HCA 937/1980,[1981] HKCFI 88,clean,25,RED_FLAG_NULL_MEDIUM;NULL_ICD_OTHER;INJURY_MULTI_BODY_PART;COARSE_ICD_NODE;TREATMENT_CONTAMINATED;PSYCH_DETECTED,injuries.overall_category;plaintiff.occupation_before,0.375,9,1,1,2,0,0,4,0,0,0,0,0,0,1,,
HKCFI_1983_92.html.txt,1983_HKCFI_92.json,[1983] HKCFI 92,[1983] HKCFI 92,HCA 4966/1981,[1983] HKCFI 92,clean,25,RED_FLAG_NULL;RED_FLAG_NULL_MEDIUM;NULL_RATIO_HIGH;UNLINKED_MANIFESTATION,plaintiff.gender;injuries.overall_category,0.500,2,0,0,0,0,0,0,1,0,0,0,0,0,0,,
HKCFI_1984_396.html.txt,1984_HKCFI_396.json,[1984] HKCFI 396,[1984] HKCFI 396,HCA 3619/1982,[1984] HKCFI 396,clean,25,RED_FLAG_NULL;NULL_ICD_OTHER;INJURY_MULTI_BODY_PART;NULL_ICD_PREEXISTING;PREEXISTING_METADATA_MISMATCH;UNLINKED_MANIFESTATION;UNLINKED_LOSS,plaintiff.gender,0.333,4,3,0,0,0,0,1,4,1,0,1,0,0,2,,
HKCFI_1985_209.html.txt,1985_HKCFI_209.json,[1985] HKCFI 209,[1985] HKCFI 209,HCA 8591/1981,[1985] HKCFI 209,clean,25,RED_FLAG_NULL;COARSE_ICD_NODE;INJURY_MULTI_BODY_PART;NULL_ICD_OTHER;UNLINKED_MANIFESTATION;PSYCH_DETECTED,plaintiff.gender,0.458,6,1,1,2,0,0,1,1,0,0,0,0,0,1,inj_006,
HKCFI_1985_67.html.txt,1985_HKCFI_67.json,[1985] HKCFI 67,[1985] HKCFI 67,HCA 4434/1984,[1985] HKCFI 67,clean,25,RED_FLAG_NULL_MEDIUM;NULL_RATIO_HIGH;COARSE_ICD_NODE;NULL_ICD_OTHER;UNLINKED_MANIFESTATION;MULTI_PLAINTIFF,injuries.overall_category;plaintiff.age_at_accident;plaintiff.occupation_before,0.583,7,1,0,2,0,0,0,2,0,0,0,0,0,1,,
HKCFI_1986_268.html.txt,1986_HKCFI_268.json,[1986] HKCFI 268,[1986] HKCFI 268,HCA 7735/1985,[1986] HKCFI 268,clean,25,RED_FLAG_NULL;RED_FLAG_NULL_MEDIUM;INJURY_MULTI_BODY_PART;COARSE_ICD_NODE,plaintiff.gender;injuries.overall_category;plaintiff.age_at_accident,0.458,3,0,0,1,0,0,1,0,0,0,0,0,0,0,,
HKCFI_1986_325.html.txt,1986_HKCFI_325.json,[1986] HKCFI 325,[1986] HKCFI 325,HCA 13230/1983,[1986] HKCFI 325,clean,25,RED_FLAG_NULL;RED_FLAG_NULL_MEDIUM;COARSE_ICD_NODE;INJURY_MULTI_BODY_PART,plaintiff.gender;injuries.overall_category,0.417,1,0,0,1,0,0,1,0,0,0,0,0,0,0,,
HKCFI_1986_359.html.txt,1986_HKCFI_359.json,[1986] HKCFI 359,[1986] HKCFI 359,HCA 1151/1985,[1986] HKCFI 359,clean,25,NULL_RATIO_HIGH;ICD_STOPPED_EARLY;COARSE_ICD_NODE;MULTI_PLAINTIFF,plaintiff.age_at_accident,0.500,10,0,0,1,3,0,0,0,0,0,0,0,0,0,,
HKCFI_1986_404.html.txt,1986_HKCFI_404.json,[1986] HKCFI 404,[1986] HKCFI 404,HCA 2486/1984,[1986] HKCFI 404,clean,25,RED_FLAG_NULL_MEDIUM;COARSE_ICD_NODE;INJURY_MULTI_BODY_PART;ICD_STOPPED_EARLY;UNLINKED_MANIFESTATION;NO_COMPARABLE,injuries.overall_category,0.375,4,0,0,1,1,0,1,2,0,0,0,0,0,0,,
HKCFI_1987_24.html.txt,1987_HKCFI_24.json,[1987] HKCFI 24,[1987] HKCFI 24,HCA 6904/1985,[1987] HKCFI 24,clean,25,RED_FLAG_NULL;RED_FLAG_NULL_MEDIUM;NULL_RATIO_HIGH;UNLINKED_MANIFESTATION,plaintiff.gender;injuries.overall_category;plaintiff.occupation_before,0.542,2,0,0,0,0,0,0,6,0,0,0,0,0,0,,
HKCFI_1987_87.html.txt,1987_HKCFI_87.json,[1987] HKCFI 87,[1987] HKCFI 87,HCA 719/1986,[1987] HKCFI 87,clean,25,RED_FLAG_NULL;RED_FLAG_NULL_MEDIUM;NULL_RATIO_HIGH;NO_PSLA_AMOUNT;NO_COMPARABLE,plaintiff.gender;injuries.overall_category;psla.amount,0.542,1,0,0,0,0,0,0,0,0,0,0,0,0,0,,
HKCFI_1987_88.html.txt,1987_HKCFI_88.json,[1987] HKCFI 88,[1987] HKCFI 88,HCA 4912/1986,[1987] HKCFI 88,clean,25,RED_FLAG_NULL_MEDIUM;NULL_RATIO_HIGH;INJURY_MULTI_BODY_PART;COARSE_ICD_NODE;NO_PSLA_AMOUNT;MULTI_PLAINTIFF,injuries.overall_category;plaintiff.occupation_before;psla.amount,0.625,4,0,0,1,0,0,1,0,0,0,0,0,0,0,,
HKCFI_1988_168.html.txt,1988_HKCFI_168.json,[1988] HKCFI 168,[1988] HKCFI 168,HCA 1720/1986,[1988] HKCFI 168,clean,25,RED_FLAG_NULL;RED_FLAG_NULL_MEDIUM;COARSE_ICD_NODE;INJURY_MULTI_BODY_PART,plaintiff.gender;injuries.overall_category;plaintiff.age_at_accident,0.417,2,0,0,1,0,0,1,0,0,0,0,0,0,0,,
HKCFI_1996_353.html.txt,1996_HKCFI_353.json,[1996] HKCFI 353,[1996] HKCFI 353,HCA 4462/1994,[1996] HKCFI 353,clean,25,RED_FLAG_NULL;NULL_RATIO_HIGH;NULL_ICD_PREEXISTING;PREEXISTING_METADATA_MISMATCH,plaintiff.gender;plaintiff.age_at_accident,0.500,2,1,0,0,0,0,0,0,0,0,1,0,0,0,,
HKCFI_1996_505.html.txt,1996_HKCFI_505.json,[1996] HKCFI 505,[1996] HKCFI 505,HCPI 117/1995,[1996] HKCFI 505,clean,25,COARSE_ICD_NODE;INJURY_MULTI_BODY_PART;ICD_STOPPED_EARLY;NULL_ICD_SYMPTOM;PSYCH_DETECTED;MULTI_PLAINTIFF,,0.375,5,1,1,1,1,0,3,0,0,0,0,0,1,0,,
HKCFI_1999_857.html.txt,1999_HKCFI_857.json,[1999] HKCFI 857,[1999] HKCFI 857,HCPI 88/1997,[1999] HKCFI 857,clean,25,RED_FLAG_NULL;NULL_ICD_BURN;INJURY_MULTI_BODY_PART;NULL_ICD_SYMPTOM;NO_COMPARABLE,plaintiff.gender;plaintiff.age_at_accident,0.458,2,2,0,0,0,0,2,0,0,0,0,1,1,0,,
HKCFI_1999_859.html.txt,1999_HKCFI_859.json,[1999] HKCFI 859,[1999] HKCFI 859,HCPI 928/1995,[1999] HKCFI 859,clean,25,RED_FLAG_NULL;NULL_ICD_BURN;INJURY_MULTI_BODY_PART;NULL_ICD_SYMPTOM;NO_COMPARABLE,plaintiff.gender;plaintiff.age_at_accident,0.458,2,2,0,0,0,0,2,0,0,0,0,1,1,0,,
HKCFI_2001_1156.html.txt,2001_HKCFI_1156.json,[2001] HKCFI 1156,[2001] HKCFI 1156,HCPI 1038/1999,[2001] HKCFI 1156,clean,25,RED_FLAG_NULL_MEDIUM;NULL_RATIO_HIGH;INJURY_MULTI_BODY_PART;COARSE_ICD_NODE;UNLINKED_MANIFESTATION,injuries.overall_category;plaintiff.age_at_accident,0.542,3,0,0,1,0,0,2,7,0,0,0,0,0,0,,
HKCFI_2001_477.html.txt,2001_HKCFI_477.json,[2001] HKCFI 477,[2001] HKCFI 477,HCPI 336/1998,[2001] HKCFI 477,clean,25,RED_FLAG_NULL_MEDIUM;NULL_RATIO_HIGH;COARSE_ICD_NODE;PSYCH_DETECTED;NO_PSLA_AMOUNT;NO_COMPARABLE;MULTI_PLAINTIFF,injuries.overall_category;psla.amount,0.500,3,0,1,2,0,0,0,0,0,0,0,0,0,0,,
HKCFI_2001_478.html.txt,2001_HKCFI_478.json,[2001] HKCFI 478,[2001] HKCFI 478,HCPI 677/2000,[2001] HKCFI 478,clean,25,INJURY_MULTI_BODY_PART;NULL_ICD_SYMPTOM;COARSE_ICD_NODE;TREATMENT_CONTAMINATED;PSYCH_DETECTED;NO_COMPARABLE,,0.417,3,1,1,1,0,0,2,0,0,0,0,0,1,0,,
HKCFI_2002_366.html.txt,2002_HKCFI_366.json,[2002] HKCFI 366,[2002] HKCFI 366,HCPI 1488/2000,[2002] HKCFI 366,clean,25,RED_FLAG_NULL;COARSE_ICD_NODE;ICD_STOPPED_EARLY;PSYCH_DETECTED,plaintiff.gender,0.333,2,0,1,1,1,0,0,0,0,0,0,0,0,0,,
HKDC_2002_11.html.txt,2002_HKDC_11.json,[2002] HKDC 11,[2002] HKDC 11,DCPI 203/2001,[2002] HKDC 11,clean,25,RED_FLAG_NULL;RED_FLAG_NULL_MEDIUM;COARSE_ICD_NODE;UNLINKED_MANIFESTATION,plaintiff.gender;injuries.overall_category,0.458,2,0,0,2,0,0,0,5,0,0,0,0,0,0,,
HKCFI_2003_557.html.txt,2003_HKCFI_557.json,[2003] HKCFI 557,[2003] HKCFI 557,HCPI 742/2001,[2003] HKCFI 557,clean,25,RED_FLAG_NULL;RED_FLAG_NULL_MEDIUM;COARSE_ICD_NODE;INJURY_MULTI_BODY_PART,plaintiff.gender;injuries.overall_category;plaintiff.age_at_accident,0.375,1,0,0,1,0,0,1,0,0,0,0,0,0,0,,
HKCFI_2003_839.html.txt,2003_HKCFI_839.json,[2003] HKCFI 839,[2003] HKCFI 839,HCPI 566/2001,[2003] HKCFI 839,clean,25,RED_FLAG_NULL;RED_FLAG_NULL_MEDIUM;INJURY_MULTI_BODY_PART;NULL_ICD_PREEXISTING;UNLINKED_MANIFESTATION;NO_COMPARABLE,plaintiff.gender;injuries.overall_category,0.375,2,1,0,0,0,0,2,1,0,0,1,0,0,0,,
HKCFI_2004_1107.html.txt,2004_HKCFI_1107.json,[2004] HKCFI 1107,[2004] HKCFI 1107,HCPI 1074/1998,[2004] HKCFI 1107,clean,25,RED_FLAG_NULL;COARSE_ICD_NODE;TREATMENT_CONTAMINATED;PSYCH_DETECTED,plaintiff.gender;plaintiff.age_at_accident,0.375,2,0,1,1,0,0,0,0,0,0,0,0,0,0,,
HKCFI_2004_74.html.txt,2004_HKCFI_74.json,[2004] HKCFI 74,[2004] HKCFI 74,HCPI 132/2003,[2004] HKCFI 74,clean,25,RED_FLAG_NULL;RED_FLAG_NULL_MEDIUM;ICD_STOPPED_EARLY;INJURY_MULTI_BODY_PART,plaintiff.gender;injuries.overall_category,0.375,1,0,0,0,1,0,1,0,0,0,0,0,0,0,,
HKCFI_2005_1113.html.txt,2005_HKCFI_1113.json,[2005] HKCFI 1113,[2005] HKCFI 1113,HCPI 37/2004,[2005] HKCFI 1113,clean,25,RED_FLAG_NULL_MEDIUM;COARSE_ICD_NODE;INJURY_MULTI_BODY_PART;NULL_ICD_PSYCH;UNLINKED_LOSS;PSYCH_DETECTED;NO_COMPARABLE,injuries.overall_category,0.417,3,1,1,2,0,0,1,0,1,1,0,0,0,0,inj_003,
HKCFI_2005_374.html.txt,2005_HKCFI_374.json,[2005] HKCFI 374,[2005] HKCFI 374,HCPI 334/2004,[2005] HKCFI 374,clean,25,RED_FLAG_NULL_MEDIUM;NULL_RATIO_HIGH;COARSE_ICD_NODE;UNLINKED_MANIFESTATION;UNLINKED_LOSS;NO_PSLA_AMOUNT,injuries.overall_category;plaintiff.age_at_accident;psla.amount,0.542,2,0,0,1,0,0,0,5,2,0,0,0,0,0,,
HKCFI_2005_891.html.txt,2005_HKCFI_891.json,[2005] HKCFI 891,[2005] HKCFI 891,HCPI 700/2004,[2005] HKCFI 891,clean,25,RED_FLAG_NULL;INJURY_MULTI_BODY_PART;COARSE_ICD_NODE;UNLINKED_MANIFESTATION;UNLINKED_LOSS;NO_COMPARABLE,plaintiff.gender,0.333,5,0,0,1,0,0,2,8,1,0,0,0,0,0,,
HKCFI_2006_876.html.txt,2006_HKCFI_876.json,[2006] HKCFI 876,[2006] HKCFI 876,HCPI 347/2005,[2006] HKCFI 876,clean,25,RED_FLAG_NULL;COARSE_ICD_NODE;UNLINKED_MANIFESTATION;NO_COMPARABLE,plaintiff.gender;plaintiff.age_at_accident,0.417,6,0,0,6,0,0,0,4,0,0,0,0,0,0,,
HKCFI_2008_482.html.txt,2008_HKCFI_482.json,[2008] HKCFI 482,[2008] HKCFI 482,HCPI 270/2007,[2008] HKCFI 482,clean,25,RED_FLAG_NULL;RED_FLAG_NULL_MEDIUM;NULL_RATIO_HIGH;PSYCH_DETECTED;NO_PSLA_AMOUNT,plaintiff.gender;injuries.overall_category;plaintiff.age_at_accident;psla.amount,0.708,1,0,1,0,0,0,0,0,0,0,0,0,0,0,,
HKCFI_2008_557.html.txt,2008_HKCFI_557.json,[2008] HKCFI 557,[2008] HKCFI 557,HCPI 672/2006,[2008] HKCFI 557,clean,25,RED_FLAG_NULL_MEDIUM;ICD_STOPPED_EARLY;COARSE_ICD_NODE;INJURY_MULTI_BODY_PART;NULL_ICD_OTHER;NO_COMPARABLE,injuries.overall_category,0.292,9,1,0,2,1,0,2,0,0,0,0,0,0,1,,
HKCFI_2008_607.html.txt,2008_HKCFI_607.json,[2008] HKCFI 607,[2008] HKCFI 607,HCPI 590/2006,[2008] HKCFI 607,clean,25,RED_FLAG_NULL_MEDIUM;NULL_RATIO_HIGH;COARSE_ICD_NODE;UNLINKED_MANIFESTATION;NO_PSLA_AMOUNT;NO_COMPARABLE,injuries.overall_category;plaintiff.occupation_before;psla.amount,0.583,6,0,0,2,0,0,0,3,0,0,0,0,0,0,,
HKCFI_2009_1053.html.txt,2009_HKCFI_1053.json,[2009] HKCFI 1053,[2009] HKCFI 1053,HCPI 251/2009,[2009] HKCFI 1053,clean,25,RED_FLAG_NULL;RED_FLAG_NULL_MEDIUM;NULL_RATIO_HIGH;NULL_ICD_OTHER;NO_COMPARABLE,plaintiff.gender;injuries.overall_category;plaintiff.age_at_accident;plaintiff.occupation_before,0.667,1,1,0,0,0,0,0,0,0,0,0,0,0,1,,
HKCFI_2009_999.html.txt,2009_HKCFI_999.json,[2009] HKCFI 999,[2009] HKCFI 999,HCPI 115/2008,[2009] HKCFI 999,clean,25,RED_FLAG_NULL_MEDIUM;ICD_STOPPED_EARLY;COARSE_ICD_NODE;NULL_ICD_PSYCH;PSYCH_DETECTED,injuries.overall_category,0.458,4,1,1,1,1,0,0,0,0,1,0,0,0,0,inj_004,
HKDC_2009_278.html.txt,2009_HKDC_278.json,[2009] HKDC 278,[2009] HKDC 278,DCPI 2620/2008,[2009] HKDC 278,clean,25,RED_FLAG_NULL_MEDIUM;INJURY_MULTI_BODY_PART;NULL_ICD_OTHER;COARSE_ICD_NODE;ZERO_LOSSES,injuries.overall_category;losses.losses,0.458,3,1,0,1,0,0,3,0,0,0,0,0,0,1,,
HKCFI_2010_18.html.txt,2010_HKCFI_18.json,[2010] HKCFI 18,[2010] HKCFI 18,HCPI 489/2008,[2010] HKCFI 18,clean,25,RED_FLAG_NULL;RED_FLAG_NULL_MEDIUM;NULL_RATIO_HIGH;UNLINKED_LOSS,plaintiff.gender;injuries.overall_category;plaintiff.age_at_accident,0.583,4,0,0,0,0,0,0,0,1,0,0,0,0,0,,
HKCFI_2010_856.html.txt,2010_HKCFI_856.json,[2010] HKCFI 856,[2010] HKCFI 856,HCPI 422/2009,[2010] HKCFI 856,clean,25,RED_FLAG_NULL;RED_FLAG_NULL_MEDIUM;COARSE_ICD_NODE;UNLINKED_MANIFESTATION,plaintiff.gender;injuries.overall_category;plaintiff.age_at_accident,0.458,5,0,0,2,0,0,0,2,0,0,0,0,0,0,,
HKDC_2010_10.html.txt,2010_HKDC_10.json,[2010] HKDC 10,[2010] HKDC 10,DCPI 1031/2008,[2010] HKDC 10,clean,25,RED_FLAG_NULL;RED_FLAG_NULL_MEDIUM;NULL_RATIO_HIGH;UNLINKED_MANIFESTATION,plaintiff.gender;injuries.overall_category;plaintiff.age_at_accident,0.542,4,0,0,0,0,0,0,4,0,0,0,0,0,0,,
HKDC_2010_113.html.txt,2010_HKDC_113.json,[2010] HKDC 113,[2010] HKDC 113,DCPI 2790/2008,[2010] HKDC 113,clean,25,RED_FLAG_NULL_MEDIUM;COARSE_ICD_NODE;SOURCE_NOISE,injuries.overall_category,0.458,3,0,0,2,0,0,0,0,0,0,0,0,0,0,,
HKCFI_2011_513.html.txt,2011_HKCFI_513.json,[2011] HKCFI 513,[2011] HKCFI 513,HCPI 282/2009,[2011] HKCFI 513,clean,25,RED_FLAG_NULL;RED_FLAG_NULL_MEDIUM;COARSE_ICD_NODE;INJURY_MULTI_BODY_PART,plaintiff.gender;injuries.overall_category,0.417,3,0,0,1,0,0,1,0,0,0,0,0,0,0,,
HKDC_2013_767.html.txt,2013_HKDC_767.json,[2013] HKDC 767,[2013] HKDC 767,DCPI 2390/2011,[2013] HKDC 767,clean,25,RED_FLAG_NULL;COARSE_ICD_NODE;NULL_ICD_OTHER;INJURY_MULTI_BODY_PART;UNLINKED_MANIFESTATION;UNLINKED_LOSS,plaintiff.gender,0.375,4,1,0,1,0,0,1,1,1,0,0,0,0,1,,
HKDC_2014_518.html.txt,2014_HKDC_518.json,[2014] HKDC 518,[2014] HKDC 518,DCPI 1232/2012,[2014] HKDC 518,clean,25,RED_FLAG_NULL;RED_FLAG_NULL_MEDIUM;COARSE_ICD_NODE;INJURY_MULTI_BODY_PART,plaintiff.gender;injuries.overall_category,0.250,3,0,0,1,0,0,1,0,0,0,0,0,0,0,,
HKDC_2015_256.html.txt,2015_HKDC_256.json,[2015] HKDC 256,[2015] HKDC 256,DCPI 2013/2014,[2015] HKDC 256,clean,25,RED_FLAG_NULL;RED_FLAG_NULL_MEDIUM;NULL_RATIO_HIGH;NO_PSLA_AMOUNT;NO_COMPARABLE,plaintiff.gender;injuries.overall_category;plaintiff.age_at_accident;plaintiff.occupation_before;psla.amount,0.750,2,0,0,0,0,0,0,0,0,0,0,0,0,0,,
HKDC_2016_457.html.txt,2016_HKDC_457.json,[2016] HKDC 457,[2016] HKDC 457,DCPI 2474/2013,[2016] HKDC 457,clean,25,RED_FLAG_NULL;NULL_RATIO_HIGH;INJURY_MULTI_BODY_PART;UNLINKED_MANIFESTATION;UNLINKED_LOSS,plaintiff.gender,0.500,3,0,0,0,0,0,3,3,1,0,0,0,0,0,,
HKCFI_2017_1131.html.txt,2017_HKCFI_1131.json,[2017] HKCFI 1131,[2017] HKCFI 1131,HCPI 903/2014,[2017] HKCFI 1131,clean,25,RED_FLAG_NULL;RED_FLAG_NULL_MEDIUM;COARSE_ICD_NODE;UNLINKED_MANIFESTATION,plaintiff.gender;injuries.overall_category;plaintiff.age_at_accident,0.458,2,0,0,2,0,0,0,1,0,0,0,0,0,0,,
HKCFI_2017_1816.html.txt,2017_HKCFI_1816.json,[2017] HKCFI 1816,[2017] HKCFI 1816,HCPI 1102/2015,[2017] HKCFI 1816,clean,25,RED_FLAG_NULL;RED_FLAG_NULL_MEDIUM;ZERO_LOSSES;NO_COMPARABLE,plaintiff.gender;losses.losses,0.333,1,0,0,0,0,0,0,0,0,0,0,0,0,0,,
HKDC_2017_712.html.txt,2017_HKDC_712.json,[2017] HKDC 712,[2017] HKDC 712,DCPI 2627/2015,[2017] HKDC 712,clean,25,RED_FLAG_NULL;NULL_RATIO_HIGH;TREATMENT_CONTAMINATED,plaintiff.gender;plaintiff.age_at_accident,0.500,1,0,0,0,0,0,0,0,0,0,0,0,0,0,,
HKDC_2019_1321.html.txt,2019_HKDC_1321.json,[2019] HKDC 1321,[2019] HKDC 1321,DCPI 1068/2019,[2019] HKDC 1321,clean,25,COARSE_ICD_NODE;INJURY_MULTI_BODY_PART;NULL_ICD_OTHER;ICD_STOPPED_EARLY;UNLINKED_MANIFESTATION;UNLINKED_LOSS,,0.333,8,1,0,4,1,0,5,2,1,0,0,0,0,1,,
HKDC_2019_546.html.txt,2019_HKDC_546.json,[2019] HKDC 546,[2019] HKDC 546,DCPI 2458/2016,[2019] HKDC 546,clean,25,RED_FLAG_NULL;RED_FLAG_NULL_MEDIUM;COARSE_ICD_NODE;INJURY_MULTI_BODY_PART,plaintiff.gender;injuries.overall_category;plaintiff.age_at_accident,0.375,2,0,0,1,0,0,1,0,0,0,0,0,0,0,,
HKCFI_1980_20.html.txt,1980_HKCFI_20.json,[1980] HKCFI 20,[1980] HKCFI 20,HCA 4633/1979,[1980] HKCFI 20,clean,24,RED_FLAG_NULL;RED_FLAG_NULL_MEDIUM;COARSE_ICD_NODE;NO_PSLA_AMOUNT;NO_COMPARABLE,plaintiff.gender;injuries.overall_category;plaintiff.age_at_accident;psla.amount,0.458,1,0,0,1,0,0,0,0,0,0,0,0,0,0,,
HKCFI_1983_82.html.txt,1983_HKCFI_82.json,[1983] HKCFI 82,[1983] HKCFI 82,HCA 2375/1983,[1983] HKCFI 82,clean,24,RED_FLAG_NULL_MEDIUM;NULL_RATIO_HIGH;COARSE_ICD_NODE;UNLINKED_MANIFESTATION;NO_COMPARABLE,injuries.overall_category;plaintiff.age_at_accident,0.500,5,0,0,2,0,0,0,7,0,0,0,0,0,0,,
HKCFI_1984_403.html.txt,1984_HKCFI_403.json,[1984] HKCFI 403,[1984] HKCFI 403,HCA 12597/1982,[1984] HKCFI 403,clean,24,RED_FLAG_NULL_MEDIUM;NULL_RATIO_HIGH;INJURY_MULTI_BODY_PART;NULL_ICD_OTHER;TREATMENT_CONTAMINATED,injuries.overall_category;plaintiff.occupation_before,0.500,5,1,0,0,0,0,2,0,0,0,0,0,0,1,,
HKCFI_1985_71.html.txt,1985_HKCFI_71.json,[1985] HKCFI 71,[1985] HKCFI 71,HCA 5913/1984,[1985] HKCFI 71,clean,24,RED_FLAG_NULL_MEDIUM;NULL_RATIO_HIGH;COARSE_ICD_NODE;INJURY_MULTI_BODY_PART;NO_COMPARABLE,injuries.overall_category,0.500,4,0,0,1,0,0,1,0,0,0,0,0,0,0,,
HKCFI_1986_399.html.txt,1986_HKCFI_399.json,[1986] HKCFI 399,[1986] HKCFI 399,HCA 2132/1980,[1986] HKCFI 399,clean,24,RED_FLAG_NULL_MEDIUM;COARSE_ICD_NODE;INJURY_MULTI_BODY_PART;UNLINKED_MANIFESTATION;UNLINKED_LOSS;PSYCH_DETECTED;NO_PSLA_AMOUNT;NO_COMPARABLE;MULTI_PLAINTIFF,injuries.overall_category;plaintiff.age_at_accident;psla.amount,0.458,4,0,1,2,0,0,2,6,4,0,0,0,0,0,,
HKCFI_1987_21.html.txt,1987_HKCFI_21.json,[1987] HKCFI 21,[1987] HKCFI 21,HCA 1053/1985,[1987] HKCFI 21,clean,24,NULL_RATIO_HIGH;COARSE_ICD_NODE;INJURY_MULTI_BODY_PART;NULL_ICD_OTHER;UNLINKED_MANIFESTATION;UNLINKED_LOSS,,0.500,6,2,0,2,0,0,1,8,3,0,0,0,0,2,,
HKCFI_1995_249.html.txt,1995_HKCFI_249.json,[1995] HKCFI 249,[1995] HKCFI 249,HCPI 464/1995,[1995] HKCFI 249,clean,24,RED_FLAG_NULL;RED_FLAG_NULL_MEDIUM;NULL_RATIO_HIGH;NO_COMPARABLE,plaintiff.gender;injuries.overall_category;plaintiff.age_at_accident,0.625,1,0,0,0,0,0,0,0,0,0,0,0,0,0,,
HKCFI_1997_356.html.txt,1997_HKCFI_356.json,[1997] HKCFI 356,[1997] HKCFI 356,HCPI 791/1995,[1997] HKCFI 356,clean,24,RED_FLAG_NULL;RED_FLAG_NULL_MEDIUM;COARSE_ICD_NODE;UNLINKED_MANIFESTATION,plaintiff.gender;injuries.overall_category,0.417,4,0,0,1,0,0,0,5,0,0,0,0,0,0,,
HKCFI_1999_1209.html.txt,1999_HKCFI_1209.json,[1999] HKCFI 1209,[1999] HKCFI 1209,HCPI 789/1996,[1999] HKCFI 1209,clean,24,RED_FLAG_NULL;RED_FLAG_NULL_MEDIUM;ICD_STOPPED_EARLY;UNLINKED_LOSS,plaintiff.gender;injuries.overall_category,0.417,3,0,0,0,1,0,0,0,2,0,0,0,0,0,,
HKCFI_1999_458.html.txt,1999_HKCFI_458.json,[1999] HKCFI 458,[1999] HKCFI 458,HCPI 1111/1996,[1999] HKCFI 458,clean,24,RED_FLAG_NULL;RED_FLAG_NULL_MEDIUM;NULL_RATIO_HIGH;NO_COMPARABLE,plaintiff.gender;injuries.overall_category,0.542,1,0,0,0,0,0,0,0,0,0,0,0,0,0,,
HKCFI_2002_1046.html.txt,2002_HKCFI_1046.json,[2002] HKCFI 1046,[2002] HKCFI 1046,HCPI 1287/1999,[2002] HKCFI 1046,clean,24,COARSE_ICD_NODE;INJURY_MULTI_BODY_PART;ICD_STOPPED_EARLY;UNLINKED_MANIFESTATION;UNLINKED_LOSS;PSYCH_DETECTED,,0.417,6,0,1,3,1,0,4,13,10,0,0,0,0,0,,
HKCFI_2002_1249.html.txt,2002_HKCFI_1249.json,[2002] HKCFI 1249,[2002] HKCFI 1249,HCPI 336/2001,[2002] HKCFI 1249,clean,24,RED_FLAG_NULL;RED_FLAG_NULL_MEDIUM;NULL_RATIO_HIGH;NO_COMPARABLE,plaintiff.gender;injuries.overall_category;plaintiff.age_at_accident,0.500,3,0,0,0,0,0,0,0,0,0,0,0,0,0,,
HKCFI_2002_784.html.txt,2002_HKCFI_784.json,[2002] HKCFI 784,[2002] HKCFI 784,HCPI 290/2000,[2002] HKCFI 784,clean,24,RED_FLAG_NULL;RED_FLAG_NULL_MEDIUM;ICD_STOPPED_EARLY;NO_COMPARABLE;MULTI_PLAINTIFF,plaintiff.gender;injuries.overall_category,0.458,1,0,0,0,1,0,0,0,0,0,0,0,0,0,,
HKCFI_2002_958.html.txt,2002_HKCFI_958.json,[2002] HKCFI 958,[2002] HKCFI 958,HCPI 1300/2000,[2002] HKCFI 958,clean,24,RED_FLAG_NULL;RED_FLAG_NULL_MEDIUM;NULL_RATIO_HIGH;NO_COMPARABLE,plaintiff.gender;injuries.overall_category,0.542,1,0,0,0,0,0,0,0,0,0,0,0,0,0,,
HKCFI_2004_463.html.txt,2004_HKCFI_463.json,[2004] HKCFI 463,[2004] HKCFI 463,HCPI 839/2001,[2004] HKCFI 463,clean,24,RED_FLAG_NULL;RED_FLAG_NULL_MEDIUM;NULL_RATIO_HIGH;NO_COMPARABLE,plaintiff.gender;injuries.overall_category;plaintiff.age_at_accident,0.625,2,0,0,0,0,0,0,0,0,0,0,0,0,0,,
HKCFI_2004_659.html.txt,2004_HKCFI_659.json,[2004] HKCFI 659,[2004] HKCFI 659,HCPI 486/2003,[2004] HKCFI 659,clean,24,RED_FLAG_NULL_MEDIUM;COARSE_ICD_NODE;UNLINKED_MANIFESTATION;ZERO_LOSSES;NO_COMPARABLE,losses.losses,0.417,3,0,0,1,0,0,0,1,0,0,0,0,0,0,,
HKDC_2004_145.html.txt,2004_HKDC_145.json,[2004] HKDC 145,[2004] HKDC 145,DCPI 424/2003,[2004] HKDC 145,clean,24,RED_FLAG_NULL_MEDIUM;NULL_RATIO_HIGH;COARSE_ICD_NODE;INJURY_MULTI_BODY_PART,injuries.overall_category,0.542,4,0,0,2,0,0,2,0,0,0,0,0,0,0,,
HKCFI_2005_313.html.txt,2005_HKCFI_313.json,[2005] HKCFI 313,[2005] HKCFI 313,HCPI 886/2003,[2005] HKCFI 313,clean,24,RED_FLAG_NULL_MEDIUM;NULL_ICD_PSYCH;COARSE_ICD_NODE;INJURY_MULTI_BODY_PART;UNLINKED_MANIFESTATION;PSYCH_DETECTED;NO_COMPARABLE,injuries.overall_category,0.375,4,1,1,1,0,0,1,1,0,1,0,0,0,0,inj_001,
HKDC_2005_202.html.txt,2005_HKDC_202.json,[2005] HKDC 202,[2005] HKDC 202,DCPI 376/2005,[2005] HKDC 202,clean,24,RED_FLAG_NULL;RED_FLAG_NULL_MEDIUM;NULL_RATIO_HIGH;NULL_ICD_OTHER,plaintiff.gender;injuries.overall_category,0.500,3,1,0,0,0,0,0,0,0,0,0,0,0,1,,
HKDC_2005_277.html.txt,2005_HKDC_277.json,[2005] HKDC 277,[2005] HKDC 277,DCPI 560/2005,[2005] HKDC 277,clean,24,RED_FLAG_NULL;RED_FLAG_NULL_MEDIUM;INJURY_MULTI_BODY_PART;NULL_ICD_PSYCH;PSYCH_DETECTED,plaintiff.gender;injuries.overall_category;plaintiff.age_at_accident,0.417,3,1,1,0,0,0,1,0,0,1,0,0,0,0,inj_003,
HKCFI_2006_1401.html.txt,2006_HKCFI_1401.json,[2006] HKCFI 1401,[2006] HKCFI 1401,HCPI 384/2005,[2006] HKCFI 1401,clean,24,RED_FLAG_NULL;RED_FLAG_NULL_MEDIUM;ZERO_LOSSES,plaintiff.gender;injuries.overall_category;losses.losses,0.417,1,0,0,0,0,0,0,0,0,0,0,0,0,0,,
HKDC_2006_204.html.txt,2006_HKDC_204.json,[2006] HKDC 204,[2006] HKDC 204,DCPI 1158/2005,[2006] HKDC 204,clean,24,RED_FLAG_NULL_MEDIUM;NULL_RATIO_HIGH;NULL_ICD_BURN;INJURY_MULTI_BODY_PART;PSYCH_DETECTED;NO_PSLA_AMOUNT;NO_COMPARABLE,injuries.overall_category;plaintiff.occupation_before;psla.amount,0.667,1,1,1,0,0,0,1,0,0,0,0,1,0,0,,
HKDC_2006_231.html.txt,2006_HKDC_231.json,[2006] HKDC 231,[2006] HKDC 231,DCPI 1030/2005,[2006] HKDC 231,clean,24,RED_FLAG_NULL_MEDIUM;COARSE_ICD_NODE;INJURY_MULTI_BODY_PART;NULL_ICD_OTHER;TREATMENT_CONTAMINATED,injuries.overall_category,0.292,5,2,0,2,0,0,2,0,0,0,0,0,0,2,,
HKDC_2007_110.html.txt,2007_HKDC_110.json,[2007] HKDC 110,[2007] HKDC 110,DCPI 1575/2005,[2007] HKDC 110,clean,24,RED_FLAG_NULL_MEDIUM;COARSE_ICD_NODE;INJURY_MULTI_BODY_PART;UNLINKED_MANIFESTATION;UNLINKED_LOSS;PSYCH_DETECTED,injuries.overall_category,0.458,10,0,1,5,0,0,4,3,5,0,0,0,0,0,,
HKDC_2007_16.html.txt,2007_HKDC_16.json,[2007] HKDC 16,[2007] HKDC 16,DCPI 163/2006,[2007] HKDC 16,clean,24,RED_FLAG_NULL;RED_FLAG_NULL_MEDIUM;NULL_RATIO_HIGH;NO_COMPARABLE,plaintiff.gender;injuries.overall_category;plaintiff.age_at_accident,0.667,1,0,0,0,0,0,0,0,0,0,0,0,0,0,,
HKDC_2008_195.html.txt,2008_HKDC_195.json,[2008] HKDC 195,[2008] HKDC 195,DCPI 1909/2007,[2008] HKDC 195,clean,24,RED_FLAG_NULL;RED_FLAG_NULL_MEDIUM;COARSE_ICD_NODE;UNLINKED_MANIFESTATION,plaintiff.gender;injuries.overall_category;plaintiff.age_at_accident,0.375,2,0,0,1,0,0,0,2,0,0,0,0,0,0,,
HKDC_2008_70.html.txt,2008_HKDC_70.json,[2008] HKDC 70,[2008] HKDC 70,DCPI 267/2007,[2008] HKDC 70,clean,24,RED_FLAG_NULL_MEDIUM;NULL_RATIO_HIGH;UNLINKED_MANIFESTATION;ZERO_LOSSES,injuries.overall_category;losses.losses;plaintiff.occupation_before,0.583,2,0,0,0,0,0,0,3,0,0,0,0,0,0,,
HKCFI_2009_379.html.txt,2009_HKCFI_379.json,[2009] HKCFI 379,[2009] HKCFI 379,HCPI 1179/2002,[2009] HKCFI 379,clean,24,NULL_RATIO_HIGH;COARSE_ICD_NODE;INJURY_MULTI_BODY_PART;NULL_ICD_PSYCH;PSYCH_DETECTED,,0.500,5,1,1,1,0,0,5,0,0,1,0,0,0,0,inj_005,
HKCFI_2009_510.html.txt,2009_HKCFI_510.json,[2009] HKCFI 510,[2009] HKCFI 510,HCPI 1133/2005,[2009] HKCFI 510,clean,24,NULL_RATIO_HIGH;COARSE_ICD_NODE;ICD_STOPPED_EARLY;PSYCH_DETECTED;NO_COMPARABLE,plaintiff.occupation_before,0.500,2,0,1,1,1,0,0,0,0,0,0,0,0,0,,
HKDC_2010_256.html.txt,2010_HKDC_256.json,[2010] HKDC 256,[2010] HKDC 256,DCPI 1051/2009,[2010] HKDC 256,clean,24,NULL_ICD_OTHER;NULL_ICD_SYMPTOM;COARSE_ICD_NODE;NULL_ICD_PSYCH;UNLINKED_MANIFESTATION;UNLINKED_LOSS;PSYCH_DETECTED,,0.458,5,4,1,1,0,0,0,1,1,1,0,0,2,1,inj_005,
HKCFI_2011_379.html.txt,2011_HKCFI_379.json,[2011] HKCFI 379,[2011] HKCFI 379,HCPI 105/2010,[2011] HKCFI 379,clean,24,RED_FLAG_NULL;RED_FLAG_NULL_MEDIUM;NULL_ICD_SYMPTOM;INJURY_MULTI_BODY_PART,plaintiff.gender;injuries.overall_category,0.333,2,1,0,0,0,0,1,0,0,0,0,0,1,0,,
HKDC_2011_32.html.txt,2011_HKDC_32.json,[2011] HKDC 32,[2011] HKDC 32,DCPI 2030/2009,[2011] HKDC 32,clean,24,RED_FLAG_NULL;RED_FLAG_NULL_MEDIUM;COARSE_ICD_NODE;UNLINKED_LOSS,plaintiff.gender;injuries.overall_category,0.333,6,0,0,1,0,0,0,0,2,0,0,0,0,0,,
HKDC_2012_868.html.txt,2012_HKDC_868.json,[2012] HKDC 868,[2012] HKDC 868,DCPI 798/2011,[2012] HKDC 868,clean,24,RED_FLAG_NULL_MEDIUM;NULL_ICD_BURN;INJURY_MULTI_BODY_PART;COARSE_ICD_NODE;NULL_ICD_OTHER;UNLINKED_MANIFESTATION,injuries.overall_category;plaintiff.occupation_before,0.458,8,2,0,2,0,0,1,5,0,0,0,1,0,1,,
HKCFI_2013_246.html.txt,2013_HKCFI_246.json,[2013] HKCFI 246,[2013] HKCFI 246,HCPI 648/2011,[2013] HKCFI 246,clean,24,RED_FLAG_NULL_MEDIUM;COARSE_ICD_NODE;INJURY_MULTI_BODY_PART;NULL_ICD_SYMPTOM;UNLINKED_MANIFESTATION,injuries.overall_category;plaintiff.age_at_accident,0.292,5,1,0,2,0,0,2,3,0,0,0,0,1,0,,
HKDC_2013_1250.html.txt,2013_HKDC_1250.json,[2013] HKDC 1250,[2013] HKDC 1250,DCPI 673/2012,[2013] HKDC 1250,clean,24,RED_FLAG_NULL_MEDIUM;NULL_RATIO_HIGH;NULL_ICD_SYMPTOM;INJURY_MULTI_BODY_PART;NO_PSLA_AMOUNT;MULTI_PLAINTIFF,injuries.overall_category;psla.amount,0.542,7,1,0,0,0,0,2,0,0,0,0,0,1,0,,
HKCFI_2014_1523.html.txt,2014_HKCFI_1523.json,[2014] HKCFI 1523,[2014] HKCFI 1523,HCPI 508/2013,[2014] HKCFI 1523,clean,24,RED_FLAG_NULL;RED_FLAG_NULL_MEDIUM;NULL_RATIO_HIGH;MULTI_PLAINTIFF,plaintiff.gender;injuries.overall_category,0.500,1,0,0,0,0,0,0,0,0,0,0,0,0,0,,
HKDC_2016_1319.html.txt,2016_HKDC_1319.json,[2016] HKDC 1319,[2016] HKDC 1319,DCPI 2425/2014,[2016] HKDC 1319,clean,24,RED_FLAG_NULL_MEDIUM;NULL_RATIO_HIGH;COARSE_ICD_NODE;UNLINKED_MANIFESTATION;UNLINKED_LOSS,injuries.overall_category;plaintiff.occupation_before,0.583,3,0,0,1,0,0,0,5,4,0,0,0,0,0,,
HKCFI_2017_1049.html.txt,2017_HKCFI_1049.json,[2017] HKCFI 1049,[2017] HKCFI 1049,HCPI 914/2011,[2017] HKCFI 1049,clean,24,RED_FLAG_NULL;RED_FLAG_NULL_MEDIUM;NULL_ICD_SYMPTOM;UNLINKED_MANIFESTATION;NO_COMPARABLE,plaintiff.gender;injuries.overall_category,0.333,3,1,0,0,0,0,0,7,0,0,0,0,1,0,,
HKDC_2017_174.html.txt,2017_HKDC_174.json,[2017] HKDC 174,[2017] HKDC 174,DCPI 2358/2013,[2017] HKDC 174,clean,24,NULL_RATIO_HIGH;INJURY_MULTI_BODY_PART;NULL_ICD_PSYCH;TREATMENT_CONTAMINATED;PSYCH_DETECTED,plaintiff.age_at_accident;plaintiff.occupation_before,0.625,3,1,1,0,0,0,1,0,0,1,0,0,0,0,inj_003,
HKDC_2019_408.html.txt,2019_HKDC_408.json,[2019] HKDC 408,[2019] HKDC 408,DCPI 126/2013,[2019] HKDC 408,clean,24,RED_FLAG_NULL_MEDIUM;NULL_RATIO_HIGH;COARSE_ICD_NODE;PSYCH_DETECTED;NO_PSLA_AMOUNT;NO_COMPARABLE,injuries.overall_category;plaintiff.age_at_accident;psla.amount,0.625,3,0,1,2,0,0,0,0,0,0,0,0,0,0,,
HKDC_2019_826.html.txt,2019_HKDC_826.json,[2019] HKDC 826,[2019] HKDC 826,DCPI 726/2017,[2019] HKDC 826,clean,24,RED_FLAG_NULL_MEDIUM;NULL_RATIO_HIGH;COARSE_ICD_NODE;INJURY_MULTI_BODY_PART;NULL_ICD_OTHER,injuries.overall_category,0.500,4,1,0,1,0,0,1,0,0,0,0,0,0,1,,
HKDC_2020_293.html.txt,2020_HKDC_293.json,[2020] HKDC 293,[2020] HKDC 293,DCPI 2016/2015,[2020] HKDC 293,clean,24,RED_FLAG_NULL_MEDIUM;NULL_RATIO_HIGH;ZERO_LOSSES;NO_PSLA_AMOUNT;NO_COMPARABLE,injuries.overall_category;losses.losses;plaintiff.age_at_accident;plaintiff.occupation_before;psla.amount,0.625,1,0,0,0,0,0,0,0,0,0,0,0,0,0,,
HKCFI_1978_16.html.txt,1978_HKCFI_16.json,[1978] HKCFI 16,[1978] HKCFI 16,HCA 937/1978,[1978] HKCFI 16,clean,23,RED_FLAG_NULL_MEDIUM;NULL_RATIO_HIGH;COARSE_ICD_NODE;UNLINKED_MANIFESTATION;NO_COMPARABLE,injuries.overall_category;plaintiff.occupation_before,0.583,2,0,0,1,0,0,0,1,0,0,0,0,0,0,,
HKCFI_1978_79.html.txt,1978_HKCFI_79.json,[1978] HKCFI 79,[1978] HKCFI 79,HCMP 2916/1977,[1978] HKCFI 79,clean,23,RED_FLAG_NULL;RED_FLAG_NULL_MEDIUM;ICD_STOPPED_EARLY;NO_COMPARABLE,plaintiff.gender;injuries.overall_category,0.417,2,0,0,0,1,0,0,0,0,0,0,0,0,0,,
HKCFI_1979_26.html.txt,1979_HKCFI_26.json,[1979] HKCFI 26,[1979] HKCFI 26,HCA 1530/1978,[1979] HKCFI 26,clean,23,RED_FLAG_NULL_MEDIUM;INJURY_MULTI_BODY_PART;COARSE_ICD_NODE;NULL_ICD_PREEXISTING;PREEXISTING_METADATA_MISMATCH;NO_COMPARABLE,injuries.overall_category,0.292,6,1,0,1,0,0,2,0,0,0,1,0,0,0,,
HKCA_1983_299.html.txt,1983_HKCA_299.json,[1983] HKCA 299,[1983] HKCA 299,CACV 55/1983,[1983] HKCA 299,clean,23,RED_FLAG_NULL_MEDIUM;INJURY_MULTI_BODY_PART;COARSE_ICD_NODE;TREATMENT_CONTAMINATED;MULTI_PLAINTIFF,injuries.overall_category,0.458,3,0,0,1,0,0,1,0,0,0,0,0,0,0,,
HKCFI_1983_101.html.txt,1983_HKCFI_101.json,[1983] HKCFI 101,[1983] HKCFI 101,HCA 8039/1983,[1983] HKCFI 101,clean,23,RED_FLAG_NULL;COARSE_ICD_NODE;INJURY_MULTI_BODY_PART;UNLINKED_LOSS;NO_COMPARABLE,plaintiff.gender,0.375,3,0,0,1,0,0,2,0,1,0,0,0,0,0,,
HKCFI_1983_192.html.txt,1983_HKCFI_192.json,[1983] HKCFI 192,[1983] HKCFI 192,HCA 4811/1982,[1983] HKCFI 192,clean,23,RED_FLAG_NULL_MEDIUM;NULL_RATIO_HIGH;INJURY_MULTI_BODY_PART;COARSE_ICD_NODE,injuries.overall_category;plaintiff.occupation_before,0.583,3,0,0,1,0,0,2,0,0,0,0,0,0,0,,
HKCFI_1983_240.html.txt,1983_HKCFI_240.json,[1983] HKCFI 240,[1983] HKCFI 240,HCA 4314/1982,[1983] HKCFI 240,clean,23,RED_FLAG_NULL;RED_FLAG_NULL_MEDIUM;COARSE_ICD_NODE;NULL_ICD_OTHER,plaintiff.gender;injuries.overall_category,0.417,3,1,0,1,0,0,0,0,0,0,0,0,0,1,,
HKCFI_1983_242.html.txt,1983_HKCFI_242.json,[1983] HKCFI 242,[1983] HKCFI 242,HCA 9188/1982,[1983] HKCFI 242,clean,23,RED_FLAG_NULL;RED_FLAG_NULL_MEDIUM;NULL_RATIO_HIGH,plaintiff.gender;injuries.overall_category,0.583,1,0,0,0,0,0,0,0,0,0,0,0,0,0,,
HKCFI_1983_85.html.txt,1983_HKCFI_85.json,[1983] HKCFI 85,[1983] HKCFI 85,HCA 3703/1982,[1983] HKCFI 85,clean,23,RED_FLAG_NULL;RED_FLAG_NULL_MEDIUM;NULL_RATIO_HIGH,plaintiff.gender;injuries.overall_category;plaintiff.age_at_accident,0.625,2,0,0,0,0,0,0,0,0,0,0,0,0,0,,
HKCFI_1983_97.html.txt,1983_HKCFI_97.json,[1983] HKCFI 97,[1983] HKCFI 97,HCA 6575/1982,[1983] HKCFI 97,clean,23,RED_FLAG_NULL;RED_FLAG_NULL_MEDIUM;NULL_RATIO_HIGH,plaintiff.gender;injuries.overall_category,0.500,3,0,0,0,0,0,0,0,0,0,0,0,0,0,,
HKCFI_1984_397.html.txt,1984_HKCFI_397.json,[1984] HKCFI 397,[1984] HKCFI 397,HCA 3811/1980,[1984] HKCFI 397,clean,23,RED_FLAG_NULL_MEDIUM;INJURY_MULTI_BODY_PART;COARSE_ICD_NODE;UNLINKED_MANIFESTATION;UNLINKED_LOSS;PSYCH_DETECTED;NO_PSLA_AMOUNT;MULTI_PLAINTIFF,injuries.overall_category;psla.amount,0.458,9,0,1,2,0,0,3,3,3,0,0,0,0,0,,
HKCFI_1985_144.html.txt,1985_HKCFI_144.json,[1985] HKCFI 144,[1985] HKCFI 144,HCA 7161/1984,[1985] HKCFI 144,clean,23,RED_FLAG_NULL;RED_FLAG_NULL_MEDIUM;ICD_STOPPED_EARLY;NO_COMPARABLE,plaintiff.gender;injuries.overall_category,0.417,1,0,0,0,1,0,0,0,0,0,0,0,0,0,,
HKCFI_1985_81.html.txt,1985_HKCFI_81.json,[1985] HKCFI 81,[1985] HKCFI 81,HCA 1257/1984,[1985] HKCFI 81,clean,23,RED_FLAG_NULL;RED_FLAG_NULL_MEDIUM;NULL_RATIO_HIGH,plaintiff.gender;injuries.overall_category;plaintiff.age_at_accident,0.625,3,0,0,0,0,0,0,0,0,0,0,0,0,0,,
HKCFI_1989_75.html.txt,1989_HKCFI_75.json,[1989] HKCFI 75,[1989] HKCFI 75,HCA 7480/1988,[1989] HKCFI 75,clean,23,RED_FLAG_NULL_MEDIUM;COARSE_ICD_NODE;INJURY_MULTI_BODY_PART;NULL_ICD_OTHER;UNLINKED_MANIFESTATION;UNLINKED_LOSS,injuries.overall_category,0.417,10,1,0,4,0,0,5,2,1,0,0,0,0,1,,
HKCFI_1990_80.html.txt,1990_HKCFI_80.json,[1990] HKCFI 80,[1990] HKCFI 80,HCA 4614/1987,[1990] HKCFI 80,clean,23,COARSE_ICD_NODE;INJURY_MULTI_BODY_PART;ICD_STOPPED_EARLY;UNLINKED_LOSS;PSYCH_DETECTED,,0.292,12,0,1,4,1,0,2,0,3,0,0,0,0,0,,
HKCFI_1991_86.html.txt,1991_HKCFI_86.json,[1991] HKCFI 86,[1991] HKCFI 86,HCA 1105/1989,[1991] HKCFI 86,clean,23,RED_FLAG_NULL;NULL_RATIO_HIGH;UNLINKED_MANIFESTATION;UNLINKED_LOSS;NO_COMPARABLE,plaintiff.gender;plaintiff.age_at_accident,0.500,2,0,0,0,0,0,0,3,1,0,0,0,0,0,,
HKCA_1994_423.html.txt,1994_HKCA_423.json,[1994] HKCA 423,[1994] HKCA 423,CACV 92/1994,[1994] HKCA 423,clean,23,RED_FLAG_NULL;NULL_RATIO_HIGH;INJURY_MULTI_BODY_PART;NULL_ICD_OTHER;PSYCH_DETECTED,plaintiff.gender,0.542,5,1,1,0,0,0,2,0,0,0,0,0,0,1,,
HKCFI_1995_11.html.txt,1995_HKCFI_11.json,[1995] HKCFI 11,[1995] HKCFI 11,HCA 3177/1989,[1995] HKCFI 11,clean,23,NULL_RATIO_HIGH;NULL_ICD_BURN;INJURY_MULTI_BODY_PART;COARSE_ICD_NODE,plaintiff.occupation_before,0.500,2,1,0,1,0,0,2,0,0,0,0,1,0,0,,
HKCFI_2000_745.html.txt,2000_HKCFI_745.json,[2000] HKCFI 745,[2000] HKCFI 745,HCPI 1266/1997,[2000] HKCFI 745,clean,23,NULL_RATIO_HIGH;COARSE_ICD_NODE;UNLINKED_MANIFESTATION;UNLINKED_LOSS;PSYCH_DETECTED;NO_PSLA_AMOUNT;NO_COMPARABLE;MULTI_PLAINTIFF,plaintiff.age_at_accident;psla.amount,0.583,4,0,1,1,0,0,0,5,2,0,0,0,0,0,,
HKCFI_2001_668.html.txt,2001_HKCFI_668.json,[2001] HKCFI 668,[2001] HKCFI 668,HCPI 381/2000,[2001] HKCFI 668,clean,23,RED_FLAG_NULL_MEDIUM;ICD_STOPPED_EARLY;INJURY_MULTI_BODY_PART;TREATMENT_CONTAMINATED;PSYCH_DETECTED,injuries.overall_category,0.250,2,0,1,0,1,0,1,0,0,0,0,0,0,0,,
HKCFI_2002_376.html.txt,2002_HKCFI_376.json,[2002] HKCFI 376,[2002] HKCFI 376,HCPI 923/2001,[2002] HKCFI 376,clean,23,RED_FLAG_NULL;NULL_ICD_PREEXISTING;COARSE_ICD_NODE;UNLINKED_LOSS,plaintiff.gender,0.292,3,1,0,1,0,0,0,0,1,0,1,0,0,0,,
HKCFI_2003_866.html.txt,2003_HKCFI_866.json,[2003] HKCFI 866,[2003] HKCFI 866,HCPI 1455/2000,[2003] HKCFI 866,clean,23,RED_FLAG_NULL;COARSE_ICD_NODE;NULL_ICD_PSYCH;PSYCH_DETECTED,plaintiff.gender;plaintiff.age_at_accident,0.458,2,1,1,1,0,0,0,0,0,1,0,0,0,0,inj_002,
HKCFI_2003_9.html.txt,2003_HKCFI_9.json,[2003] HKCFI 9,[2003] HKCFI 9,HCPI 237/2001,[2003] HKCFI 9,clean,23,RED_FLAG_NULL;RED_FLAG_NULL_MEDIUM;COARSE_ICD_NODE;NO_PSLA_AMOUNT,plaintiff.gender;injuries.overall_category;plaintiff.age_at_accident;psla.amount,0.417,4,0,0,1,0,0,0,0,0,0,0,0,0,0,,
HKCFI_2003_962.html.txt,2003_HKCFI_962.json,[2003] HKCFI 962,[2003] HKCFI 962,HCPI 335/2002,[2003] HKCFI 962,clean,23,RED_FLAG_NULL_MEDIUM;NULL_RATIO_HIGH;COARSE_ICD_NODE;INJURY_MULTI_BODY_PART,injuries.overall_category;plaintiff.age_at_accident,0.500,6,0,0,1,0,0,2,0,0,0,0,0,0,0,,
HKCFI_2004_300.html.txt,2004_HKCFI_300.json,[2004] HKCFI 300,[2004] HKCFI 300,HCPI 153/2003,[2004] HKCFI 300,clean,23,RED_FLAG_NULL_MEDIUM;NULL_RATIO_HIGH;COARSE_ICD_NODE;UNLINKED_MANIFESTATION;NO_COMPARABLE,injuries.overall_category,0.542,1,0,0,1,0,0,0,1,0,0,0,0,0,0,,
HKCFI_2004_87.html.txt,2004_HKCFI_87.json,[2004] HKCFI 87,[2004] HKCFI 87,HCPI 902/2002,[2004] HKCFI 87,clean,23,RED_FLAG_NULL;NULL_ICD_OTHER;INJURY_MULTI_BODY_PART;COARSE_ICD_NODE;NO_COMPARABLE,plaintiff.gender,0.250,4,1,0,2,0,0,1,0,0,0,0,0,0,1,,
HKCFI_2005_214.html.txt,2005_HKCFI_214.json,[2005] HKCFI 214,[2005] HKCFI 214,HCPI 1270/2003,[2005] HKCFI 214,clean,23,RED_FLAG_NULL_MEDIUM;INJURY_MULTI_BODY_PART;COARSE_ICD_NODE;TREATMENT_CONTAMINATED;NO_COMPARABLE,injuries.overall_category,0.417,2,0,0,1,0,0,2,0,0,0,0,0,0,0,,
HKCFI_2006_27.html.txt,2006_HKCFI_27.json,[2006] HKCFI 27,[2006] HKCFI 27,HCPI 112/2004,[2006] HKCFI 27,clean,23,RED_FLAG_NULL;RED_FLAG_NULL_MEDIUM;NULL_RATIO_HIGH,plaintiff.gender;injuries.overall_category,0.542,3,0,0,0,0,0,0,0,0,0,0,0,0,0,,
HKCFI_2007_110.html.txt,2007_HKCFI_110.json,[2007] HKCFI 110,[2007] HKCFI 110,HCPI 668/2005,[2007] HKCFI 110,clean,23,ICD_STOPPED_EARLY;INJURY_MULTI_BODY_PART;COARSE_ICD_NODE;UNLINKED_MANIFESTATION;PSYCH_DETECTED,,0.375,9,0,1,2,3,0,4,2,0,0,0,0,0,0,"inj_005,inj_008",
HKCFI_2007_1208.html.txt,2007_HKCFI_1208.json,[2007] HKCFI 1208,[2007] HKCFI 1208,HCPI 962/2004,[2007] HKCFI 1208,clean,23,RED_FLAG_NULL;RED_FLAG_NULL_MEDIUM;COARSE_ICD_NODE;NO_COMPARABLE,plaintiff.gender;injuries.overall_category;plaintiff.age_at_accident,0.417,4,0,0,1,0,0,0,0,0,0,0,0,0,0,,
HKCFI_2007_1211.html.txt,2007_HKCFI_1211.json,[2007] HKCFI 1211,[2007] HKCFI 1211,HCPI 256/2006,[2007] HKCFI 1211,clean,23,COARSE_ICD_NODE;INJURY_MULTI_BODY_PART;ICD_STOPPED_EARLY;NULL_ICD_PSYCH;PSYCH_DETECTED,,0.333,5,1,1,1,1,0,5,0,0,1,0,0,0,0,inj_005,
HKCFI_2007_704.html.txt,2007_HKCFI_704.json,[2007] HKCFI 704,[2007] HKCFI 704,HCPI 425/2006,[2007] HKCFI 704,clean,23,RED_FLAG_NULL_MEDIUM;ICD_STOPPED_EARLY;INJURY_MULTI_BODY_PART;COARSE_ICD_NODE,injuries.overall_category,0.375,3,0,0,2,1,0,2,0,0,0,0,0,0,0,,
HKCFI_2008_451.html.txt,2008_HKCFI_451.json,[2008] HKCFI 451,[2008] HKCFI 451,HCPI 245/2007,[2008] HKCFI 451,clean,23,RED_FLAG_NULL;RED_FLAG_NULL_MEDIUM;COARSE_ICD_NODE,plaintiff.gender;injuries.overall_category,0.292,6,0,0,2,0,0,0,0,0,0,0,0,0,0,,
HKDC_2008_279.html.txt,2008_HKDC_279.json,[2008] HKDC 279,[2008] HKDC 279,DCPI 932/2007,[2008] HKDC 279,clean,23,RED_FLAG_NULL;RED_FLAG_NULL_MEDIUM;NULL_RATIO_HIGH,plaintiff.gender;injuries.overall_category;plaintiff.age_at_accident,0.500,1,0,0,0,0,0,0,0,0,0,0,0,0,0,,
HKCFI_2009_368.html.txt,2009_HKCFI_368.json,[2009] HKCFI 368,[2009] HKCFI 368,HCPI 874/2007,[2009] HKCFI 368,clean,23,ICD_STOPPED_EARLY;COARSE_ICD_NODE;NULL_ICD_OTHER;NULL_ICD_PSYCH;UNLINKED_MANIFESTATION;PSYCH_DETECTED,plaintiff.age_at_accident,0.375,4,2,1,1,1,0,0,1,0,1,0,0,0,1,inj_004,
HKCFI_2009_945.html.txt,2009_HKCFI_945.json,[2009] HKCFI 945,[2009] HKCFI 945,HCPI 1080/2006,[2009] HKCFI 945,clean,23,RED_FLAG_NULL;RED_FLAG_NULL_MEDIUM;TREATMENT_CONTAMINATED;NO_COMPARABLE,plaintiff.gender;injuries.overall_category;plaintiff.age_at_accident,0.417,1,0,0,0,0,0,0,0,0,0,0,0,0,0,,
HKDC_2009_262.html.txt,2009_HKDC_262.json,[2009] HKDC 262,[2009] HKDC 262,DCPI 428/2009,[2009] HKDC 262,clean,23,RED_FLAG_NULL;RED_FLAG_NULL_MEDIUM;NULL_RATIO_HIGH,plaintiff.gender;injuries.overall_category;plaintiff.age_at_accident,0.542,1,0,0,0,0,0,0,0,0,0,0,0,0,0,,
HKDC_2010_47.html.txt,2010_HKDC_47.json,[2010] HKDC 47,[2010] HKDC 47,DCPI 2594/2007,[2010] HKDC 47,clean,23,RED_FLAG_NULL_MEDIUM;INJURY_MULTI_BODY_PART;COARSE_ICD_NODE;TREATMENT_CONTAMINATED,injuries.overall_category;plaintiff.age_at_accident;plaintiff.occupation_before,0.417,3,0,0,2,0,0,1,0,0,0,0,0,0,0,,
HKDC_2011_1494.html.txt,2011_HKDC_1494.json,[2011] HKDC 1494,[2011] HKDC 1494,DCPI 2429/2008,[2011] HKDC 1494,clean,23,RED_FLAG_NULL;RED_FLAG_NULL_MEDIUM;NULL_RATIO_HIGH,plaintiff.gender;injuries.overall_category;plaintiff.age_at_accident,0.542,1,0,0,0,0,0,0,0,0,0,0,0,0,0,,
HKDC_2011_162.html.txt,2011_HKDC_162.json,[2011] HKDC 162,[2011] HKDC 162,DCPI 2277/2009,[2011] HKDC 162,clean,23,RED_FLAG_NULL_MEDIUM;NULL_RATIO_HIGH;NULL_ICD_PSYCH;INJURY_MULTI_BODY_PART;PSYCH_DETECTED;NO_COMPARABLE,injuries.overall_category;plaintiff.age_at_accident;plaintiff.occupation_before,0.667,3,2,1,0,0,0,1,0,0,2,0,0,0,0,"inj_001,inj_002,inj_003",
HKCFI_2012_1355.html.txt,2012_HKCFI_1355.json,[2012] HKCFI 1355,[2012] HKCFI 1355,HCPI 370/2009,[2012] HKCFI 1355,clean,23,RED_FLAG_NULL_MEDIUM;ICD_STOPPED_EARLY;COARSE_ICD_NODE;UNLINKED_MANIFESTATION,injuries.overall_category;plaintiff.age_at_accident,0.292,8,0,0,3,1,0,0,2,0,0,0,0,0,0,,
HKCFI_2012_1735.html.txt,2012_HKCFI_1735.json,[2012] HKCFI 1735,[2012] HKCFI 1735,HCPI 443/2010,[2012] HKCFI 1735,clean,23,RED_FLAG_NULL_MEDIUM;NULL_RATIO_HIGH;NULL_ICD_PSYCH;UNLINKED_LOSS;PSYCH_DETECTED;NO_PSLA_AMOUNT;NO_COMPARABLE,injuries.overall_category;plaintiff.age_at_accident;psla.amount,0.542,1,1,1,0,0,0,0,0,1,1,0,0,0,0,inj_001,
HKDC_2012_105.html.txt,2012_HKDC_105.json,[2012] HKDC 105,[2012] HKDC 105,DCPI 1092/2010,[2012] HKDC 105,clean,23,RED_FLAG_NULL_MEDIUM;INJURY_MULTI_BODY_PART;COARSE_ICD_NODE;TREATMENT_CONTAMINATED,injuries.overall_category,0.250,3,0,0,2,0,0,1,0,0,0,0,0,0,0,,
HKCFI_2013_1082.html.txt,2013_HKCFI_1082.json,[2013] HKCFI 1082,[2013] HKCFI 1082,HCPI 308/2007,[2013] HKCFI 1082,clean,23,RED_FLAG_NULL;COARSE_ICD_NODE;NULL_ICD_OTHER;UNLINKED_MANIFESTATION;UNLINKED_LOSS,plaintiff.gender;plaintiff.age_at_accident,0.375,5,2,0,2,0,0,0,3,1,0,0,0,0,2,,
HKDC_2013_675.html.txt,2013_HKDC_675.json,[2013] HKDC 675,[2013] HKDC 675,DCPI 2336/2011,[2013] HKDC 675,clean,23,RED_FLAG_NULL;RED_FLAG_NULL_MEDIUM;NULL_RATIO_HIGH,plaintiff.gender;injuries.overall_category;plaintiff.age_at_accident,0.542,1,0,0,0,0,0,0,0,0,0,0,0,0,0,,
HKCFI_2015_1492.html.txt,2015_HKCFI_1492.json,[2015] HKCFI 1492,[2015] HKCFI 1492,HCPI 1085/2014,[2015] HKCFI 1492,clean,23,RED_FLAG_NULL;RED_FLAG_NULL_MEDIUM;COARSE_ICD_NODE;NO_COMPARABLE,plaintiff.gender;injuries.overall_category,0.292,2,0,0,1,0,0,0,0,0,0,0,0,0,0,,
HKDC_2015_1459.html.txt,2015_HKDC_1459.json,[2015] HKDC 1459,[2015] HKDC 1459,DCPI 1121/2014,[2015] HKDC 1459,clean,23,RED_FLAG_NULL;RED_FLAG_NULL_MEDIUM;NULL_RATIO_HIGH,plaintiff.gender;injuries.overall_category,0.500,1,0,0,0,0,0,0,0,0,0,0,0,0,0,,
HKDC_2016_23.html.txt,2016_HKDC_23.json,[2016] HKDC 23,[2016] HKDC 23,DCPI 1960/2011,[2016] HKDC 23,clean,23,RED_FLAG_NULL_MEDIUM;NULL_RATIO_HIGH;NULL_ICD_SYMPTOM;INJURY_MULTI_BODY_PART;PSYCH_DETECTED,injuries.overall_category;plaintiff.age_at_accident,0.500,1,1,1,0,0,0,1,0,0,0,0,0,1,0,,
HKDC_2016_537.html.txt,2016_HKDC_537.json,[2016] HKDC 537,[2016] HKDC 537,DCPI 1696/2014,[2016] HKDC 537,clean,23,RED_FLAG_NULL_MEDIUM;NULL_ICD_PREEXISTING;INJURY_MULTI_BODY_PART;UNLINKED_MANIFESTATION;ZERO_LOSSES,injuries.overall_category;losses.losses,0.417,6,1,0,0,0,0,1,1,0,0,1,0,0,0,,
HKDC_2016_73.html.txt,2016_HKDC_73.json,[2016] HKDC 73,[2016] HKDC 73,DCPI 17/2013,[2016] HKDC 73,clean,23,RED_FLAG_NULL_MEDIUM;NULL_RATIO_HIGH;ZERO_LOSSES;NO_COMPARABLE,losses.losses;plaintiff.age_at_accident,0.500,1,0,0,0,0,0,0,0,0,0,0,0,0,0,,
HKCFI_2017_1130.html.txt,2017_HKCFI_1130.json,[2017] HKCFI 1130,[2017] HKCFI 1130,HCPI 918/2015,[2017] HKCFI 1130,clean,23,NULL_RATIO_HIGH;INJURY_MULTI_BODY_PART;COARSE_ICD_NODE;UNLINKED_MANIFESTATION;UNLINKED_LOSS;PSYCH_DETECTED,,0.500,3,0,1,1,0,0,2,1,1,0,0,0,0,0,,
HKCFI_2017_1338.html.txt,2017_HKCFI_1338.json,[2017] HKCFI 1338,[2017] HKCFI 1338,HCPI 749/2015,[2017] HKCFI 1338,clean,23,RED_FLAG_NULL_MEDIUM;NULL_RATIO_HIGH;NULL_ICD_OTHER;ZERO_LOSSES,injuries.overall_category;losses.losses;plaintiff.age_at_accident,0.542,2,2,0,0,0,0,0,0,0,0,0,0,0,2,,
HKCFI_2017_1353.html.txt,2017_HKCFI_1353.json,[2017] HKCFI 1353,[2017] HKCFI 1353,HCPI 163/2015,[2017] HKCFI 1353,clean,23,RED_FLAG_NULL_MEDIUM;NULL_RATIO_HIGH;NULL_ICD_PREEXISTING;INJURY_MULTI_BODY_PART;PREEXISTING_METADATA_MISMATCH,injuries.overall_category;plaintiff.age_at_accident,0.542,2,1,0,0,0,0,1,0,0,0,1,0,0,0,,
HKCFI_2018_2174.html.txt,2018_HKCFI_2174.json,[2018] HKCFI 2174,[2018] HKCFI 2174,HCPI 777/2014,[2018] HKCFI 2174,clean,23,COARSE_ICD_NODE;INJURY_MULTI_BODY_PART;NULL_ICD_PREEXISTING;NULL_ICD_PSYCH;UNLINKED_LOSS;PSYCH_DETECTED,,0.333,6,2,1,2,0,0,2,0,4,1,1,0,0,0,inj_005,
HKDC_2018_1181.html.txt,2018_HKDC_1181.json,[2018] HKDC 1181,[2018] HKDC 1181,DCPI 1887/2016,[2018] HKDC 1181,clean,23,RED_FLAG_NULL;RED_FLAG_NULL_MEDIUM;INJURY_MULTI_BODY_PART;UNLINKED_MANIFESTATION;UNLINKED_LOSS;PSYCH_DETECTED,plaintiff.gender;injuries.overall_category,0.375,1,0,1,0,0,0,1,6,3,0,0,0,0,0,,
HKDC_2019_128.html.txt,2019_HKDC_128.json,[2019] HKDC 128,[2019] HKDC 128,DCEC 182/2017,[2019] HKDC 128,clean,23,RED_FLAG_NULL_MEDIUM;ICD_STOPPED_EARLY;ZERO_LOSSES;NO_PSLA_AMOUNT;NO_COMPARABLE,injuries.overall_category;losses.losses;psla.amount,0.458,4,0,0,0,1,0,0,0,0,0,0,0,0,0,,
HKDC_2019_230.html.txt,2019_HKDC_230.json,[2019] HKDC 230,[2019] HKDC 230,DCPI 988/2016,[2019] HKDC 230,clean,23,RED_FLAG_NULL;RED_FLAG_NULL_MEDIUM;NULL_RATIO_HIGH,plaintiff.gender;injuries.overall_category;plaintiff.age_at_accident,0.500,3,0,0,0,0,0,0,0,0,0,0,0,0,0,,
HKDC_2019_592.html.txt,2019_HKDC_592.json,[2019] HKDC 592,[2019] HKDC 592,DCPI 670/2016,[2019] HKDC 592,clean,23,RED_FLAG_NULL_MEDIUM;COARSE_ICD_NODE;NULL_ICD_SYMPTOM;UNLINKED_MANIFESTATION;UNLINKED_LOSS;PSYCH_DETECTED,injuries.overall_category;plaintiff.occupation_before,0.458,6,1,1,1,0,0,0,7,2,0,0,0,1,0,,
HKCFI_1976_91.html.txt,1976_HKCFI_91.json,[1976] HKCFI 91,[1976] HKCFI 91,HCPI 2957/1975,[1976] HKCFI 91,clean,22,RED_FLAG_NULL_MEDIUM;NULL_RATIO_HIGH;COARSE_ICD_NODE;NO_COMPARABLE,injuries.overall_category;plaintiff.age_at_accident,0.500,3,0,0,2,0,0,0,0,0,0,0,0,0,0,,
HKCFI_1978_5.html.txt,1978_HKCFI_5.json,[1978] HKCFI 5,[1978] HKCFI 5,HCA 290/1978,[1978] HKCFI 5,clean,22,RED_FLAG_NULL;RED_FLAG_NULL_MEDIUM;TREATMENT_CONTAMINATED,plaintiff.gender;injuries.overall_category,0.458,3,0,0,0,0,0,0,0,0,0,0,0,0,0,,
HKCFI_1979_68.html.txt,1979_HKCFI_68.json,[1979] HKCFI 68,[1979] HKCFI 68,HCA 4718/1978,[1979] HKCFI 68,clean,22,RED_FLAG_NULL;RED_FLAG_NULL_MEDIUM;COARSE_ICD_NODE,plaintiff.gender;injuries.overall_category;plaintiff.age_at_accident,0.417,8,0,0,1,0,0,0,0,0,0,0,0,0,0,,
HKCFI_1983_301.html.txt,1983_HKCFI_301.json,[1983] HKCFI 301,[1983] HKCFI 301,HCA 4930/1981,[1983] HKCFI 301,clean,22,RED_FLAG_NULL;RED_FLAG_NULL_MEDIUM;NULL_ICD_OTHER;INJURY_MULTI_BODY_PART;NO_PSLA_AMOUNT;NO_COMPARABLE;MULTI_PLAINTIFF,plaintiff.gender;injuries.overall_category;psla.amount,0.458,5,2,0,0,0,0,1,0,0,0,0,0,0,2,,
HKCFI_1984_360.html.txt,1984_HKCFI_360.json,[1984] HKCFI 360,[1984] HKCFI 360,HCA 823/1983,[1984] HKCFI 360,clean,22,RED_FLAG_NULL_MEDIUM;COARSE_ICD_NODE;INJURY_MULTI_BODY_PART;UNLINKED_MANIFESTATION;UNLINKED_LOSS;NO_COMPARABLE,injuries.overall_category,0.375,6,0,0,3,0,0,2,3,3,0,0,0,0,0,,
HKCFI_1984_50.html.txt,1984_HKCFI_50.json,[1984] HKCFI 50,[1984] HKCFI 50,HCA 5073/1982,[1984] HKCFI 50,clean,22,RED_FLAG_NULL_MEDIUM;NULL_RATIO_HIGH;COARSE_ICD_NODE;NO_PSLA_AMOUNT;NO_COMPARABLE,injuries.overall_category;psla.amount,0.583,2,0,0,1,0,0,0,0,0,0,0,0,0,0,,
HKCFI_1985_207.html.txt,1985_HKCFI_207.json,[1985] HKCFI 207,[1985] HKCFI 207,HCA 2764/1985,[1985] HKCFI 207,clean,22,RED_FLAG_NULL;NULL_RATIO_HIGH;UNLINKED_MANIFESTATION;NO_COMPARABLE;MULTI_PLAINTIFF,plaintiff.gender;plaintiff.age_at_accident,0.583,3,0,0,0,0,0,0,1,0,0,0,0,0,0,,
HKCFI_1986_35.html.txt,1986_HKCFI_35.json,[1986] HKCFI 35,[1986] HKCFI 35,HCA 6768/1985,[1986] HKCFI 35,clean,22,RED_FLAG_NULL;COARSE_ICD_NODE;INJURY_MULTI_BODY_PART;NULL_ICD_OTHER,plaintiff.gender;plaintiff.age_at_accident,0.333,5,1,0,2,0,0,1,0,0,0,0,0,0,1,,
HKCA_1987_5.html.txt,1987_HKCA_5.json,[1987] HKCA 5,[1987] HKCA 5,CACV 44/1987,[1987] HKCA 5,clean,22,RED_FLAG_NULL_MEDIUM;NULL_RATIO_HIGH;NULL_ICD_OTHER;INJURY_MULTI_BODY_PART;UNLINKED_MANIFESTATION;UNLINKED_LOSS;NO_COMPARABLE,injuries.overall_category;plaintiff.occupation_before,0.625,3,1,0,0,0,0,1,2,1,0,0,0,0,1,,
HKCFI_1989_400.html.txt,1989_HKCFI_400.json,[1989] HKCFI 400,[1989] HKCFI 400,HCA 6409/1988,[1989] HKCFI 400,clean,22,RED_FLAG_NULL;INJURY_MULTI_BODY_PART;NULL_ICD_OTHER;NULL_ICD_PSYCH;UNLINKED_MANIFESTATION;PSYCH_DETECTED,plaintiff.gender;plaintiff.age_at_accident,0.417,7,3,1,0,0,0,3,3,0,1,0,0,0,2,inj_007,
HKCFI_1995_267.html.txt,1995_HKCFI_267.json,[1995] HKCFI 267,[1995] HKCFI 267,HCA 2006/1992,[1995] HKCFI 267,clean,22,RED_FLAG_NULL_MEDIUM;NULL_RATIO_HIGH;COARSE_ICD_NODE;NO_PSLA_AMOUNT;NO_COMPARABLE,injuries.overall_category;plaintiff.occupation_before;psla.amount,0.583,1,0,0,1,0,0,0,0,0,0,0,0,0,0,,
HKCFI_1998_218.html.txt,1998_HKCFI_218.json,[1998] HKCFI 218,[1998] HKCFI 218,HCPI 339/1995,[1998] HKCFI 218,clean,22,RED_FLAG_NULL_MEDIUM;NULL_RATIO_HIGH;INJURY_MULTI_BODY_PART;NULL_ICD_PSYCH;PSYCH_DETECTED,injuries.overall_category;plaintiff.age_at_accident,0.583,2,1,1,0,0,0,1,0,0,1,0,0,0,0,inj_002,
HKCFI_1998_55.html.txt,1998_HKCFI_55.json,[1998] HKCFI 55,[1998] HKCFI 55,HCPI 984/1997,[1998] HKCFI 55,clean,22,RED_FLAG_NULL;COARSE_ICD_NODE;INJURY_MULTI_BODY_PART,plaintiff.gender,0.250,3,0,0,3,0,0,2,0,0,0,0,0,0,0,,
HKCFI_1999_539.html.txt,1999_HKCFI_539.json,[1999] HKCFI 539,[1999] HKCFI 539,HCPI 874/1997,[1999] HKCFI 539,clean,22,NULL_RATIO_HIGH;INJURY_MULTI_BODY_PART;NULL_ICD_OTHER;COARSE_ICD_NODE;UNLINKED_MANIFESTATION;NO_COMPARABLE,plaintiff.occupation_before,0.542,10,2,0,1,0,0,3,8,0,0,0,0,0,2,,
HKCFI_2001_567.html.txt,2001_HKCFI_567.json,[2001] HKCFI 567,[2001] HKCFI 567,HCPI 818/1998,[2001] HKCFI 567,clean,22,RED_FLAG_NULL_MEDIUM;COARSE_ICD_NODE;INJURY_MULTI_BODY_PART;NULL_ICD_OTHER;UNLINKED_MANIFESTATION;UNLINKED_LOSS;PSYCH_DETECTED;NO_COMPARABLE,injuries.overall_category,0.458,4,1,1,1,0,0,2,2,2,0,0,0,0,1,,
HKCFI_2001_816.html.txt,2001_HKCFI_816.json,[2001] HKCFI 816,[2001] HKCFI 816,HCPI 422/2000,[2001] HKCFI 816,clean,22,NULL_ICD_BURN;INJURY_MULTI_BODY_PART;NULL_ICD_PSYCH;TREATMENT_CONTAMINATED;PSYCH_DETECTED;NO_COMPARABLE,,0.292,3,2,1,0,0,0,1,0,0,1,0,1,0,0,inj_003,
HKCFI_2001_90.html.txt,2001_HKCFI_90.json,[2001] HKCFI 90,[2001] HKCFI 90,HCPI 1241/2000,[2001] HKCFI 90,clean,22,RED_FLAG_NULL_MEDIUM;NULL_RATIO_HIGH;NULL_ICD_OTHER;UNLINKED_MANIFESTATION;UNLINKED_LOSS;PSYCH_DETECTED;NO_PSLA_AMOUNT;NO_COMPARABLE;MULTI_PLAINTIFF,injuries.overall_category;plaintiff.age_at_accident;plaintiff.occupation_before;psla.amount,0.667,2,2,1,0,0,0,0,3,1,0,0,0,0,2,,
HKCFI_2002_619.html.txt,2002_HKCFI_619.json,[2002] HKCFI 619,[2002] HKCFI 619,HCPI 650/2000,[2002] HKCFI 619,clean,22,RED_FLAG_NULL_MEDIUM;COARSE_ICD_NODE;INJURY_MULTI_BODY_PART;UNLINKED_MANIFESTATION;UNLINKED_LOSS,injuries.overall_category,0.417,6,0,0,4,0,0,2,1,2,0,0,0,0,0,,
HKCFI_2002_885.html.txt,2002_HKCFI_885.json,[2002] HKCFI 885,[2002] HKCFI 885,HCPI 923/2000,[2002] HKCFI 885,clean,22,NULL_ICD_OTHER;INJURY_MULTI_BODY_PART;NULL_ICD_PSYCH;ICD_STOPPED_EARLY;UNLINKED_MANIFESTATION;UNLINKED_LOSS;PSYCH_DETECTED;NO_COMPARABLE,plaintiff.age_at_accident,0.292,5,3,1,0,1,0,1,14,5,2,0,0,0,1,"inj_003,inj_004,inj_005",
HKCFI_2003_72.html.txt,2003_HKCFI_72.json,[2003] HKCFI 72,[2003] HKCFI 72,HCPI 293/2002,[2003] HKCFI 72,clean,22,RED_FLAG_NULL_MEDIUM;ICD_STOPPED_EARLY;COARSE_ICD_NODE;UNLINKED_LOSS;NO_COMPARABLE,injuries.overall_category,0.333,2,0,0,1,1,0,0,0,1,0,0,0,0,0,,
HKCFI_2003_837.html.txt,2003_HKCFI_837.json,[2003] HKCFI 837,[2003] HKCFI 837,HCPI 757/2002,[2003] HKCFI 837,clean,22,RED_FLAG_NULL;NULL_RATIO_HIGH;INJURY_MULTI_BODY_PART;NO_COMPARABLE,plaintiff.gender,0.500,4,0,0,0,0,0,2,0,0,0,0,0,0,0,,
HKDC_2004_82.html.txt,2004_HKDC_82.json,[2004] HKDC 82,[2004] HKDC 82,DCPI 201/2003,[2004] HKDC 82,clean,22,RED_FLAG_NULL;RED_FLAG_NULL_MEDIUM;COARSE_ICD_NODE,plaintiff.gender;injuries.overall_category,0.458,4,0,0,1,0,0,0,0,0,0,0,0,0,0,,
HKCFI_2005_395.html.txt,2005_HKCFI_395.json,[2005] HKCFI 395,[2005] HKCFI 395,HCPI 436/2004,[2005] HKCFI 395,clean,22,RED_FLAG_NULL_MEDIUM;COARSE_ICD_NODE;NULL_ICD_PREEXISTING;INJURY_MULTI_BODY_PART;UNLINKED_MANIFESTATION;NO_COMPARABLE,injuries.overall_category;plaintiff.age_at_accident,0.375,4,1,0,1,0,0,1,6,0,0,1,0,0,0,,
HKCFI_2005_868.html.txt,2005_HKCFI_868.json,[2005] HKCFI 868,[2005] HKCFI 868,HCPI 809/2004,[2005] HKCFI 868,clean,22,RED_FLAG_NULL_MEDIUM;COARSE_ICD_NODE;INJURY_MULTI_BODY_PART;NULL_ICD_BURN;NO_COMPARABLE,injuries.overall_category;plaintiff.age_at_accident,0.375,3,1,0,2,0,0,2,0,0,0,0,1,0,0,,
HKDC_2005_49.html.txt,2005_HKDC_49.json,[2005] HKDC 49,[2005] HKDC 49,DCPI 339/2004,[2005] HKDC 49,clean,22,RED_FLAG_NULL;RED_FLAG_NULL_MEDIUM;COARSE_ICD_NODE,plaintiff.gender;injuries.overall_category,0.417,1,0,0,1,0,0,0,0,0,0,0,0,0,0,,
HKCFI_2006_1018.html.txt,2006_HKCFI_1018.json,[2006] HKCFI 1018,[2006] HKCFI 1018,HCPI 142/2002,[2006] HKCFI 1018,clean,22,RED_FLAG_NULL;NULL_ICD_OTHER;INJURY_MULTI_BODY_PART;COARSE_ICD_NODE;NO_COMPARABLE,plaintiff.gender,0.333,3,1,0,1,0,0,1,0,0,0,0,0,0,1,,
HKCFI_2006_31.html.txt,2006_HKCFI_31.json,[2006] HKCFI 31,[2006] HKCFI 31,HCPI 118/2004,[2006] HKCFI 31,clean,22,RED_FLAG_NULL;RED_FLAG_NULL_MEDIUM;TREATMENT_CONTAMINATED,plaintiff.gender;injuries.overall_category;plaintiff.age_at_accident,0.458,1,0,0,0,0,0,0,0,0,0,0,0,0,0,,
HKCFI_2006_4.html.txt,2006_HKCFI_4.json,[2006] HKCFI 4,[2006] HKCFI 4,HCPI 1186/2004,[2006] HKCFI 4,clean,22,RED_FLAG_NULL_MEDIUM;NULL_ICD_PREEXISTING;INJURY_MULTI_BODY_PART;ZERO_LOSSES;NO_COMPARABLE,injuries.overall_category;losses.losses;plaintiff.age_at_accident,0.375,2,1,0,0,0,0,1,0,0,0,1,0,0,0,,
HKDC_2006_47.html.txt,2006_HKDC_47.json,[2006] HKDC 47,[2006] HKDC 47,DCPI 164/2003,[2006] HKDC 47,clean,22,RED_FLAG_NULL_MEDIUM;NULL_RATIO_HIGH;COARSE_ICD_NODE;NO_PSLA_AMOUNT;NO_COMPARABLE,injuries.overall_category;plaintiff.occupation_before;psla.amount,0.625,2,0,0,1,0,0,0,0,0,0,0,0,0,0,,
HKCFI_2007_188.html.txt,2007_HKCFI_188.json,[2007] HKCFI 188,[2007] HKCFI 188,HCPI 245/2006,[2007] HKCFI 188,clean,22,RED_FLAG_NULL_MEDIUM;COARSE_ICD_NODE;ZERO_LOSSES;NO_COMPARABLE,injuries.overall_category;losses.losses;plaintiff.age_at_accident,0.375,3,0,0,1,0,0,0,0,0,0,0,0,0,0,,
HKDC_2007_353.html.txt,2007_HKDC_353.json,[2007] HKDC 353,[2007] HKDC 353,DCPI 455/2006,[2007] HKDC 353,clean,22,RED_FLAG_NULL_MEDIUM;NULL_RATIO_HIGH;INJURY_MULTI_BODY_PART;NULL_ICD_PSYCH;PSYCH_DETECTED,injuries.overall_category;plaintiff.age_at_accident,0.542,4,1,1,0,0,0,1,0,0,1,0,0,0,0,inj_004,
HKCFI_2008_670.html.txt,2008_HKCFI_670.json,[2008] HKCFI 670,[2008] HKCFI 670,HCPI 565/2006,[2008] HKCFI 670,clean,22,RED_FLAG_NULL_MEDIUM;NULL_RATIO_HIGH;INJURY_MULTI_BODY_PART;NULL_ICD_OTHER;UNLINKED_MANIFESTATION;UNLINKED_LOSS;PSYCH_DETECTED,injuries.overall_category;plaintiff.age_at_accident,0.500,4,1,1,0,0,0,2,3,2,0,0,0,0,1,,
HKDC_2008_139.html.txt,2008_HKDC_139.json,[2008] HKDC 139,[2008] HKDC 139,DCPI 1109/2007,[2008] HKDC 139,clean,22,RED_FLAG_NULL_MEDIUM;NULL_RATIO_HIGH;ZERO_LOSSES,injuries.overall_category;losses.losses;plaintiff.occupation_before,0.542,1,0,0,0,0,0,0,0,0,0,0,0,0,0,,
HKCFI_2009_434.html.txt,2009_HKCFI_434.json,[2009] HKCFI 434,[2009] HKCFI 434,HCPI 1027/2004,[2009] HKCFI 434,clean,22,RED_FLAG_NULL_MEDIUM;NULL_ICD_PREEXISTING;NULL_ICD_PSYCH;INJURY_MULTI_BODY_PART;NULL_ICD_OTHER;UNLINKED_MANIFESTATION;PSYCH_DETECTED;NO_COMPARABLE,injuries.overall_category,0.250,8,4,1,0,0,0,1,2,0,2,1,0,0,1,"inj_006,inj_007",
HKCFI_2009_499.html.txt,2009_HKCFI_499.json,[2009] HKCFI 499,[2009] HKCFI 499,HCPI 146/2008,[2009] HKCFI 499,clean,22,RED_FLAG_NULL_MEDIUM;NULL_ICD_PREEXISTING;INJURY_MULTI_BODY_PART;PREEXISTING_METADATA_MISMATCH;TREATMENT_CONTAMINATED,injuries.overall_category;plaintiff.age_at_accident,0.458,1,1,0,0,0,0,1,0,0,0,1,0,0,0,,
HKCFI_2009_841.html.txt,2009_HKCFI_841.json,[2009] HKCFI 841,[2009] HKCFI 841,HCPI 975/2006,[2009] HKCFI 841,clean,22,RED_FLAG_NULL_MEDIUM;NULL_ICD_OTHER;COARSE_ICD_NODE;INJURY_MULTI_BODY_PART;UNLINKED_MANIFESTATION;UNLINKED_LOSS;PSYCH_DETECTED;NO_PSLA_AMOUNT,injuries.overall_category;psla.amount,0.375,12,3,1,1,0,0,1,1,2,0,0,0,0,3,,
HKDC_2009_133.html.txt,2009_HKDC_133.json,[2009] HKDC 133,[2009] HKDC 133,DCEC 71/2008,[2009] HKDC 133,clean,22,RED_FLAG_NULL_MEDIUM;NULL_RATIO_HIGH;COARSE_ICD_NODE;NO_PSLA_AMOUNT;NO_COMPARABLE,injuries.overall_category;plaintiff.age_at_accident;psla.amount,0.542,2,0,0,1,0,0,0,0,0,0,0,0,0,0,,
HKDC_2009_192.html.txt,2009_HKDC_192.json,[2009] HKDC 192,[2009] HKDC 192,DCPI 798/2008,[2009] HKDC 192,clean,22,INJURY_MULTI_BODY_PART;ICD_STOPPED_EARLY;UNLINKED_MANIFESTATION;TREATMENT_CONTAMINATED;NO_COMPARABLE,,0.375,5,0,0,0,3,0,2,1,0,0,0,0,0,0,,
HKDC_2009_251.html.txt,2009_HKDC_251.json,[2009] HKDC 251,[2009] HKDC 251,DCPI 2032/2007,[2009] HKDC 251,clean,22,RED_FLAG_NULL;NULL_ICD_OTHER;INJURY_MULTI_BODY_PART;TREATMENT_CONTAMINATED;MULTI_PLAINTIFF,plaintiff.gender;plaintiff.age_at_accident,0.333,2,1,0,0,0,0,1,0,0,0,0,0,0,1,,
HKDC_2011_65.html.txt,2011_HKDC_65.json,[2011] HKDC 65,[2011] HKDC 65,DCPI 871/2010,[2011] HKDC 65,clean,22,NULL_RATIO_HIGH;COARSE_ICD_NODE;UNLINKED_MANIFESTATION;UNLINKED_LOSS;NO_PSLA_AMOUNT;NO_COMPARABLE,plaintiff.age_at_accident;psla.amount,0.542,5,0,0,2,0,0,0,5,1,0,0,0,0,0,,
HKCFI_2013_26.html.txt,2013_HKCFI_26.json,[2013] HKCFI 26,[2013] HKCFI 26,HCPI 732/2011,[2013] HKCFI 26,clean,22,RED_FLAG_NULL;COARSE_ICD_NODE;NULL_ICD_PREEXISTING,plaintiff.gender,0.375,4,1,0,2,0,0,0,0,0,0,1,0,0,0,,
HKCFI_2013_372.html.txt,2013_HKCFI_372.json,[2013] HKCFI 372,[2013] HKCFI 372,HCPI 200/2011,[2013] HKCFI 372,clean,22,RED_FLAG_NULL;RED_FLAG_NULL_MEDIUM;COARSE_ICD_NODE,plaintiff.gender;injuries.overall_category;plaintiff.age_at_accident,0.375,2,0,0,1,0,0,0,0,0,0,0,0,0,0,,
HKDC_2013_423.html.txt,2013_HKDC_423.json,[2013] HKDC 423,[2013] HKDC 423,DCPI 1197/2009,[2013] HKDC 423,clean,22,RED_FLAG_NULL;RED_FLAG_NULL_MEDIUM;TREATMENT_CONTAMINATED,plaintiff.gender;injuries.overall_category;plaintiff.age_at_accident,0.417,1,0,0,0,0,0,0,0,0,0,0,0,0,0,,
HKCFI_2014_1986.html.txt,2014_HKCFI_1986.json,[2014] HKCFI 1986,[2014] HKCFI 1986,HCPI 209/2013,[2014] HKCFI 1986,clean,22,RED_FLAG_NULL;RED_FLAG_NULL_MEDIUM;TREATMENT_CONTAMINATED,plaintiff.gender;injuries.overall_category;plaintiff.age_at_accident,0.375,1,0,0,0,0,0,0,0,0,0,0,0,0,0,,
HKDC_2016_1568.html.txt,2016_HKDC_1568.json,[2016] HKDC 1568,[2016] HKDC 1568,DCPI 2418/2014,[2016] HKDC 1568,clean,22,RED_FLAG_NULL_MEDIUM;NULL_RATIO_HIGH;ZERO_LOSSES,injuries.overall_category;losses.losses;plaintiff.age_at_accident,0.500,1,0,0,0,0,0,0,0,0,0,0,0,0,0,,
HKCFI_2017_936.html.txt,2017_HKCFI_936.json,[2017] HKCFI 936,[2017] HKCFI 936,HCPI 196/2015,[2017] HKCFI 936,clean,22,RED_FLAG_NULL_MEDIUM;COARSE_ICD_NODE;INJURY_MULTI_BODY_PART;NULL_ICD_PSYCH;PSYCH_DETECTED,injuries.overall_category,0.250,7,1,1,2,0,0,1,0,0,1,0,0,0,0,"inj_001,inj_006",
HKCFI_2018_1463.html.txt,2018_HKCFI_1463.json,[2018] HKCFI 1463,[2018] HKCFI 1463,HCPI 834/2015,[2018] HKCFI 1463,clean,22,ICD_STOPPED_EARLY;COARSE_ICD_NODE;INJURY_MULTI_BODY_PART;NULL_ICD_PREEXISTING;PSYCH_DETECTED,,0.375,3,1,1,1,1,0,1,0,0,0,1,0,0,0,,
HKCFI_2018_149.html.txt,2018_HKCFI_149.json,[2018] HKCFI 149,[2018] HKCFI 149,HCPI 667/2016,[2018] HKCFI 149,clean,22,RED_FLAG_NULL;RED_FLAG_NULL_MEDIUM;ICD_STOPPED_EARLY,plaintiff.gender;injuries.overall_category,0.458,3,0,0,0,1,0,0,0,0,0,0,0,0,0,,
HKDC_2018_1172.html.txt,2018_HKDC_1172.json,[2018] HKDC 1172,[2018] HKDC 1172,DCPI 1700/2016,[2018] HKDC 1172,clean,22,RED_FLAG_NULL_MEDIUM;NULL_RATIO_HIGH;UNLINKED_LOSS;TREATMENT_CONTAMINATED,injuries.overall_category;plaintiff.occupation_before,0.625,1,0,0,0,0,0,0,0,1,0,0,0,0,0,,
HKDC_2019_558.html.txt,2019_HKDC_558.json,[2019] HKDC 558,[2019] HKDC 558,DCPI 930/2015,[2019] HKDC 558,clean,22,NULL_ICD_OTHER;INJURY_MULTI_BODY_PART;ICD_STOPPED_EARLY;COARSE_ICD_NODE;UNLINKED_MANIFESTATION;UNLINKED_LOSS,,0.375,3,2,0,1,1,0,1,8,1,0,0,0,0,2,,
HKCFI_1976_33.html.txt,1976_HKCFI_33.json,[1976] HKCFI 33,[1976] HKCFI 33,HCA 2957/1975,[1976] HKCFI 33,clean,21,RED_FLAG_NULL_MEDIUM;NULL_RATIO_HIGH;COARSE_ICD_NODE;NO_COMPARABLE,injuries.overall_category;plaintiff.age_at_accident,0.542,2,0,0,1,0,0,0,0,0,0,0,0,0,0,,
HKCFI_1976_89.html.txt,1976_HKCFI_89.json,[1976] HKCFI 89,[1976] HKCFI 89,HCPI 2720/1975,[1976] HKCFI 89,clean,21,RED_FLAG_NULL_MEDIUM;NULL_RATIO_HIGH;NULL_ICD_BURN;INJURY_MULTI_BODY_PART,injuries.overall_category;plaintiff.occupation_before,0.583,1,1,0,0,0,0,1,0,0,0,0,1,0,0,,
HKCFI_1977_122.html.txt,1977_HKCFI_122.json,[1977] HKCFI 122,[1977] HKCFI 122,HCA 1594/1977,[1977] HKCFI 122,clean,21,RED_FLAG_NULL_MEDIUM;NULL_RATIO_HIGH;COARSE_ICD_NODE;NO_COMPARABLE,injuries.overall_category;plaintiff.occupation_before,0.542,2,0,0,1,0,0,0,0,0,0,0,0,0,0,,
HKCFI_1978_117.html.txt,1978_HKCFI_117.json,[1978] HKCFI 117,[1978] HKCFI 117,HCA 1440/1978,[1978] HKCFI 117,clean,21,RED_FLAG_NULL_MEDIUM;NULL_ICD_BURN;COARSE_ICD_NODE;INJURY_MULTI_BODY_PART;MULTI_PLAINTIFF,injuries.overall_category;plaintiff.age_at_accident,0.292,3,1,0,1,0,0,1,0,0,0,0,1,0,0,,
HKCFI_1979_128.html.txt,1979_HKCFI_128.json,[1979] HKCFI 128,[1979] HKCFI 128,HCA 3358/1978,[1979] HKCFI 128,clean,21,RED_FLAG_NULL;COARSE_ICD_NODE;INJURY_MULTI_BODY_PART,plaintiff.gender,0.417,4,0,0,2,0,0,2,0,0,0,0,0,0,0,,
HKCFI_1979_35.html.txt,1979_HKCFI_35.json,[1979] HKCFI 35,[1979] HKCFI 35,HCA 1919/1977,[1979] HKCFI 35,clean,21,RED_FLAG_NULL_MEDIUM;COARSE_ICD_NODE;INJURY_MULTI_BODY_PART;UNLINKED_MANIFESTATION;UNLINKED_LOSS;MULTI_PLAINTIFF,injuries.overall_category,0.375,3,0,0,2,0,0,1,8,4,0,0,0,0,0,,
HKCFI_1980_101.html.txt,1980_HKCFI_101.json,[1980] HKCFI 101,[1980] HKCFI 101,HCA 3033/1979,[1980] HKCFI 101,clean,21,RED_FLAG_NULL_MEDIUM;ICD_STOPPED_EARLY;COARSE_ICD_NODE;UNLINKED_MANIFESTATION,injuries.overall_category;plaintiff.age_at_accident,0.458,3,0,0,1,1,0,0,8,0,0,0,0,0,0,,
HKCFI_1982_160.html.txt,1982_HKCFI_160.json,[1982] HKCFI 160,[1982] HKCFI 160,HCA 2190/1982,[1982] HKCFI 160,clean,21,RED_FLAG_NULL_MEDIUM;COARSE_ICD_NODE;INJURY_MULTI_BODY_PART;UNLINKED_MANIFESTATION;UNLINKED_LOSS,injuries.overall_category;plaintiff.age_at_accident,0.458,3,0,0,3,0,0,1,4,1,0,0,0,0,0,,
HKCFI_1982_163.html.txt,1982_HKCFI_163.json,[1982] HKCFI 163,[1982] HKCFI 163,HCA 5226/1981,[1982] HKCFI 163,clean,21,RED_FLAG_NULL_MEDIUM;NULL_RATIO_HIGH;COARSE_ICD_NODE;NO_COMPARABLE,injuries.overall_category;plaintiff.occupation_before,0.583,3,0,0,1,0,0,0,0,0,0,0,0,0,0,,
HKCFI_1983_78.html.txt,1983_HKCFI_78.json,[1983] HKCFI 78,[1983] HKCFI 78,HCA 810/1982,[1983] HKCFI 78,clean,21,RED_FLAG_NULL;NULL_RATIO_HIGH;INJURY_MULTI_BODY_PART,plaintiff.gender;plaintiff.age_at_accident,0.542,1,0,0,0,0,0,1,0,0,0,0,0,0,0,,
HKCFI_1986_41.html.txt,1986_HKCFI_41.json,[1986] HKCFI 41,[1986] HKCFI 41,HCA 5331/1985,[1986] HKCFI 41,clean,21,NULL_RATIO_HIGH;COARSE_ICD_NODE;UNLINKED_MANIFESTATION;UNLINKED_LOSS;PSYCH_DETECTED;NO_COMPARABLE,plaintiff.age_at_accident,0.500,6,0,1,1,0,0,0,8,4,0,0,0,0,0,,
HKCA_1988_241.html.txt,1988_HKCA_241.json,[1988] HKCA 241,[1988] HKCA 241,CACV 12/1988,[1988] HKCA 241,clean,21,RED_FLAG_NULL;NULL_RATIO_HIGH;INJURY_MULTI_BODY_PART,plaintiff.gender;plaintiff.age_at_accident,0.542,1,0,0,0,0,0,1,0,0,0,0,0,0,0,,
HKCFI_1988_131.html.txt,1988_HKCFI_131.json,[1988] HKCFI 131,[1988] HKCFI 131,HCA 8495/1984,[1988] HKCFI 131,clean,21,ICD_STOPPED_EARLY;INJURY_MULTI_BODY_PART;NULL_ICD_OTHER;COARSE_ICD_NODE;NO_COMPARABLE,,0.292,12,1,0,2,2,0,5,0,0,0,0,0,0,1,,
HKCFI_1989_73.html.txt,1989_HKCFI_73.json,[1989] HKCFI 73,[1989] HKCFI 73,HCA 7524/1985,[1989] HKCFI 73,clean,21,RED_FLAG_NULL;INJURY_MULTI_BODY_PART;ICD_STOPPED_EARLY;PSYCH_DETECTED,plaintiff.gender,0.375,4,0,1,0,1,0,2,0,0,0,0,0,0,0,,
HKCFI_1995_24.html.txt,1995_HKCFI_24.json,[1995] HKCFI 24,[1995] HKCFI 24,HCA 5903/1989,[1995] HKCFI 24,clean,21,RED_FLAG_NULL;COARSE_ICD_NODE;UNLINKED_MANIFESTATION;UNLINKED_LOSS,plaintiff.gender;plaintiff.age_at_accident,0.458,5,0,0,1,0,0,0,5,3,0,0,0,0,0,,
HKCFI_1997_290.html.txt,1997_HKCFI_290.json,[1997] HKCFI 290,[1997] HKCFI 290,HCPI 305/1997,[1997] HKCFI 290,clean,21,RED_FLAG_NULL;COARSE_ICD_NODE;INJURY_MULTI_BODY_PART,plaintiff.gender;plaintiff.age_at_accident,0.458,3,0,0,2,0,0,1,0,0,0,0,0,0,0,,
HKCFI_1998_293.html.txt,1998_HKCFI_293.json,[1998] HKCFI 293,[1998] HKCFI 293,HCPI 645/1998,[1998] HKCFI 293,clean,21,RED_FLAG_NULL_MEDIUM;NULL_RATIO_HIGH;ICD_STOPPED_EARLY;NO_COMPARABLE,injuries.overall_category;plaintiff.age_at_accident,0.542,1,0,0,0,1,0,0,0,0,0,0,0,0,0,,
HKCFI_1998_459.html.txt,1998_HKCFI_459.json,[1998] HKCFI 459,[1998] HKCFI 459,HCPI 488/1996,[1998] HKCFI 459,clean,21,RED_FLAG_NULL_MEDIUM;NULL_RATIO_HIGH;COARSE_ICD_NODE;NO_COMPARABLE,injuries.overall_category;plaintiff.age_at_accident;plaintiff.occupation_before,0.625,1,0,0,1,0,0,0,0,0,0,0,0,0,0,,
HKCFI_1999_523.html.txt,1999_HKCFI_523.json,[1999] HKCFI 523,[1999] HKCFI 523,HCPI 514/1997,[1999] HKCFI 523,clean,21,ICD_STOPPED_EARLY;INJURY_MULTI_BODY_PART;COARSE_ICD_NODE;NULL_ICD_OTHER;PSYCH_DETECTED,plaintiff.occupation_before,0.333,7,3,1,3,1,0,4,0,0,0,0,0,0,3,,
HKCFI_1999_830.html.txt,1999_HKCFI_830.json,[1999] HKCFI 830,[1999] HKCFI 830,HCPI 845/1996,[1999] HKCFI 830,clean,21,RED_FLAG_NULL_MEDIUM;UNLINKED_MANIFESTATION;UNLINKED_LOSS;ZERO_INJURIES,injuries.overall_category;injuries.injuries,0.417,0,0,0,0,0,0,0,3,2,0,0,0,0,0,,
HKCFI_2000_26.html.txt,2000_HKCFI_26.json,[2000] HKCFI 26,[2000] HKCFI 26,HCPI 1188/1999,[2000] HKCFI 26,clean,21,NULL_ICD_BURN;COARSE_ICD_NODE;INJURY_MULTI_BODY_PART;UNLINKED_MANIFESTATION;UNLINKED_LOSS,,0.333,4,1,0,3,0,0,1,2,1,0,0,1,0,0,,
HKCFI_2002_20.html.txt,2002_HKCFI_20.json,[2002] HKCFI 20,[2002] HKCFI 20,HCPI 1460/1999,[2002] HKCFI 20,clean,21,RED_FLAG_NULL_MEDIUM;COARSE_ICD_NODE;ICD_STOPPED_EARLY;PSYCH_DETECTED;NO_COMPARABLE,injuries.overall_category,0.417,4,0,1,1,1,0,0,0,0,0,0,0,0,0,,
HKCFI_2002_982.html.txt,2002_HKCFI_982.json,[2002] HKCFI 982,[2002] HKCFI 982,HCPI 1096/1999,[2002] HKCFI 982,clean,21,RED_FLAG_NULL_MEDIUM;NULL_RATIO_HIGH;COARSE_ICD_NODE;NO_COMPARABLE,injuries.overall_category,0.542,2,0,0,1,0,0,0,0,0,0,0,0,0,0,,
HKDC_2002_104.html.txt,2002_HKDC_104.json,[2002] HKDC 104,[2002] HKDC 104,DCPI 134/2001,[2002] HKDC 104,clean,21,RED_FLAG_NULL_MEDIUM;NULL_RATIO_HIGH;TREATMENT_CONTAMINATED;NO_COMPARABLE,injuries.overall_category;plaintiff.age_at_accident,0.583,1,0,0,0,0,0,0,0,0,0,0,0,0,0,,
HKCFI_2004_193.html.txt,2004_HKCFI_193.json,[2004] HKCFI 193,[2004] HKCFI 193,HCPI 254/2003,[2004] HKCFI 193,clean,21,INJURY_MULTI_BODY_PART;NULL_ICD_OTHER;COARSE_ICD_NODE;UNLINKED_LOSS;TREATMENT_CONTAMINATED;NO_COMPARABLE,,0.333,7,1,0,1,0,0,2,0,1,0,0,0,0,1,,
HKDC_2004_115.html.txt,2004_HKDC_115.json,[2004] HKDC 115,[2004] HKDC 115,DCPI 126/2003,[2004] HKDC 115,clean,21,NULL_RATIO_HIGH;INJURY_MULTI_BODY_PART;COARSE_ICD_NODE;NULL_ICD_OTHER;UNLINKED_MANIFESTATION,plaintiff.age_at_accident,0.500,3,1,0,1,0,0,2,1,0,0,0,0,0,1,,
HKDC_2004_167.html.txt,2004_HKDC_167.json,[2004] HKDC 167,[2004] HKDC 167,DCPI 66/2004,[2004] HKDC 167,clean,21,RED_FLAG_NULL_MEDIUM;COARSE_ICD_NODE;UNLINKED_MANIFESTATION;TREATMENT_CONTAMINATED,injuries.overall_category,0.458,3,0,0,1,0,0,0,2,0,0,0,0,0,0,,
HKCFI_2005_113.html.txt,2005_HKCFI_113.json,[2005] HKCFI 113,[2005] HKCFI 113,HCPI 707/2003,[2005] HKCFI 113,clean,21,RED_FLAG_NULL;RED_FLAG_NULL_MEDIUM;INJURY_MULTI_BODY_PART;UNLINKED_MANIFESTATION;NO_COMPARABLE,plaintiff.gender;injuries.overall_category,0.417,4,0,0,0,0,0,2,1,0,0,0,0,0,0,,
HKCFI_2005_972.html.txt,2005_HKCFI_972.json,[2005] HKCFI 972,[2005] HKCFI 972,HCPI 9/2005,[2005] HKCFI 972,clean,21,RED_FLAG_NULL;RED_FLAG_NULL_MEDIUM;NULL_ICD_PREEXISTING;NO_PSLA_AMOUNT;NO_COMPARABLE,plaintiff.gender;injuries.overall_category;plaintiff.age_at_accident;psla.amount,0.458,2,1,0,0,0,0,0,0,0,0,1,0,0,0,,
HKCFI_2006_1294.html.txt,2006_HKCFI_1294.json,[2006] HKCFI 1294,[2006] HKCFI 1294,HCPI 136/2004,[2006] HKCFI 1294,clean,21,RED_FLAG_NULL_MEDIUM;COARSE_ICD_NODE;INJURY_MULTI_BODY_PART;UNLINKED_MANIFESTATION;UNLINKED_LOSS;PSYCH_DETECTED;NO_COMPARABLE,injuries.overall_category,0.375,4,0,1,1,0,0,2,1,1,0,0,0,0,0,,
HKDC_2006_149.html.txt,2006_HKDC_149.json,[2006] HKDC 149,[2006] HKDC 149,DCPI 54/2005,[2006] HKDC 149,clean,21,COARSE_ICD_NODE;INJURY_MULTI_BODY_PART;NULL_ICD_OTHER;UNLINKED_MANIFESTATION;TREATMENT_CONTAMINATED,,0.417,6,2,0,2,0,0,6,2,0,0,0,0,0,2,,
HKCFI_2007_507.html.txt,2007_HKCFI_507.json,[2007] HKCFI 507,[2007] HKCFI 507,HCPI 879/2005,[2007] HKCFI 507,clean,21,RED_FLAG_NULL_MEDIUM;NULL_RATIO_HIGH;COARSE_ICD_NODE;NO_COMPARABLE,injuries.overall_category;plaintiff.age_at_accident,0.500,2,0,0,1,0,0,0,0,0,0,0,0,0,0,,
HKDC_2007_221.html.txt,2007_HKDC_221.json,[2007] HKDC 221,[2007] HKDC 221,DCPI 1945/2006,[2007] HKDC 221,clean,21,RED_FLAG_NULL_MEDIUM;COARSE_ICD_NODE;NULL_ICD_PREEXISTING;INJURY_MULTI_BODY_PART;UNLINKED_MANIFESTATION,injuries.overall_category,0.417,3,1,0,1,0,0,1,5,0,0,1,0,0,0,,
HKDC_2007_66.html.txt,2007_HKDC_66.json,[2007] HKDC 66,[2007] HKDC 66,DCPI 1165/2005,[2007] HKDC 66,clean,21,RED_FLAG_NULL_MEDIUM;NULL_RATIO_HIGH;TREATMENT_CONTAMINATED;NO_PSLA_AMOUNT,injuries.overall_category;plaintiff.age_at_accident;psla.amount,0.625,1,0,0,0,0,0,0,0,0,0,0,0,0,0,,
HKCFI_2008_14.html.txt,2008_HKCFI_14.json,[2008] HKCFI 14,[2008] HKCFI 14,HCPI 64/2006,[2008] HKCFI 14,clean,21,RED_FLAG_NULL_MEDIUM;COARSE_ICD_NODE;NULL_ICD_PREEXISTING;INJURY_MULTI_BODY_PART;NO_COMPARABLE,injuries.overall_category;plaintiff.age_at_accident,0.417,5,2,0,2,0,0,1,0,0,0,2,0,0,0,,
HKDC_2008_84.html.txt,2008_HKDC_84.json,[2008] HKDC 84,[2008] HKDC 84,DCPI 1237/2005,[2008] HKDC 84,clean,21,RED_FLAG_NULL_MEDIUM;NULL_RATIO_HIGH;COARSE_ICD_NODE;NO_COMPARABLE,injuries.overall_category,0.500,1,0,0,1,0,0,0,0,0,0,0,0,0,0,,
HKCFI_2010_330.html.txt,2010_HKCFI_330.json,[2010] HKCFI 330,[2010] HKCFI 330,HCPI 779/2006,[2010] HKCFI 330,clean,21,COARSE_ICD_NODE;INJURY_MULTI_BODY_PART;ICD_STOPPED_EARLY;PSYCH_DETECTED;NO_COMPARABLE,,0.292,9,0,1,3,1,0,4,0,0,0,0,0,0,0,,
HKDC_2010_30.html.txt,2010_HKDC_30.json,[2010] HKDC 30,[2010] HKDC 30,DCPI 1504/2007,[2010] HKDC 30,clean,21,RED_FLAG_NULL_MEDIUM;NULL_RATIO_HIGH;TREATMENT_CONTAMINATED;PSYCH_DETECTED,injuries.overall_category;plaintiff.age_at_accident,0.625,4,0,1,0,0,0,0,0,0,0,0,0,0,0,,
HKDC_2012_1608.html.txt,2012_HKDC_1608.json,[2012] HKDC 1608,[2012] HKDC 1608,DCPI 2082/2011,[2012] HKDC 1608,clean,21,RED_FLAG_NULL;RED_FLAG_NULL_MEDIUM;NULL_ICD_PSYCH;PSYCH_DETECTED,plaintiff.gender;injuries.overall_category;plaintiff.age_at_accident,0.458,3,1,1,0,0,0,0,0,0,1,0,0,0,0,inj_003,
HKDC_2012_196.html.txt,2012_HKDC_196.json,[2012] HKDC 196,[2012] HKDC 196,DCPI 2151/2009,[2012] HKDC 196,clean,21,RED_FLAG_NULL_MEDIUM;COARSE_ICD_NODE;INJURY_MULTI_BODY_PART;NULL_ICD_PSYCH;PSYCH_DETECTED,injuries.overall_category,0.458,2,1,1,1,0,0,1,0,0,1,0,0,0,0,inj_002,
HKDC_2012_396.html.txt,2012_HKDC_396.json,[2012] HKDC 396,[2012] HKDC 396,DCPI 2301/2009,[2012] HKDC 396,clean,21,RED_FLAG_NULL_MEDIUM;NULL_RATIO_HIGH;TREATMENT_CONTAMINATED;NO_COMPARABLE,injuries.overall_category;plaintiff.age_at_accident,0.625,1,0,0,0,0,0,0,0,0,0,0,0,0,0,,
HKDC_2012_718.html.txt,2012_HKDC_718.json,[2012] HKDC 718,[2012] HKDC 718,DCPI 1223/2011,[2012] HKDC 718,clean,21,RED_FLAG_NULL_MEDIUM;NULL_RATIO_HIGH;TREATMENT_CONTAMINATED;NO_PSLA_AMOUNT,injuries.overall_category;plaintiff.age_at_accident;psla.amount,0.667,2,0,0,0,0,0,0,0,0,0,0,0,0,0,,
HKCFI_2013_1834.html.txt,2013_HKCFI_1834.json,[2013] HKCFI 1834,[2013] HKCFI 1834,HCPI 42/2012,[2013] HKCFI 1834,clean,21,COARSE_ICD_NODE;ICD_STOPPED_EARLY;INJURY_MULTI_BODY_PART,,0.458,11,0,0,2,4,0,1,0,0,0,0,0,0,0,,
HKDC_2014_1016.html.txt,2014_HKDC_1016.json,[2014] HKDC 1016,[2014] HKDC 1016,DCPI 673/2013,[2014] HKDC 1016,clean,21,RED_FLAG_NULL_MEDIUM;NULL_RATIO_HIGH;NULL_ICD_OTHER;INJURY_MULTI_BODY_PART;UNLINKED_MANIFESTATION;NO_PSLA_AMOUNT;MULTI_PLAINTIFF,injuries.overall_category;plaintiff.age_at_accident;psla.amount,0.500,3,1,0,0,0,0,1,1,0,0,0,0,0,1,,
HKDC_2014_8.html.txt,2014_HKDC_8.json,[2014] HKDC 8,[2014] HKDC 8,DCPI 1069/2011,[2014] HKDC 8,clean,21,RED_FLAG_NULL_MEDIUM;ICD_STOPPED_EARLY;COARSE_ICD_NODE;UNLINKED_MANIFESTATION,injuries.overall_category,0.208,3,0,0,1,1,0,0,3,0,0,0,0,0,0,,
HKCFI_2015_848.html.txt,2015_HKCFI_848.json,[2015] HKCFI 848,[2015] HKCFI 848,HCPI 917/2014,[2015] HKCFI 848,clean,21,RED_FLAG_NULL_MEDIUM;TREATMENT_CONTAMINATED;ZERO_LOSSES,injuries.overall_category;losses.losses,0.417,2,0,0,0,0,0,0,0,0,0,0,0,0,0,,
HKDC_2015_1195.html.txt,2015_HKDC_1195.json,[2015] HKDC 1195,[2015] HKDC 1195,DCPI 2310/2013,[2015] HKDC 1195,clean,21,RED_FLAG_NULL;RED_FLAG_NULL_MEDIUM;NULL_ICD_PREEXISTING;UNLINKED_LOSS,plaintiff.gender;injuries.overall_category,0.417,3,1,0,0,0,0,0,0,1,0,1,0,0,0,,
HKCFI_2016_1788.html.txt,2016_HKCFI_1788.json,[2016] HKCFI 1788,[2016] HKCFI 1788,HCPI 1070/2014,[2016] HKCFI 1788,clean,21,RED_FLAG_NULL_MEDIUM;COARSE_ICD_NODE;INJURY_MULTI_BODY_PART;NULL_ICD_SYMPTOM,injuries.overall_category,0.375,3,1,0,1,0,0,1,0,0,0,0,0,1,0,,
HKCFI_2017_1405.html.txt,2017_HKCFI_1405.json,[2017] HKCFI 1405,[2017] HKCFI 1405,HCPI 700/2010,[2017] HKCFI 1405,clean,21,RED_FLAG_NULL_MEDIUM;ICD_STOPPED_EARLY;ZERO_LOSSES,losses.losses,0.292,1,0,0,0,1,0,0,0,0,0,0,0,0,0,,
HKCFI_2017_1693.html.txt,2017_HKCFI_1693.json,[2017] HKCFI 1693,[2017] HKCFI 1693,HCPI 860/2013,[2017] HKCFI 1693,clean,21,NULL_RATIO_HIGH;NULL_ICD_OTHER;UNLINKED_MANIFESTATION;UNLINKED_LOSS;TREATMENT_CONTAMINATED;PSYCH_DETECTED,,0.500,4,1,1,0,0,0,0,5,2,0,0,0,0,1,,
HKDC_2017_363.html.txt,2017_HKDC_363.json,[2017] HKDC 363,[2017] HKDC 363,DCEC 867/2015,[2017] HKDC 363,clean,21,RED_FLAG_NULL_MEDIUM;COARSE_ICD_NODE;UNLINKED_MANIFESTATION;TREATMENT_CONTAMINATED,injuries.overall_category,0.292,3,0,0,1,0,0,0,1,0,0,0,0,0,0,,
HKDC_2017_504.html.txt,2017_HKDC_504.json,[2017] HKDC 504,[2017] HKDC 504,DCPI 2258/2015,[2017] HKDC 504,clean,21,RED_FLAG_NULL_MEDIUM;COARSE_ICD_NODE;INJURY_MULTI_BODY_PART;UNLINKED_MANIFESTATION;UNLINKED_LOSS;PSYCH_DETECTED,injuries.overall_category,0.375,6,0,1,2,0,0,3,1,2,0,0,0,0,0,,
HKCFI_2018_1663.html.txt,2018_HKCFI_1663.json,[2018] HKCFI 1663,[2018] HKCFI 1663,HCPI 571/2016,[2018] HKCFI 1663,clean,21,RED_FLAG_NULL_MEDIUM;NULL_ICD_PREEXISTING;SOURCE_NOISE,injuries.overall_category,0.458,3,1,0,0,0,0,0,0,0,0,1,0,0,0,,
HKDC_2018_139.html.txt,2018_HKDC_139.json,[2018] HKDC 139,[2018] HKDC 139,DCPI 1649/2015,[2018] HKDC 139,clean,21,RED_FLAG_NULL_MEDIUM;NULL_RATIO_HIGH;ICD_STOPPED_EARLY;NULL_ICD_OTHER,injuries.overall_category;plaintiff.occupation_before,0.542,3,2,0,0,1,0,0,0,0,0,0,0,0,2,,
HKDC_2018_1510.html.txt,2018_HKDC_1510.json,[2018] HKDC 1510,[2018] HKDC 1510,DCPI 2105/2016,[2018] HKDC 1510,clean,21,RED_FLAG_NULL_MEDIUM;COARSE_ICD_NODE;ZERO_LOSSES,losses.losses;plaintiff.age_at_accident,0.375,1,0,0,1,0,0,0,0,0,0,0,0,0,0,,
HKDC_2018_1520.html.txt,2018_HKDC_1520.json,[2018] HKDC 1520,[2018] HKDC 1520,DCPI 304/2016,[2018] HKDC 1520,clean,21,RED_FLAG_NULL_MEDIUM;ICD_STOPPED_EARLY;TREATMENT_CONTAMINATED;PSYCH_DETECTED;NO_COMPARABLE,injuries.overall_category,0.375,3,0,1,0,1,0,0,0,0,0,0,0,0,0,,
HKDC_2019_1495.html.txt,2019_HKDC_1495.json,[2019] HKDC 1495,[2019] HKDC 1495,DCPI 2370/2014,[2019] HKDC 1495,clean,21,RED_FLAG_NULL_MEDIUM;UNLINKED_MANIFESTATION;UNLINKED_LOSS;SOURCE_NOISE,injuries.overall_category,0.333,3,0,0,0,0,0,0,1,3,0,0,0,0,0,,
HKCFI_1976_22.html.txt,1976_HKCFI_22.json,[1976] HKCFI 22,[1976] HKCFI 22,HCA 2117/1974,[1976] HKCFI 22,clean,20,RED_FLAG_NULL_MEDIUM;COARSE_ICD_NODE;INJURY_MULTI_BODY_PART;NULL_ICD_OTHER;UNLINKED_MANIFESTATION;UNLINKED_LOSS,injuries.overall_category;plaintiff.age_at_accident,0.458,4,1,0,1,0,0,1,6,2,0,0,0,0,1,,
HKCFI_1979_96.html.txt,1979_HKCFI_96.json,[1979] HKCFI 96,[1979] HKCFI 96,HCA 3180/1978,[1979] HKCFI 96,clean,20,RED_FLAG_NULL_MEDIUM;COARSE_ICD_NODE;INJURY_MULTI_BODY_PART;UNLINKED_MANIFESTATION;UNLINKED_LOSS,injuries.overall_category,0.375,3,0,0,2,0,0,1,4,3,0,0,0,0,0,,
HKCFI_1980_72.html.txt,1980_HKCFI_72.json,[1980] HKCFI 72,[1980] HKCFI 72,HCA 885/1980,[1980] HKCFI 72,clean,20,RED_FLAG_NULL_MEDIUM;NULL_RATIO_HIGH;NULL_ICD_PREEXISTING;NULL_ICD_OTHER;NO_PSLA_AMOUNT;NO_COMPARABLE,injuries.overall_category;psla.amount,0.542,3,2,0,0,0,0,0,0,0,0,1,0,0,1,,
HKCFI_1982_5.html.txt,1982_HKCFI_5.json,[1982] HKCFI 5,[1982] HKCFI 5,HCA 6789/1982,[1982] HKCFI 5,clean,20,RED_FLAG_NULL;ICD_STOPPED_EARLY;INJURY_MULTI_BODY_PART,plaintiff.gender,0.417,2,0,0,0,1,0,1,0,0,0,0,0,0,0,,
HKCFI_1985_70.html.txt,1985_HKCFI_70.json,[1985] HKCFI 70,[1985] HKCFI 70,HCA 4882/1981,[1985] HKCFI 70,clean,20,RED_FLAG_NULL_MEDIUM;NULL_RATIO_HIGH;NULL_ICD_OTHER;UNLINKED_MANIFESTATION;UNLINKED_LOSS;NO_PSLA_AMOUNT;MULTI_PLAINTIFF,injuries.overall_category;plaintiff.age_at_accident;plaintiff.occupation_before;psla.amount,0.708,2,1,0,0,0,0,0,2,1,0,0,0,0,1,,
HKCFI_1988_160.html.txt,1988_HKCFI_160.json,[1988] HKCFI 160,[1988] HKCFI 160,HCA 1149/1987,[1988] HKCFI 160,clean,20,RED_FLAG_NULL;COARSE_ICD_NODE;UNLINKED_LOSS;NO_COMPARABLE,plaintiff.gender;plaintiff.age_at_accident,0.375,3,0,0,1,0,0,0,0,1,0,0,0,0,0,,
HKCFI_1995_39.html.txt,1995_HKCFI_39.json,[1995] HKCFI 39,[1995] HKCFI 39,HCA 9146/1991,[1995] HKCFI 39,clean,20,RED_FLAG_NULL;NULL_RATIO_HIGH;NO_PSLA_AMOUNT;MULTI_PLAINTIFF,plaintiff.gender;plaintiff.age_at_accident;psla.amount,0.542,3,0,0,0,0,0,0,0,0,0,0,0,0,0,,
HKCFI_1995_518.html.txt,1995_HKCFI_518.json,[1995] HKCFI 518,[1995] HKCFI 518,HCA 1817/1994,[1995] HKCFI 518,clean,20,RED_FLAG_NULL_MEDIUM;NULL_RATIO_HIGH;COARSE_ICD_NODE,injuries.overall_category,0.500,2,0,0,1,0,0,0,0,0,0,0,0,0,0,,
HKCFI_1996_770.html.txt,1996_HKCFI_770.json,[1996] HKCFI 770,[1996] HKCFI 770,HCA 11319/1993,[1996] HKCFI 770,clean,20,RED_FLAG_NULL_MEDIUM;NULL_RATIO_HIGH;ICD_STOPPED_EARLY,injuries.overall_category,0.542,1,0,0,0,1,0,0,0,0,0,0,0,0,0,,
HKCFI_1997_188.html.txt,1997_HKCFI_188.json,[1997] HKCFI 188,[1997] HKCFI 188,HCPI 883/1995,[1997] HKCFI 188,clean,20,RED_FLAG_NULL;COARSE_ICD_NODE;INJURY_MULTI_BODY_PART,plaintiff.gender;plaintiff.age_at_accident,0.333,1,0,0,1,0,0,1,0,0,0,0,0,0,0,,
HKCFI_1999_216.html.txt,1999_HKCFI_216.json,[1999] HKCFI 216,[1999] HKCFI 216,HCPI 910/1997,[1999] HKCFI 216,clean,20,RED_FLAG_NULL_MEDIUM;INJURY_MULTI_BODY_PART;UNLINKED_MANIFESTATION;ZERO_LOSSES;NO_COMPARABLE,injuries.overall_category;losses.losses,0.458,6,0,0,0,0,0,2,2,0,0,0,0,0,0,,
HKCFI_1999_671.html.txt,1999_HKCFI_671.json,[1999] HKCFI 671,[1999] HKCFI 671,HCPI 156/1996,[1999] HKCFI 671,clean,20,RED_FLAG_NULL;INJURY_MULTI_BODY_PART;COARSE_ICD_NODE,plaintiff.gender;plaintiff.age_at_accident,0.417,4,0,0,1,0,0,2,0,0,0,0,0,0,0,,
HKCFI_2000_1090.html.txt,2000_HKCFI_1090.json,[2000] HKCFI 1090,[2000] HKCFI 1090,HCPI 1163/1999,[2000] HKCFI 1090,clean,20,RED_FLAG_NULL_MEDIUM;INJURY_MULTI_BODY_PART;COARSE_ICD_NODE;UNLINKED_MANIFESTATION;UNLINKED_LOSS,injuries.overall_category,0.292,8,0,0,2,0,0,5,5,3,0,0,0,0,0,,
HKCFI_2000_1411.html.txt,2000_HKCFI_1411.json,[2000] HKCFI 1411,[2000] HKCFI 1411,HCPI 581/1998,[2000] HKCFI 1411,clean,20,RED_FLAG_NULL;RED_FLAG_NULL_MEDIUM;NULL_ICD_PREEXISTING;NO_COMPARABLE,plaintiff.gender;injuries.overall_category;plaintiff.age_at_accident,0.417,3,1,0,0,0,0,0,0,0,0,1,0,0,0,,
HKCFI_2001_1236.html.txt,2001_HKCFI_1236.json,[2001] HKCFI 1236,[2001] HKCFI 1236,HCPI 646/2000,[2001] HKCFI 1236,clean,20,RED_FLAG_NULL;COARSE_ICD_NODE;UNLINKED_MANIFESTATION,plaintiff.gender,0.292,2,0,0,2,0,0,0,6,0,0,0,0,0,0,,
HKCFI_2001_569.html.txt,2001_HKCFI_569.json,[2001] HKCFI 569,[2001] HKCFI 569,HCPI 1458/1999,[2001] HKCFI 569,clean,20,RED_FLAG_NULL_MEDIUM;ICD_STOPPED_EARLY;INJURY_MULTI_BODY_PART;UNLINKED_MANIFESTATION;PSYCH_DETECTED;NO_COMPARABLE,injuries.overall_category,0.458,5,0,1,0,2,0,2,1,0,0,0,0,0,0,inj_005,
HKCFI_2002_347.html.txt,2002_HKCFI_347.json,[2002] HKCFI 347,[2002] HKCFI 347,HCPI 831/2000,[2002] HKCFI 347,clean,20,RED_FLAG_NULL_MEDIUM;COARSE_ICD_NODE;INJURY_MULTI_BODY_PART;UNLINKED_MANIFESTATION;UNLINKED_LOSS;NO_COMPARABLE,injuries.overall_category,0.333,3,0,0,1,0,0,1,2,1,0,0,0,0,0,,
HKCFI_2003_112.html.txt,2003_HKCFI_112.json,[2003] HKCFI 112,[2003] HKCFI 112,HCPI 406/2001,[2003] HKCFI 112,clean,20,RED_FLAG_NULL_MEDIUM;NULL_ICD_BURN;INJURY_MULTI_BODY_PART;ICD_STOPPED_EARLY,injuries.overall_category,0.375,4,1,0,0,1,0,2,0,0,0,0,1,0,0,,
HKCFI_2005_1135.html.txt,2005_HKCFI_1135.json,[2005] HKCFI 1135,[2005] HKCFI 1135,HCPI 1025/2004,[2005] HKCFI 1135,clean,20,RED_FLAG_NULL_MEDIUM;COARSE_ICD_NODE;TREATMENT_CONTAMINATED;NO_COMPARABLE,injuries.overall_category,0.208,3,0,0,1,0,0,0,0,0,0,0,0,0,0,,
HKCFI_2005_282.html.txt,2005_HKCFI_282.json,[2005] HKCFI 282,[2005] HKCFI 282,HCPI 568/2004,[2005] HKCFI 282,clean,20,RED_FLAG_NULL;RED_FLAG_NULL_MEDIUM;UNLINKED_MANIFESTATION;UNLINKED_LOSS;PSYCH_DETECTED,plaintiff.gender;injuries.overall_category;plaintiff.age_at_accident,0.417,2,0,1,0,0,0,0,1,1,0,0,0,0,0,,
HKDC_2005_94.html.txt,2005_HKDC_94.json,[2005] HKDC 94,[2005] HKDC 94,DCPI 638/2004,[2005] HKDC 94,clean,20,NULL_RATIO_HIGH;NULL_ICD_BURN;TREATMENT_CONTAMINATED,plaintiff.occupation_before,0.583,1,1,0,0,0,0,0,0,0,0,0,1,0,0,,
HKCFI_2006_1358.html.txt,2006_HKCFI_1358.json,[2006] HKCFI 1358,[2006] HKCFI 1358,HCPI 633/2004,[2006] HKCFI 1358,clean,20,ICD_STOPPED_EARLY;INJURY_MULTI_BODY_PART;COARSE_ICD_NODE;UNLINKED_MANIFESTATION;NO_COMPARABLE,,0.417,7,0,0,1,1,0,1,3,0,0,0,0,0,0,,
HKCFI_2006_486.html.txt,2006_HKCFI_486.json,[2006] HKCFI 486,[2006] HKCFI 486,HCPI 502/2004,[2006] HKCFI 486,clean,20,RED_FLAG_NULL_MEDIUM;COARSE_ICD_NODE;TREATMENT_CONTAMINATED;PSYCH_DETECTED,injuries.overall_category;plaintiff.age_at_accident,0.375,3,0,1,1,0,0,0,0,0,0,0,0,0,0,inj_003,
HKDC_2006_209.html.txt,2006_HKDC_209.json,[2006] HKDC 209,[2006] HKDC 209,DCPI 1056/2004,[2006] HKDC 209,clean,20,RED_FLAG_NULL_MEDIUM;NULL_ICD_OTHER;INJURY_MULTI_BODY_PART;NULL_ICD_SYMPTOM;UNLINKED_MANIFESTATION;UNLINKED_LOSS;PSYCH_DETECTED,injuries.overall_category;plaintiff.age_at_accident,0.458,4,2,1,0,0,0,2,6,1,0,0,0,1,1,,
HKDC_2006_391.html.txt,2006_HKDC_391.json,[2006] HKDC 391,[2006] HKDC 391,DCPI 1706/2005,[2006] HKDC 391,clean,20,RED_FLAG_NULL;RED_FLAG_NULL_MEDIUM;INJURY_MULTI_BODY_PART;UNLINKED_MANIFESTATION,plaintiff.gender;injuries.overall_category,0.458,3,0,0,0,0,0,1,6,0,0,0,0,0,0,,
HKCFI_2007_292.html.txt,2007_HKCFI_292.json,[2007] HKCFI 292,[2007] HKCFI 292,HCPI 1026/2004,[2007] HKCFI 292,clean,20,RED_FLAG_NULL;COARSE_ICD_NODE;UNLINKED_MANIFESTATION,plaintiff.gender,0.375,3,0,0,2,0,0,0,6,0,0,0,0,0,0,,
HKCFI_2007_325.html.txt,2007_HKCFI_325.json,[2007] HKCFI 325,[2007] HKCFI 325,HCPI 511/2005,[2007] HKCFI 325,clean,20,RED_FLAG_NULL_MEDIUM;NULL_RATIO_HIGH;NULL_ICD_OTHER;NULL_ICD_PSYCH;PSYCH_DETECTED,injuries.overall_category;plaintiff.age_at_accident,0.542,3,3,1,0,0,0,0,0,0,1,0,0,0,2,inj_003,
HKCFI_2007_479.html.txt,2007_HKCFI_479.json,[2007] HKCFI 479,[2007] HKCFI 479,HCPI 1168/2005,[2007] HKCFI 479,clean,20,ICD_STOPPED_EARLY;NULL_ICD_PSYCH;NULL_ICD_PREEXISTING;INJURY_MULTI_BODY_PART;PSYCH_DETECTED,plaintiff.age_at_accident,0.333,4,2,1,0,1,0,1,0,0,1,1,0,0,0,inj_003,
HKDC_2007_12.html.txt,2007_HKDC_12.json,[2007] HKDC 12,[2007] HKDC 12,DCPI 1478/2005,[2007] HKDC 12,clean,20,RED_FLAG_NULL;RED_FLAG_NULL_MEDIUM;INJURY_MULTI_BODY_PART;UNLINKED_MANIFESTATION,plaintiff.gender;injuries.overall_category,0.375,4,0,0,0,0,0,1,2,0,0,0,0,0,0,,
HKDC_2007_183.html.txt,2007_HKDC_183.json,[2007] HKDC 183,[2007] HKDC 183,DCPI 1988/2006,[2007] HKDC 183,clean,20,RED_FLAG_NULL;RED_FLAG_NULL_MEDIUM;UNLINKED_MANIFESTATION;UNLINKED_LOSS;NO_COMPARABLE,plaintiff.gender;injuries.overall_category;plaintiff.age_at_accident,0.417,2,0,0,0,0,0,0,1,3,0,0,0,0,0,,
HKDC_2007_349.html.txt,2007_HKDC_349.json,[2007] HKDC 349,[2007] HKDC 349,DCPI 1594/2006,[2007] HKDC 349,clean,20,RED_FLAG_NULL_MEDIUM;NULL_RATIO_HIGH;INJURY_MULTI_BODY_PART;UNLINKED_MANIFESTATION;UNLINKED_LOSS,injuries.overall_category;plaintiff.occupation_before,0.583,4,0,0,0,0,0,2,6,1,0,0,0,0,0,,
HKCFI_2008_394.html.txt,2008_HKCFI_394.json,[2008] HKCFI 394,[2008] HKCFI 394,HCPI 916/2006,[2008] HKCFI 394,clean,20,RED_FLAG_NULL_MEDIUM;NULL_RATIO_HIGH;COARSE_ICD_NODE,injuries.overall_category,0.542,1,0,0,1,0,0,0,0,0,0,0,0,0,0,,
HKCFI_2008_772.html.txt,2008_HKCFI_772.json,[2008] HKCFI 772,[2008] HKCFI 772,HCPI 393/2006,[2008] HKCFI 772,clean,20,RED_FLAG_NULL_MEDIUM;NULL_RATIO_HIGH;NULL_ICD_PSYCH;PSYCH_DETECTED;NO_COMPARABLE,injuries.overall_category;plaintiff.age_at_accident,0.542,3,1,1,0,0,0,0,0,0,1,0,0,0,0,inj_003,
HKCFI_2009_837.html.txt,2009_HKCFI_837.json,[2009] HKCFI 837,[2009] HKCFI 837,HCPI 601/2008,[2009] HKCFI 837,clean,20,ICD_STOPPED_EARLY;INJURY_MULTI_BODY_PART;COARSE_ICD_NODE;NULL_ICD_OTHER;PSYCH_DETECTED,plaintiff.age_at_accident,0.458,8,1,1,1,2,0,3,0,0,0,0,0,0,1,inj_003,
HKCFI_2009_880.html.txt,2009_HKCFI_880.json,[2009] HKCFI 880,[2009] HKCFI 880,HCPI 776/2007,[2009] HKCFI 880,clean,20,RED_FLAG_NULL_MEDIUM;COARSE_ICD_NODE;INJURY_MULTI_BODY_PART;NULL_ICD_OTHER;UNLINKED_MANIFESTATION,injuries.overall_category;plaintiff.age_at_accident,0.375,6,1,0,3,0,0,2,1,0,0,0,0,0,1,,
HKCFI_2010_1034.html.txt,2010_HKCFI_1034.json,[2010] HKCFI 1034,[2010] HKCFI 1034,HCPI 237/2008,[2010] HKCFI 1034,clean,20,RED_FLAG_NULL_MEDIUM;ICD_STOPPED_EARLY;COARSE_ICD_NODE,injuries.overall_category,0.417,2,0,0,2,1,0,0,0,0,0,0,0,0,0,,
HKCFI_2010_773.html.txt,2010_HKCFI_773.json,[2010] HKCFI 773,[2010] HKCFI 773,HCPI 698/2009,[2010] HKCFI 773,clean,20,NULL_RATIO_HIGH;COARSE_ICD_NODE;UNLINKED_MANIFESTATION;PSYCH_DETECTED;NO_PSLA_AMOUNT;NO_COMPARABLE,psla.amount,0.542,1,0,1,1,0,0,0,2,0,0,0,0,0,0,,
HKDC_2010_302.html.txt,2010_HKDC_302.json,[2010] HKDC 302,[2010] HKDC 302,DCPI 880/2010,[2010] HKDC 302,clean,20,RED_FLAG_NULL;RED_FLAG_NULL_MEDIUM;UNLINKED_MANIFESTATION;UNLINKED_LOSS;PSYCH_DETECTED,plaintiff.gender;injuries.overall_category,0.458,1,0,1,0,0,0,0,3,1,0,0,0,0,0,,
HKDC_2010_42.html.txt,2010_HKDC_42.json,[2010] HKDC 42,[2010] HKDC 42,DCPI 1846/2008,[2010] HKDC 42,clean,20,RED_FLAG_NULL_MEDIUM;NULL_RATIO_HIGH;NULL_ICD_PSYCH;NULL_ICD_OTHER;PSYCH_DETECTED,injuries.overall_category;plaintiff.age_at_accident,0.542,3,2,1,0,0,0,0,0,0,1,0,0,0,1,inj_002,
HKCFI_2011_1637.html.txt,2011_HKCFI_1637.json,[2011] HKCFI 1637,[2011] HKCFI 1637,HCPI 692/2009,[2011] HKCFI 1637,clean,20,RED_FLAG_NULL;NULL_ICD_PSYCH;INJURY_MULTI_BODY_PART;NULL_ICD_OTHER;PSYCH_DETECTED,plaintiff.gender,0.375,3,2,1,0,0,0,1,0,0,1,0,0,0,1,inj_001,
HKCFI_2011_362.html.txt,2011_HKCFI_362.json,[2011] HKCFI 362,[2011] HKCFI 362,HCPI 439/2009,[2011] HKCFI 362,clean,20,NULL_ICD_SYMPTOM;INJURY_MULTI_BODY_PART;NULL_ICD_PSYCH;UNLINKED_MANIFESTATION;UNLINKED_LOSS;PSYCH_DETECTED;NO_COMPARABLE,,0.292,3,2,1,0,0,0,2,6,2,1,0,0,1,0,inj_003,
HKDC_2011_1562.html.txt,2011_HKDC_1562.json,[2011] HKDC 1562,[2011] HKDC 1562,DCPI 1603/2010,[2011] HKDC 1562,clean,20,RED_FLAG_NULL;RED_FLAG_NULL_MEDIUM;UNLINKED_MANIFESTATION;UNLINKED_LOSS;PSYCH_DETECTED,plaintiff.gender;injuries.overall_category;plaintiff.age_at_accident,0.417,2,0,1,0,0,0,0,1,1,0,0,0,0,0,,
HKCFI_2012_1692.html.txt,2012_HKCFI_1692.json,[2012] HKCFI 1692,[2012] HKCFI 1692,HCPI 494/2010,[2012] HKCFI 1692,clean,20,RED_FLAG_NULL;NULL_RATIO_HIGH;UNLINKED_MANIFESTATION,plaintiff.gender;plaintiff.age_at_accident,0.542,2,0,0,0,0,0,0,5,0,0,0,0,0,0,,
HKCFI_2013_714.html.txt,2013_HKCFI_714.json,[2013] HKCFI 714,[2013] HKCFI 714,HCPI 686/2010,[2013] HKCFI 714,clean,20,RED_FLAG_NULL_MEDIUM;ICD_STOPPED_EARLY;INJURY_MULTI_BODY_PART;UNLINKED_MANIFESTATION;UNLINKED_LOSS;NO_COMPARABLE,injuries.overall_category;plaintiff.age_at_accident,0.375,5,0,0,0,1,0,1,3,3,0,0,0,0,0,,
HKDC_2014_1017.html.txt,2014_HKDC_1017.json,[2014] HKDC 1017,[2014] HKDC 1017,DCPI 1883/2012,[2014] HKDC 1017,clean,20,NULL_RATIO_HIGH;COARSE_ICD_NODE;INJURY_MULTI_BODY_PART;NO_PSLA_AMOUNT;MULTI_PLAINTIFF,plaintiff.age_at_accident;psla.amount,0.500,3,0,0,1,0,0,1,0,0,0,0,0,0,0,,
HKDC_2014_1036.html.txt,2014_HKDC_1036.json,[2014] HKDC 1036,[2014] HKDC 1036,DCPI 41/2013,[2014] HKDC 1036,clean,20,RED_FLAG_NULL;UNLINKED_MANIFESTATION;TREATMENT_CONTAMINATED;NO_COMPARABLE,plaintiff.gender,0.333,3,0,0,0,0,0,0,4,0,0,0,0,0,0,,
HKCFI_2015_942.html.txt,2015_HKCFI_942.json,[2015] HKCFI 942,[2015] HKCFI 942,HCPI 653/2012,[2015] HKCFI 942,clean,20,RED_FLAG_NULL_MEDIUM;COARSE_ICD_NODE;NULL_ICD_PSYCH;UNLINKED_LOSS;PSYCH_DETECTED,injuries.overall_category;plaintiff.age_at_accident,0.458,2,1,1,1,0,0,0,0,1,1,0,0,0,0,inj_002,
HKDC_2015_1397.html.txt,2015_HKDC_1397.json,[2015] HKDC 1397,[2015] HKDC 1397,DCPI 2354/2014,[2015] HKDC 1397,clean,20,RED_FLAG_NULL_MEDIUM;COARSE_ICD_NODE;NULL_ICD_PSYCH;UNLINKED_LOSS;PSYCH_DETECTED,injuries.overall_category,0.333,2,1,1,1,0,0,0,0,1,1,0,0,0,0,inj_002,
HKDC_2015_746.html.txt,2015_HKDC_746.json,[2015] HKDC 746,[2015] HKDC 746,DCPI 1562/2012,[2015] HKDC 746,clean,20,RED_FLAG_NULL_MEDIUM;COARSE_ICD_NODE;PSYCH_DETECTED;PSYCH_NO_PERSONALITY_CHANGE_LOSS,injuries.overall_category,0.417,1,0,1,1,0,0,0,0,0,0,0,0,0,0,inj_001,
HKCFI_2016_619.html.txt,2016_HKCFI_619.json,[2016] HKCFI 619,[2016] HKCFI 619,HCPI 518/2012,[2016] HKCFI 619,clean,20,RED_FLAG_NULL_MEDIUM;COARSE_ICD_NODE;NULL_ICD_OTHER;INJURY_MULTI_BODY_PART;UNLINKED_MANIFESTATION;PSYCH_DETECTED;NO_COMPARABLE,injuries.overall_category,0.417,5,1,1,1,0,0,1,2,0,0,0,0,0,1,inj_005,
HKDC_2016_926.html.txt,2016_HKDC_926.json,[2016] HKDC 926,[2016] HKDC 926,DCPI 1041/2013,[2016] HKDC 926,clean,20,RED_FLAG_NULL_MEDIUM;NULL_RATIO_HIGH;COARSE_ICD_NODE,injuries.overall_category,0.500,2,0,0,1,0,0,0,0,0,0,0,0,0,0,,
HKDC_2017_360.html.txt,2017_HKDC_360.json,[2017] HKDC 360,[2017] HKDC 360,DCPI 2540/2014,[2017] HKDC 360,clean,20,RED_FLAG_NULL_MEDIUM;INJURY_MULTI_BODY_PART;COARSE_ICD_NODE;NULL_ICD_OTHER;UNLINKED_MANIFESTATION;UNLINKED_LOSS,injuries.overall_category,0.333,8,1,0,1,0,0,2,6,1,0,0,0,0,1,,
HKDC_2018_70.html.txt,2018_HKDC_70.json,[2018] HKDC 70,[2018] HKDC 70,DCPI 2514/2015,[2018] HKDC 70,clean,20,RED_FLAG_NULL_MEDIUM;NULL_RATIO_HIGH;NULL_ICD_PSYCH;PSYCH_DETECTED;NO_PSLA_AMOUNT,injuries.overall_category;psla.amount,0.583,1,1,1,0,0,0,0,0,0,1,0,0,0,0,inj_001,
HKDC_2019_1393.html.txt,2019_HKDC_1393.json,[2019] HKDC 1393,[2019] HKDC 1393,DCPI 473/2018,[2019] HKDC 1393,clean,20,RED_FLAG_NULL_MEDIUM;NULL_RATIO_HIGH;COARSE_ICD_NODE,injuries.overall_category;plaintiff.age_at_accident,0.583,1,0,0,1,0,0,0,0,0,0,0,0,0,0,,
HKCFI_1976_12.html.txt,1976_HKCFI_12.json,[1976] HKCFI 12,[1976] HKCFI 12,HCA 1711/1973,[1976] HKCFI 12,clean,19,RED_FLAG_NULL;RED_FLAG_NULL_MEDIUM;NULL_ICD_PREEXISTING,plaintiff.gender;injuries.overall_category;plaintiff.age_at_accident,0.458,2,1,0,0,0,0,0,0,0,0,1,0,0,0,,
HKCFI_1976_86.html.txt,1976_HKCFI_86.json,[1976] HKCFI 86,[1976] HKCFI 86,HCPI 863/1976,[1976] HKCFI 86,clean,19,RED_FLAG_NULL;RED_FLAG_NULL_MEDIUM;UNLINKED_MANIFESTATION;UNLINKED_LOSS,plaintiff.gender;injuries.overall_category;plaintiff.age_at_accident,0.458,2,0,0,0,0,0,0,4,3,0,0,0,0,0,,
HKCFI_1979_115.html.txt,1979_HKCFI_115.json,[1979] HKCFI 115,[1979] HKCFI 115,HCA 1546/1974,[1979] HKCFI 115,clean,19,ICD_STOPPED_EARLY;NULL_ICD_OTHER;COARSE_ICD_NODE;UNLINKED_MANIFESTATION;UNLINKED_LOSS,,0.417,6,1,0,1,1,0,0,1,2,0,0,0,0,1,,
HKCFI_1982_161.html.txt,1982_HKCFI_161.json,[1982] HKCFI 161,[1982] HKCFI 161,HCA 2800/1981,[1982] HKCFI 161,clean,19,RED_FLAG_NULL;RED_FLAG_NULL_MEDIUM;INJURY_MULTI_BODY_PART;NO_COMPARABLE,plaintiff.gender;injuries.overall_category,0.375,1,0,0,0,0,0,1,0,0,0,0,0,0,0,,
HKCFI_1983_88.html.txt,1983_HKCFI_88.json,[1983] HKCFI 88,[1983] HKCFI 88,HCA 4150/1983,[1983] HKCFI 88,clean,19,RED_FLAG_NULL;NULL_RATIO_HIGH;NO_COMPARABLE,plaintiff.gender,0.500,2,0,0,0,0,0,0,0,0,0,0,0,0,0,,
HKCFI_1985_229.html.txt,1985_HKCFI_229.json,[1985] HKCFI 229,[1985] HKCFI 229,HCA 8451/1984,[1985] HKCFI 229,clean,19,RED_FLAG_NULL_MEDIUM;COARSE_ICD_NODE;NULL_ICD_SYMPTOM;NO_COMPARABLE,injuries.overall_category;plaintiff.age_at_accident,0.458,3,1,0,1,0,0,0,0,0,0,0,0,1,0,,
HKCFI_1986_326.html.txt,1986_HKCFI_326.json,[1986] HKCFI 326,[1986] HKCFI 326,HCA 11720/1982,[1986] HKCFI 326,clean,19,RED_FLAG_NULL_MEDIUM;COARSE_ICD_NODE;INJURY_MULTI_BODY_PART;UNLINKED_MANIFESTATION;UNLINKED_LOSS,injuries.overall_category,0.417,10,0,0,1,0,0,2,2,1,0,0,0,0,0,,
HKCFI_1986_421.html.txt,1986_HKCFI_421.json,[1986] HKCFI 421,[1986] HKCFI 421,HCA 14011/1983,[1986] HKCFI 421,clean,19,RED_FLAG_NULL;INJURY_MULTI_BODY_PART;UNLINKED_MANIFESTATION;UNLINKED_LOSS;PSYCH_DETECTED;NO_COMPARABLE,plaintiff.gender;plaintiff.age_at_accident,0.458,2,0,1,0,0,0,1,1,1,0,0,0,0,0,,
HKCFI_1987_164.html.txt,1987_HKCFI_164.json,[1987] HKCFI 164,[1987] HKCFI 164,HCA 8165/1984,[1987] HKCFI 164,clean,19,RED_FLAG_NULL_MEDIUM;COARSE_ICD_NODE;UNLINKED_MANIFESTATION;UNLINKED_LOSS;NO_COMPARABLE,injuries.overall_category,0.292,4,0,0,3,0,0,0,4,4,0,0,0,0,0,,
HKCFI_1988_123.html.txt,1988_HKCFI_123.json,[1988] HKCFI 123,[1988] HKCFI 123,HCA 4267/1987,[1988] HKCFI 123,clean,19,RED_FLAG_NULL_MEDIUM;COARSE_ICD_NODE;NULL_ICD_PREEXISTING,injuries.overall_category;plaintiff.age_at_accident,0.375,7,1,0,4,0,0,0,0,0,0,1,0,0,0,,
HKCFI_1988_196.html.txt,1988_HKCFI_196.json,[1988] HKCFI 196,[1988] HKCFI 196,HCA 2074/1987,[1988] HKCFI 196,clean,19,COARSE_ICD_NODE;NULL_ICD_BURN;NULL_ICD_PSYCH;PSYCH_DETECTED,plaintiff.age_at_accident,0.458,5,3,1,2,0,0,0,0,0,2,0,1,0,0,"inj_004,inj_005",
HKCFI_1990_121.html.txt,1990_HKCFI_121.json,[1990] HKCFI 121,[1990] HKCFI 121,HCA 2703/1988,[1990] HKCFI 121,clean,19,RED_FLAG_NULL;COARSE_ICD_NODE;UNLINKED_MANIFESTATION,plaintiff.gender;plaintiff.age_at_accident,0.417,3,0,0,1,0,0,0,9,0,0,0,0,0,0,,
HKCFI_1995_248.html.txt,1995_HKCFI_248.json,[1995] HKCFI 248,[1995] HKCFI 248,HCPI 179/1995,[1995] HKCFI 248,clean,19,NULL_RATIO_HIGH;ICD_STOPPED_EARLY;UNLINKED_MANIFESTATION;UNLINKED_LOSS,,0.500,4,0,0,0,1,0,0,5,3,0,0,0,0,0,,
HKCFI_1996_526.html.txt,1996_HKCFI_526.json,[1996] HKCFI 526,[1996] HKCFI 526,HCPI 1026/1995,[1996] HKCFI 526,clean,19,RED_FLAG_NULL_MEDIUM;COARSE_ICD_NODE;NULL_ICD_PREEXISTING;INJURY_MULTI_BODY_PART,injuries.overall_category,0.250,4,1,0,1,0,0,1,0,0,0,1,0,0,0,,
HKCFI_1997_839.html.txt,1997_HKCFI_839.json,[1997] HKCFI 839,[1997] HKCFI 839,HCPI 710/1996,[1997] HKCFI 839,clean,19,ICD_STOPPED_EARLY;COARSE_ICD_NODE;INJURY_MULTI_BODY_PART;UNLINKED_LOSS,,0.333,5,0,0,1,1,0,1,0,1,0,0,0,0,0,,
HKCFI_1998_52.html.txt,1998_HKCFI_52.json,[1998] HKCFI 52,[1998] HKCFI 52,HCPI 541/1997,[1998] HKCFI 52,clean,19,RED_FLAG_NULL;UNLINKED_MANIFESTATION;TREATMENT_CONTAMINATED,plaintiff.gender,0.375,4,0,0,0,0,0,0,2,0,0,0,0,0,0,,
HKCFI_2000_670.html.txt,2000_HKCFI_670.json,[2000] HKCFI 670,[2000] HKCFI 670,HCPI 317/1999,[2000] HKCFI 670,clean,19,RED_FLAG_NULL;RED_FLAG_NULL_MEDIUM;UNLINKED_MANIFESTATION;UNLINKED_LOSS,plaintiff.gender;injuries.overall_category,0.458,3,0,0,0,0,0,0,2,1,0,0,0,0,0,,
HKCFI_2001_1150.html.txt,2001_HKCFI_1150.json,[2001] HKCFI 1150,[2001] HKCFI 1150,HCPI 570/1999,[2001] HKCFI 1150,clean,19,ICD_STOPPED_EARLY;COARSE_ICD_NODE;INJURY_MULTI_BODY_PART;NO_COMPARABLE;MULTI_PLAINTIFF,,0.208,4,0,0,1,1,0,1,0,0,0,0,0,0,0,,
HKCFI_2002_1012.html.txt,2002_HKCFI_1012.json,[2002] HKCFI 1012,[2002] HKCFI 1012,HCPI 1184/1998,[2002] HKCFI 1012,clean,19,RED_FLAG_NULL;RED_FLAG_NULL_MEDIUM;INJURY_MULTI_BODY_PART;NO_COMPARABLE,plaintiff.gender;injuries.overall_category;plaintiff.age_at_accident,0.458,3,0,0,0,0,0,1,0,0,0,0,0,0,0,,
HKCFI_2002_833.html.txt,2002_HKCFI_833.json,[2002] HKCFI 833,[2002] HKCFI 833,HCPI 1286/1999,[2002] HKCFI 833,clean,19,ICD_STOPPED_EARLY;NULL_ICD_OTHER;COARSE_ICD_NODE;PSYCH_DETECTED;NO_COMPARABLE,,0.417,6,2,1,1,3,0,0,0,0,0,0,0,0,2,,
HKDC_2003_191.html.txt,2003_HKDC_191.json,[2003] HKDC 191,[2003] HKDC 191,DCPI 196/2003,[2003] HKDC 191,clean,19,NULL_RATIO_HIGH;ICD_STOPPED_EARLY;INJURY_MULTI_BODY_PART,plaintiff.age_at_accident;plaintiff.occupation_before,0.542,2,0,0,0,2,0,1,0,0,0,0,0,0,0,,
HKDC_2003_82.html.txt,2003_HKDC_82.json,[2003] HKDC 82,[2003] HKDC 82,DCPI 229/2002,[2003] HKDC 82,clean,19,RED_FLAG_NULL_MEDIUM;NULL_RATIO_HIGH;NULL_ICD_PSYCH;PSYCH_DETECTED,injuries.overall_category;plaintiff.age_at_accident,0.583,3,1,1,0,0,0,0,0,0,1,0,0,0,0,inj_003,
HKCFI_2004_1017.html.txt,2004_HKCFI_1017.json,[2004] HKCFI 1017,[2004] HKCFI 1017,HCPI 592/2003,[2004] HKCFI 1017,clean,19,RED_FLAG_NULL_MEDIUM;COARSE_ICD_NODE;NULL_ICD_OTHER;INJURY_MULTI_BODY_PART;UNLINKED_MANIFESTATION,injuries.overall_category,0.375,3,1,0,2,0,0,1,1,0,0,0,0,0,1,,
HKCFI_2004_1059.html.txt,2004_HKCFI_1059.json,[2004] HKCFI 1059,[2004] HKCFI 1059,HCPI 1335/2003,[2004] HKCFI 1059,clean,19,RED_FLAG_NULL;RED_FLAG_NULL_MEDIUM;UNLINKED_LOSS;PSYCH_DETECTED;NO_COMPARABLE,plaintiff.gender;injuries.overall_category,0.417,3,0,1,0,0,0,0,0,1,0,0,0,0,0,inj_003,
HKCFI_2004_448.html.txt,2004_HKCFI_448.json,[2004] HKCFI 448,[2004] HKCFI 448,HCPI 3/2003,[2004] HKCFI 448,clean,19,RED_FLAG_NULL;RED_FLAG_NULL_MEDIUM;INJURY_MULTI_BODY_PART;NO_COMPARABLE,plaintiff.gender;injuries.overall_category;plaintiff.age_at_accident,0.375,1,0,0,0,0,0,1,0,0,0,0,0,0,0,,
HKCFI_2005_639.html.txt,2005_HKCFI_639.json,[2005] HKCFI 639,[2005] HKCFI 639,HCPI 168/2004,[2005] HKCFI 639,clean,19,RED_FLAG_NULL_MEDIUM;COARSE_ICD_NODE;NULL_ICD_PSYCH;PSYCH_DETECTED;NO_COMPARABLE,injuries.overall_category,0.458,2,1,1,1,0,0,0,0,0,1,0,0,0,0,inj_002,
HKDC_2005_190.html.txt,2005_HKDC_190.json,[2005] HKDC 190,[2005] HKDC 190,DCPI 412/2004,[2005] HKDC 190,clean,19,RED_FLAG_NULL_MEDIUM;COARSE_ICD_NODE;INJURY_MULTI_BODY_PART;UNLINKED_MANIFESTATION;UNLINKED_LOSS,injuries.overall_category,0.458,3,0,0,1,0,0,2,1,2,0,0,0,0,0,,
HKCFI_2007_1005.html.txt,2007_HKCFI_1005.json,[2007] HKCFI 1005,[2007] HKCFI 1005,HCPI 545/2001,[2007] HKCFI 1005,clean,19,RED_FLAG_NULL_MEDIUM;INJURY_MULTI_BODY_PART;NULL_ICD_OTHER;NULL_ICD_SYMPTOM;UNLINKED_MANIFESTATION;UNLINKED_LOSS,injuries.overall_category,0.375,5,2,0,0,0,0,1,6,2,0,0,0,1,1,,
HKCFI_2007_1209.html.txt,2007_HKCFI_1209.json,[2007] HKCFI 1209,[2007] HKCFI 1209,HCPI 172/2006,[2007] HKCFI 1209,clean,19,RED_FLAG_NULL_MEDIUM;COARSE_ICD_NODE;INJURY_MULTI_BODY_PART;UNLINKED_MANIFESTATION;NO_COMPARABLE,injuries.overall_category,0.250,4,0,0,2,0,0,2,1,0,0,0,0,0,0,,
HKCFI_2007_998.html.txt,2007_HKCFI_998.json,[2007] HKCFI 998,[2007] HKCFI 998,HCPI 53/2006,[2007] HKCFI 998,clean,19,RED_FLAG_NULL_MEDIUM;ICD_STOPPED_EARLY;COARSE_ICD_NODE,injuries.overall_category;plaintiff.age_at_accident,0.375,2,0,0,1,1,0,0,0,0,0,0,0,0,0,,
HKDC_2007_134.html.txt,2007_HKDC_134.json,[2007] HKDC 134,[2007] HKDC 134,DCPI 342/2002,[2007] HKDC 134,clean,19,RED_FLAG_NULL;RED_FLAG_NULL_MEDIUM;INJURY_MULTI_BODY_PART;NULL_ICD_OTHER,plaintiff.gender;injuries.overall_category,0.333,3,1,0,0,0,0,2,0,0,0,0,0,0,1,,
HKCFI_2008_246.html.txt,2008_HKCFI_246.json,[2008] HKCFI 246,[2008] HKCFI 246,HCPI 263/2006,[2008] HKCFI 246,clean,19,RED_FLAG_NULL_MEDIUM;COARSE_ICD_NODE;TREATMENT_CONTAMINATED,injuries.overall_category;plaintiff.age_at_accident,0.417,2,0,0,1,0,0,0,0,0,0,0,0,0,0,,
HKDC_2008_134.html.txt,2008_HKDC_134.json,[2008] HKDC 134,[2008] HKDC 134,DCPI 1127/2006,[2008] HKDC 134,clean,19,RED_FLAG_NULL_MEDIUM;INJURY_MULTI_BODY_PART;COARSE_ICD_NODE;UNLINKED_MANIFESTATION;UNLINKED_LOSS,injuries.overall_category;plaintiff.occupation_before,0.458,4,0,0,1,0,0,1,4,1,0,0,0,0,0,,
HKDC_2008_571.html.txt,2008_HKDC_571.json,[2008] HKDC 571,[2008] HKDC 571,DCPI 1597/2007,[2008] HKDC 571,clean,19,RED_FLAG_NULL_MEDIUM;INJURY_MULTI_BODY_PART;UNLINKED_MANIFESTATION;UNLINKED_LOSS;TREATMENT_CONTAMINATED,injuries.overall_category,0.458,4,0,0,0,0,0,1,4,3,0,0,0,0,0,,
HKDC_2009_171.html.txt,2009_HKDC_171.json,[2009] HKDC 171,[2009] HKDC 171,DCPI 2165/2007,[2009] HKDC 171,clean,19,RED_FLAG_NULL;RED_FLAG_NULL_MEDIUM;INJURY_MULTI_BODY_PART;NO_COMPARABLE,plaintiff.gender;injuries.overall_category,0.375,1,0,0,0,0,0,1,0,0,0,0,0,0,0,,
HKDC_2009_42.html.txt,2009_HKDC_42.json,[2009] HKDC 42,[2009] HKDC 42,DCPI 1707/2005,[2009] HKDC 42,clean,19,RED_FLAG_NULL_MEDIUM;NULL_RATIO_HIGH;NULL_ICD_PSYCH;PSYCH_DETECTED,injuries.overall_category;plaintiff.occupation_before,0.542,1,1,1,0,0,0,0,0,0,1,0,0,0,0,inj_001,
HKCFI_2010_397.html.txt,2010_HKCFI_397.json,[2010] HKCFI 397,[2010] HKCFI 397,HCPI 740/2008,[2010] HKCFI 397,clean,19,RED_FLAG_NULL;INJURY_MULTI_BODY_PART;NULL_ICD_PSYCH;PSYCH_DETECTED,plaintiff.gender,0.375,3,1,1,0,0,0,3,0,0,1,0,0,0,0,inj_002,
HKCFI_2011_295.html.txt,2011_HKCFI_295.json,[2011] HKCFI 295,[2011] HKCFI 295,HCPI 62/2010,[2011] HKCFI 295,clean,19,RED_FLAG_NULL;NULL_ICD_PSYCH;UNLINKED_LOSS;PSYCH_DETECTED;NO_COMPARABLE,plaintiff.gender;plaintiff.age_at_accident,0.417,4,2,1,0,0,0,0,0,3,2,0,0,0,0,"inj_003,inj_004",
HKDC_2011_48.html.txt,2011_HKDC_48.json,[2011] HKDC 48,[2011] HKDC 48,DCPI 1424/2009,[2011] HKDC 48,clean,19,RED_FLAG_NULL_MEDIUM;NULL_RATIO_HIGH;NULL_ICD_PSYCH;PSYCH_DETECTED,injuries.overall_category;plaintiff.age_at_accident,0.500,4,1,1,0,0,0,0,0,0,1,0,0,0,0,inj_004,
HKCFI_2012_1353.html.txt,2012_HKCFI_1353.json,[2012] HKCFI 1353,[2012] HKCFI 1353,HCPI 410/2008,[2012] HKCFI 1353,clean,19,RED_FLAG_NULL_MEDIUM;COARSE_ICD_NODE;UNLINKED_MANIFESTATION;UNLINKED_LOSS,injuries.overall_category,0.208,8,0,0,4,0,0,0,1,4,0,0,0,0,0,,
HKDC_2013_68.html.txt,2013_HKDC_68.json,[2013] HKDC 68,[2013] HKDC 68,DCPI 433/2010,[2013] HKDC 68,clean,19,RED_FLAG_NULL_MEDIUM;NULL_RATIO_HIGH;NULL_ICD_PSYCH;PSYCH_DETECTED,injuries.overall_category,0.500,1,1,1,0,0,0,0,0,0,1,0,0,0,0,inj_001,
HKCFI_2016_1322.html.txt,2016_HKCFI_1322.json,[2016] HKCFI 1322,[2016] HKCFI 1322,HCPI 1206/2014,[2016] HKCFI 1322,clean,19,RED_FLAG_NULL_MEDIUM;INJURY_MULTI_BODY_PART;UNLINKED_MANIFESTATION;ZERO_LOSSES,injuries.overall_category;losses.losses;plaintiff.age_at_accident,0.333,2,0,0,0,0,0,1,1,0,0,0,0,0,0,,
HKCFI_2017_101.html.txt,2017_HKCFI_101.json,[2017] HKCFI 101,[2017] HKCFI 101,HCPI 30/2015,[2017] HKCFI 101,clean,19,RED_FLAG_NULL_MEDIUM;COARSE_ICD_NODE;NULL_ICD_PSYCH;PSYCH_DETECTED,injuries.overall_category,0.333,3,1,1,2,0,0,0,0,0,1,0,0,0,0,inj_003,
HKDC_2018_1029.html.txt,2018_HKDC_1029.json,[2018] HKDC 1029,[2018] HKDC 1029,DCPI 1725/2015,[2018] HKDC 1029,clean,19,NULL_RATIO_HIGH;COARSE_ICD_NODE;UNLINKED_MANIFESTATION;NO_COMPARABLE,plaintiff.age_at_accident,0.542,4,0,0,2,0,0,0,1,0,0,0,0,0,0,,
HKDC_2018_1054.html.txt,2018_HKDC_1054.json,[2018] HKDC 1054,[2018] HKDC 1054,DCPI 1607/2016,[2018] HKDC 1054,clean,19,RED_FLAG_NULL_MEDIUM;ICD_STOPPED_EARLY;COARSE_ICD_NODE,injuries.overall_category,0.250,3,0,0,1,1,0,0,0,0,0,0,0,0,0,,
HKCFI_1974_53.html.txt,1974_HKCFI_53.json,[1974] HKCFI 53,[1974] HKCFI 53,HCA 3733/1973,[1974] HKCFI 53,clean,18,RED_FLAG_NULL_MEDIUM;COARSE_ICD_NODE;INJURY_MULTI_BODY_PART;UNLINKED_MANIFESTATION;NO_COMPARABLE,injuries.overall_category,0.417,3,0,0,1,0,0,1,1,0,0,0,0,0,0,,
HKCFI_1975_14.html.txt,1975_HKCFI_14.json,[1975] HKCFI 14,[1975] HKCFI 14,HCA 1269/1974,[1975] HKCFI 14,clean,18,RED_FLAG_NULL_MEDIUM;COARSE_ICD_NODE;INJURY_MULTI_BODY_PART;UNLINKED_MANIFESTATION,injuries.overall_category,0.417,6,0,0,2,0,0,2,1,0,0,0,0,0,0,,
HKCFI_1976_32.html.txt,1976_HKCFI_32.json,[1976] HKCFI 32,[1976] HKCFI 32,HCA 2720/1975,[1976] HKCFI 32,clean,18,RED_FLAG_NULL_MEDIUM;NULL_RATIO_HIGH;NULL_ICD_BURN,injuries.overall_category;plaintiff.occupation_before,0.583,2,2,0,0,0,0,0,0,0,0,0,2,0,0,,
HKCFI_1979_59.html.txt,1979_HKCFI_59.json,[1979] HKCFI 59,[1979] HKCFI 59,HCA 4241/1978,[1979] HKCFI 59,clean,18,RED_FLAG_NULL_MEDIUM;COARSE_ICD_NODE;INJURY_MULTI_BODY_PART;UNLINKED_MANIFESTATION,injuries.overall_category;plaintiff.age_at_accident,0.417,4,0,0,2,0,0,1,1,0,0,0,0,0,0,,
HKDC_1979_25.html.txt,1979_HKDC_25.json,[1979] HKDC 25,[1979] HKDC 25,DCCJ 9048/1978,[1979] HKDC 25,clean,18,NULL_RATIO_HIGH;COARSE_ICD_NODE;INJURY_MULTI_BODY_PART,plaintiff.occupation_before,0.542,1,0,0,1,0,0,1,0,0,0,0,0,0,0,,
HKCFI_1982_27.html.txt,1982_HKCFI_27.json,[1982] HKCFI 27,[1982] HKCFI 27,HCA 2384/1979,[1982] HKCFI 27,clean,18,RED_FLAG_NULL;RED_FLAG_NULL_MEDIUM;UNLINKED_LOSS;NO_COMPARABLE,plaintiff.gender;injuries.overall_category,0.375,2,0,0,0,0,0,0,0,1,0,0,0,0,0,,
HKCFI_1983_199.html.txt,1983_HKCFI_199.json,[1983] HKCFI 199,[1983] HKCFI 199,HCA 7545/1981,[1983] HKCFI 199,clean,18,RED_FLAG_NULL_MEDIUM;NULL_RATIO_HIGH;UNLINKED_LOSS;NO_PSLA_AMOUNT;NO_COMPARABLE;MULTI_PLAINTIFF,injuries.overall_category;plaintiff.occupation_before;psla.amount,0.625,4,0,0,0,0,0,0,0,1,0,0,0,0,0,,
HKCFI_1983_80.html.txt,1983_HKCFI_80.json,[1983] HKCFI 80,[1983] HKCFI 80,HCA 1427/1983,[1983] HKCFI 80,clean,18,NULL_RATIO_HIGH;ICD_STOPPED_EARLY;NULL_ICD_OTHER;UNLINKED_MANIFESTATION,plaintiff.occupation_before,0.500,5,1,0,0,1,0,0,2,0,0,0,0,0,1,,
HKCFI_1985_205.html.txt,1985_HKCFI_205.json,[1985] HKCFI 205,[1985] HKCFI 205,HCA 6264/1984,[1985] HKCFI 205,clean,18,RED_FLAG_NULL_MEDIUM;INJURY_MULTI_BODY_PART;COARSE_ICD_NODE;UNLINKED_LOSS;NO_COMPARABLE,injuries.overall_category,0.417,3,0,0,1,0,0,3,0,2,0,0,0,0,0,,
HKCFI_1985_402.html.txt,1985_HKCFI_402.json,[1985] HKCFI 402,[1985] HKCFI 402,HCA 7773/1984,[1985] HKCFI 402,clean,18,RED_FLAG_NULL;NULL_RATIO_HIGH,plaintiff.gender;plaintiff.age_at_accident;plaintiff.occupation_before,0.625,1,0,0,0,0,0,0,0,0,0,0,0,0,0,,
HKCFI_1986_394.html.txt,1986_HKCFI_394.json,[1986] HKCFI 394,[1986] HKCFI 394,HCA 6239/1984,[1986] HKCFI 394,clean,18,RED_FLAG_NULL_MEDIUM;COARSE_ICD_NODE;INJURY_MULTI_BODY_PART;NO_COMPARABLE,injuries.overall_category;plaintiff.age_at_accident,0.333,3,0,0,3,0,0,1,0,0,0,0,0,0,0,,
HKCFI_1997_187.html.txt,1997_HKCFI_187.json,[1997] HKCFI 187,[1997] HKCFI 187,HCPI 797/1996,[1997] HKCFI 187,clean,18,RED_FLAG_NULL;NULL_RATIO_HIGH,plaintiff.gender;plaintiff.age_at_accident,0.500,1,0,0,0,0,0,0,0,0,0,0,0,0,0,,
HKCFI_1997_286.html.txt,1997_HKCFI_286.json,[1997] HKCFI 286,[1997] HKCFI 286,HCPI 166/1995,[1997] HKCFI 286,clean,18,RED_FLAG_NULL;NULL_RATIO_HIGH,plaintiff.gender;plaintiff.age_at_accident,0.542,1,0,0,0,0,0,0,0,0,0,0,0,0,0,,
HKCFI_2000_224.html.txt,2000_HKCFI_224.json,[2000] HKCFI 224,[2000] HKCFI 224,HCPI 725/1997,[2000] HKCFI 224,clean,18,RED_FLAG_NULL;NULL_RATIO_HIGH,plaintiff.gender,0.542,1,0,0,0,0,0,0,0,0,0,0,0,0,0,,
HKCFI_2000_499.html.txt,2000_HKCFI_499.json,[2000] HKCFI 499,[2000] HKCFI 499,HCPI 1085/1999,[2000] HKCFI 499,clean,18,RED_FLAG_NULL;COARSE_ICD_NODE,plaintiff.gender,0.208,4,0,0,2,0,0,0,0,0,0,0,0,0,0,,
HKCFI_2002_566.html.txt,2002_HKCFI_566.json,[2002] HKCFI 566,[2002] HKCFI 566,HCPI 742/2000,[2002] HKCFI 566,clean,18,RED_FLAG_NULL;COARSE_ICD_NODE,plaintiff.gender,0.208,3,0,0,2,0,0,0,0,0,0,0,0,0,0,,
HKCFI_2002_758.html.txt,2002_HKCFI_758.json,[2002] HKCFI 758,[2002] HKCFI 758,HCPI 1404/2000,[2002] HKCFI 758,clean,18,COARSE_ICD_NODE;INJURY_MULTI_BODY_PART;NULL_ICD_PREEXISTING;NO_COMPARABLE,plaintiff.age_at_accident,0.375,6,1,0,4,0,0,1,0,0,0,1,0,0,0,,
HKCFI_2003_147.html.txt,2003_HKCFI_147.json,[2003] HKCFI 147,[2003] HKCFI 147,HCPI 1039/2001,[2003] HKCFI 147,clean,18,RED_FLAG_NULL_MEDIUM;COARSE_ICD_NODE;INJURY_MULTI_BODY_PART;PSYCH_DETECTED;NO_COMPARABLE,injuries.overall_category,0.375,7,0,1,2,0,0,1,0,0,0,0,0,0,0,,
HKCFI_2004_985.html.txt,2004_HKCFI_985.json,[2004] HKCFI 985,[2004] HKCFI 985,HCPI 70/2003,[2004] HKCFI 985,clean,18,RED_FLAG_NULL_MEDIUM;ICD_STOPPED_EARLY;UNLINKED_MANIFESTATION;UNLINKED_LOSS;NO_COMPARABLE,injuries.overall_category;plaintiff.age_at_accident,0.333,6,0,0,0,2,0,0,13,3,0,0,0,0,0,,
HKCFI_2005_91.html.txt,2005_HKCFI_91.json,[2005] HKCFI 91,[2005] HKCFI 91,HCPI 1061/2003,[2005] HKCFI 91,clean,18,RED_FLAG_NULL_MEDIUM;INJURY_MULTI_BODY_PART;ZERO_LOSSES;NO_COMPARABLE,injuries.overall_category;losses.losses,0.417,1,0,0,0,0,0,1,0,0,0,0,0,0,0,,
HKCFI_2007_402.html.txt,2007_HKCFI_402.json,[2007] HKCFI 402,[2007] HKCFI 402,HCPI 234/2002,[2007] HKCFI 402,clean,18,RED_FLAG_NULL;INJURY_MULTI_BODY_PART;UNLINKED_MANIFESTATION;UNLINKED_LOSS;NO_COMPARABLE,plaintiff.gender,0.375,4,0,0,0,0,0,3,1,1,0,0,0,0,0,,
HKDC_2007_318.html.txt,2007_HKDC_318.json,[2007] HKDC 318,[2007] HKDC 318,DCPI 1920/2006,[2007] HKDC 318,clean,18,RED_FLAG_NULL;NULL_RATIO_HIGH,plaintiff.gender;plaintiff.age_at_accident,0.500,1,0,0,0,0,0,0,0,0,0,0,0,0,0,,
HKDC_2008_15.html.txt,2008_HKDC_15.json,[2008] HKDC 15,[2008] HKDC 15,DCPI 579/2007,[2008] HKDC 15,clean,18,RED_FLAG_NULL_MEDIUM;NULL_RATIO_HIGH;NULL_ICD_BURN,injuries.overall_category;plaintiff.occupation_before,0.542,1,1,0,0,0,0,0,0,0,0,0,1,0,0,,
HKDC_2008_177.html.txt,2008_HKDC_177.json,[2008] HKDC 177,[2008] HKDC 177,DCPI 1070/2007,[2008] HKDC 177,clean,18,RED_FLAG_NULL;NULL_RATIO_HIGH,plaintiff.gender,0.500,1,0,0,0,0,0,0,0,0,0,0,0,0,0,,
HKDC_2008_184.html.txt,2008_HKDC_184.json,[2008] HKDC 184,[2008] HKDC 184,DCPI 158/2007,[2008] HKDC 184,clean,18,RED_FLAG_NULL;NULL_RATIO_HIGH,plaintiff.gender;plaintiff.age_at_accident,0.500,2,0,0,0,0,0,0,0,0,0,0,0,0,0,,
HKDC_2008_570.html.txt,2008_HKDC_570.json,[2008] HKDC 570,[2008] HKDC 570,DCPI 1115/2007,[2008] HKDC 570,clean,18,RED_FLAG_NULL;NULL_RATIO_HIGH,plaintiff.gender,0.542,1,0,0,0,0,0,0,0,0,0,0,0,0,0,,
HKCFI_2009_1000.html.txt,2009_HKCFI_1000.json,[2009] HKCFI 1000,[2009] HKCFI 1000,HCPI 163/2007,[2009] HKCFI 1000,clean,18,RED_FLAG_NULL;RED_FLAG_NULL_MEDIUM;INJURY_MULTI_BODY_PART,plaintiff.gender;injuries.overall_category;plaintiff.age_at_accident,0.417,1,0,0,0,0,0,1,0,0,0,0,0,0,0,,
HKCFI_2009_821.html.txt,2009_HKCFI_821.json,[2009] HKCFI 821,[2009] HKCFI 821,HCPI 561/2007,[2009] HKCFI 821,clean,18,RED_FLAG_NULL;RED_FLAG_NULL_MEDIUM;INJURY_MULTI_BODY_PART,plaintiff.gender;injuries.overall_category,0.333,1,0,0,0,0,0,1,0,0,0,0,0,0,0,,
HKDC_2009_1832.html.txt,2009_HKDC_1832.json,[2009] HKDC 1832,[2009] HKDC 1832,DCPI 1012/2008,[2009] HKDC 1832,clean,18,RED_FLAG_NULL_MEDIUM;INJURY_MULTI_BODY_PART;COARSE_ICD_NODE;UNLINKED_MANIFESTATION;NO_COMPARABLE,injuries.overall_category;plaintiff.age_at_accident,0.458,5,0,0,1,0,0,1,1,0,0,0,0,0,0,,
HKCFI_2010_414.html.txt,2010_HKCFI_414.json,[2010] HKCFI 414,[2010] HKCFI 414,HCPI 63/2007,[2010] HKCFI 414,clean,18,RED_FLAG_NULL_MEDIUM;INJURY_MULTI_BODY_PART;ZERO_LOSSES;NO_COMPARABLE,losses.losses,0.333,2,0,0,0,0,0,1,0,0,0,0,0,0,0,,
HKCFI_2011_361.html.txt,2011_HKCFI_361.json,[2011] HKCFI 361,[2011] HKCFI 361,HCPI 438/2009,[2011] HKCFI 361,clean,18,NULL_ICD_OTHER;INJURY_MULTI_BODY_PART;ICD_STOPPED_EARLY;NULL_ICD_PSYCH;PSYCH_DETECTED;NO_COMPARABLE,,0.333,3,2,1,0,1,0,1,0,0,1,0,0,0,1,inj_003,
HKDC_2011_136.html.txt,2011_HKDC_136.json,[2011] HKDC 136,[2011] HKDC 136,DCPI 1618/2010,[2011] HKDC 136,clean,18,RED_FLAG_NULL_MEDIUM;NULL_RATIO_HIGH;UNLINKED_MANIFESTATION;UNLINKED_LOSS;PSYCH_DETECTED,injuries.overall_category;plaintiff.age_at_accident,0.542,2,0,1,0,0,0,0,2,1,0,0,0,0,0,,
HKDC_2011_34.html.txt,2011_HKDC_34.json,[2011] HKDC 34,[2011] HKDC 34,DCPI 1104/2010,[2011] HKDC 34,clean,18,RED_FLAG_NULL_MEDIUM;NULL_RATIO_HIGH;NULL_ICD_BURN,injuries.overall_category,0.542,1,1,0,0,0,0,0,0,0,0,0,1,0,0,,
HKCFI_2012_4.html.txt,2012_HKCFI_4.json,[2012] HKCFI 4,[2012] HKCFI 4,HCPI 303/2010,[2012] HKCFI 4,clean,18,RED_FLAG_NULL;RED_FLAG_NULL_MEDIUM;INJURY_MULTI_BODY_PART,plaintiff.gender;injuries.overall_category,0.375,1,0,0,0,0,0,1,0,0,0,0,0,0,0,,
HKCFI_2012_506.html.txt,2012_HKCFI_506.json,[2012] HKCFI 506,[2012] HKCFI 506,HCPI 84/2010,[2012] HKCFI 506,clean,18,COARSE_ICD_NODE;INJURY_MULTI_BODY_PART;NULL_ICD_PSYCH;PSYCH_DETECTED,,0.333,4,1,1,3,0,0,2,0,0,1,0,0,0,0,inj_004,
HKDC_2013_288.html.txt,2013_HKDC_288.json,[2013] HKDC 288,[2013] HKDC 288,DCPI 1861/2011,[2013] HKDC 288,clean,18,COARSE_ICD_NODE;NULL_ICD_SYMPTOM;INJURY_MULTI_BODY_PART;UNLINKED_MANIFESTATION,plaintiff.occupation_before,0.417,3,1,0,1,0,0,1,6,0,0,0,0,1,0,,
HKCFI_2014_1234.html.txt,2014_HKCFI_1234.json,[2014] HKCFI 1234,[2014] HKCFI 1234,HCPI 138/2011,[2014] HKCFI 1234,clean,18,RED_FLAG_NULL;RED_FLAG_NULL_MEDIUM;INJURY_MULTI_BODY_PART,plaintiff.gender;injuries.overall_category,0.333,1,0,0,0,0,0,1,0,0,0,0,0,0,0,,
HKCFI_2014_1907.html.txt,2014_HKCFI_1907.json,[2014] HKCFI 1907,[2014] HKCFI 1907,HCPI 581/2011,[2014] HKCFI 1907,clean,18,COARSE_ICD_NODE;NULL_ICD_PREEXISTING;NULL_ICD_PSYCH;PSYCH_DETECTED;NO_COMPARABLE,plaintiff.age_at_accident,0.333,4,2,1,1,0,0,0,0,0,1,1,0,0,0,inj_004,
HKCFI_2014_1910.html.txt,2014_HKCFI_1910.json,[2014] HKCFI 1910,[2014] HKCFI 1910,HCPI 477/2013,[2014] HKCFI 1910,clean,18,RED_FLAG_NULL;NULL_RATIO_HIGH,plaintiff.gender;plaintiff.age_at_accident,0.542,1,0,0,0,0,0,0,0,0,0,0,0,0,0,,
HKCFI_2015_1338.html.txt,2015_HKCFI_1338.json,[2015] HKCFI 1338,[2015] HKCFI 1338,HCPI 58/2012,[2015] HKCFI 1338,clean,18,RED_FLAG_NULL_MEDIUM;INJURY_MULTI_BODY_PART;COARSE_ICD_NODE;UNLINKED_MANIFESTATION;NO_COMPARABLE,injuries.overall_category;plaintiff.age_at_accident,0.292,5,0,0,1,0,0,1,8,0,0,0,0,0,0,,
HKCFI_2015_1517.html.txt,2015_HKCFI_1517.json,[2015] HKCFI 1517,[2015] HKCFI 1517,HCPI 486/2013,[2015] HKCFI 1517,clean,18,INJURY_MULTI_BODY_PART;COARSE_ICD_NODE;NULL_ICD_PSYCH;UNLINKED_MANIFESTATION;PSYCH_DETECTED,,0.292,3,1,1,1,0,0,2,4,0,1,0,0,0,0,inj_003,
HKCFI_2018_569.html.txt,2018_HKCFI_569.json,[2018] HKCFI 569,[2018] HKCFI 569,HCPI 993/2015,[2018] HKCFI 569,clean,18,INJURY_MULTI_BODY_PART;COARSE_ICD_NODE;NULL_ICD_PSYCH;UNLINKED_MANIFESTATION;PSYCH_DETECTED,plaintiff.age_at_accident,0.333,3,1,1,1,0,0,1,4,0,1,0,0,0,0,inj_003,
HKCFI_1978_56.html.txt,1978_HKCFI_56.json,[1978] HKCFI 56,[1978] HKCFI 56,HCA 3172/1977,[1978] HKCFI 56,clean,17,NULL_ICD_PREEXISTING;COARSE_ICD_NODE;UNLINKED_MANIFESTATION;UNLINKED_LOSS;NO_COMPARABLE;MULTI_PLAINTIFF,,0.458,5,1,0,1,0,0,0,10,1,0,1,0,0,0,,
HKCFI_1979_41.html.txt,1979_HKCFI_41.json,[1979] HKCFI 41,[1979] HKCFI 41,HCA 2390/1974,[1979] HKCFI 41,clean,17,RED_FLAG_NULL_MEDIUM;NULL_RATIO_HIGH;NULL_ICD_OTHER;NO_PSLA_AMOUNT;NO_COMPARABLE;MULTI_PLAINTIFF,injuries.overall_category;psla.amount,0.583,1,1,0,0,0,0,0,0,0,0,0,0,0,1,,
HKCFI_1979_7.html.txt,1979_HKCFI_7.json,[1979] HKCFI 7,[1979] HKCFI 7,HCA 676/1979,[1979] HKCFI 7,clean,17,RED_FLAG_NULL_MEDIUM;NULL_RATIO_HIGH;NULL_ICD_OTHER;INJURY_MULTI_BODY_PART,injuries.overall_category;plaintiff.occupation_before,0.500,4,1,0,0,0,0,1,0,0,0,0,0,0,1,,
HKCFI_1980_15.html.txt,1980_HKCFI_15.json,[1980] HKCFI 15,[1980] HKCFI 15,HCA 4242/1978,[1980] HKCFI 15,clean,17,NULL_RATIO_HIGH;ICD_STOPPED_EARLY;UNLINKED_LOSS,plaintiff.age_at_accident,0.500,6,0,0,0,1,0,0,0,1,0,0,0,0,0,,
HKCFI_1980_5.html.txt,1980_HKCFI_5.json,[1980] HKCFI 5,[1980] HKCFI 5,HCA 3256/1978,[1980] HKCFI 5,clean,17,INJURY_MULTI_BODY_PART;ICD_STOPPED_EARLY;COARSE_ICD_NODE,plaintiff.age_at_accident,0.375,5,0,0,1,1,0,2,0,0,0,0,0,0,0,,
HKCFI_1981_7.html.txt,1981_HKCFI_7.json,[1981] HKCFI 7,[1981] HKCFI 7,HCA 6191/1980,[1981] HKCFI 7,clean,17,COARSE_ICD_NODE;INJURY_MULTI_BODY_PART;TREATMENT_CONTAMINATED,,0.375,2,0,0,1,0,0,1,0,0,0,0,0,0,0,,
HKCFI_1982_158.html.txt,1982_HKCFI_158.json,[1982] HKCFI 158,[1982] HKCFI 158,HCA 5018/1981,[1982] HKCFI 158,clean,17,NULL_RATIO_HIGH;COARSE_ICD_NODE;NO_PSLA_AMOUNT,plaintiff.occupation_before;psla.amount,0.542,2,0,0,2,0,0,0,0,0,0,0,0,0,0,,
HKCFI_1983_189.html.txt,1983_HKCFI_189.json,[1983] HKCFI 189,[1983] HKCFI 189,HCA 4741/1980,[1983] HKCFI 189,clean,17,RED_FLAG_NULL_MEDIUM;COARSE_ICD_NODE;UNLINKED_MANIFESTATION;UNLINKED_LOSS;NO_COMPARABLE,injuries.overall_category;plaintiff.age_at_accident,0.417,5,0,0,1,0,0,0,2,1,0,0,0,0,0,,
HKCFI_1983_94.html.txt,1983_HKCFI_94.json,[1983] HKCFI 94,[1983] HKCFI 94,HCA 5389/1983,[1983] HKCFI 94,clean,17,RED_FLAG_NULL;COARSE_ICD_NODE,plaintiff.gender,0.292,3,0,0,1,0,0,0,0,0,0,0,0,0,0,,
HKCFI_1985_223.html.txt,1985_HKCFI_223.json,[1985] HKCFI 223,[1985] HKCFI 223,HCA 10812/1983,[1985] HKCFI 223,clean,17,RED_FLAG_NULL_MEDIUM;NULL_RATIO_HIGH;UNLINKED_MANIFESTATION;UNLINKED_LOSS,injuries.overall_category;plaintiff.occupation_before,0.500,1,0,0,0,0,0,0,3,3,0,0,0,0,0,,
HKCFI_1985_227.html.txt,1985_HKCFI_227.json,[1985] HKCFI 227,[1985] HKCFI 227,HCA 3642/1983,[1985] HKCFI 227,clean,17,RED_FLAG_NULL_MEDIUM;COARSE_ICD_NODE;INJURY_MULTI_BODY_PART;UNLINKED_MANIFESTATION,injuries.overall_category,0.375,3,0,0,1,0,0,1,1,0,0,0,0,0,0,,
HKCFI_1989_416.html.txt,1989_HKCFI_416.json,[1989] HKCFI 416,[1989] HKCFI 416,HCA 2623/1988,[1989] HKCFI 416,clean,17,NULL_ICD_BURN;INJURY_MULTI_BODY_PART;COARSE_ICD_NODE;UNLINKED_MANIFESTATION,plaintiff.age_at_accident,0.458,7,2,0,1,0,0,2,1,0,0,0,2,0,0,,
HKCFI_1989_64.html.txt,1989_HKCFI_64.json,[1989] HKCFI 64,[1989] HKCFI 64,HCA 6171/1986,[1989] HKCFI 64,clean,17,COARSE_ICD_NODE;INJURY_MULTI_BODY_PART;NULL_ICD_PSYCH;NULL_ICD_OTHER;PSYCH_DETECTED,,0.417,6,2,1,1,0,0,5,0,0,1,0,0,0,1,inj_005,
HKCFI_1996_354.html.txt,1996_HKCFI_354.json,[1996] HKCFI 354,[1996] HKCFI 354,HCA 4462/1994,[1996] HKCFI 354,clean,17,RED_FLAG_NULL;COARSE_ICD_NODE,plaintiff.gender;plaintiff.age_at_accident,0.458,2,0,0,1,0,0,0,0,0,0,0,0,0,0,,
HKCFI_1998_458.html.txt,1998_HKCFI_458.json,[1998] HKCFI 458,[1998] HKCFI 458,HCPI 374/1997,[1998] HKCFI 458,clean,17,ICD_STOPPED_EARLY;COARSE_ICD_NODE;INJURY_MULTI_BODY_PART,plaintiff.age_at_accident,0.333,2,0,0,1,1,0,2,0,0,0,0,0,0,0,,
HKCFI_1999_1197.html.txt,1999_HKCFI_1197.json,[1999] HKCFI 1197,[1999] HKCFI 1197,HCPI 445/1998,[1999] HKCFI 1197,clean,17,RED_FLAG_NULL;TREATMENT_CONTAMINATED,plaintiff.gender,0.292,1,0,0,0,0,0,0,0,0,0,0,0,0,0,,
HKCFI_2001_188.html.txt,2001_HKCFI_188.json,[2001] HKCFI 188,[2001] HKCFI 188,HCPI 195/2000,[2001] HKCFI 188,clean,17,RED_FLAG_NULL;NULL_ICD_PSYCH;PSYCH_DETECTED;NO_COMPARABLE,plaintiff.gender,0.458,3,2,1,0,0,0,0,0,0,2,0,0,0,0,"inj_002,inj_003",
HKCFI_2001_556.html.txt,2001_HKCFI_556.json,[2001] HKCFI 556,[2001] HKCFI 556,HCPI 666/1999,[2001] HKCFI 556,clean,17,RED_FLAG_NULL_MEDIUM;COARSE_ICD_NODE;INJURY_MULTI_BODY_PART;NO_COMPARABLE;MULTI_PLAINTIFF,injuries.overall_category,0.292,4,0,0,1,0,0,1,0,0,0,0,0,0,0,,
HKCFI_2001_589.html.txt,2001_HKCFI_589.json,[2001] HKCFI 589,[2001] HKCFI 589,HCPI 148/1997,[2001] HKCFI 589,clean,17,RED_FLAG_NULL;COARSE_ICD_NODE,plaintiff.gender,0.458,1,0,0,1,0,0,0,0,0,0,0,0,0,0,,
HKCFI_2001_667.html.txt,2001_HKCFI_667.json,[2001] HKCFI 667,[2001] HKCFI 667,HCPI 223/1999,[2001] HKCFI 667,clean,17,RED_FLAG_NULL_MEDIUM;INJURY_MULTI_BODY_PART;NULL_ICD_PSYCH;UNLINKED_MANIFESTATION;PSYCH_DETECTED;NO_COMPARABLE,injuries.overall_category,0.375,3,1,1,0,0,0,2,3,0,1,0,0,0,0,inj_003,
HKCFI_2001_75.html.txt,2001_HKCFI_75.json,[2001] HKCFI 75,[2001] HKCFI 75,HCPI 244/1998,[2001] HKCFI 75,clean,17,INJURY_MULTI_BODY_PART;COARSE_ICD_NODE;NULL_ICD_PSYCH;PSYCH_DETECTED;NO_COMPARABLE,plaintiff.age_at_accident,0.333,5,1,1,1,0,0,2,0,0,1,0,0,0,0,inj_005,
HKCFI_2001_898.html.txt,2001_HKCFI_898.json,[2001] HKCFI 898,[2001] HKCFI 898,HCPI 879/2000,[2001] HKCFI 898,clean,17,RED_FLAG_NULL;COARSE_ICD_NODE,plaintiff.gender,0.333,3,0,0,1,0,0,0,0,0,0,0,0,0,0,,
HKCFI_2002_1023.html.txt,2002_HKCFI_1023.json,[2002] HKCFI 1023,[2002] HKCFI 1023,HCPI 434/2001,[2002] HKCFI 1023,clean,17,RED_FLAG_NULL;COARSE_ICD_NODE,plaintiff.gender,0.417,1,0,0,1,0,0,0,0,0,0,0,0,0,0,,
HKCFI_2002_795.html.txt,2002_HKCFI_795.json,[2002] HKCFI 795,[2002] HKCFI 795,HCPI 681/2001,[2002] HKCFI 795,clean,17,RED_FLAG_NULL;COARSE_ICD_NODE,plaintiff.gender;plaintiff.age_at_accident,0.458,1,0,0,1,0,0,0,0,0,0,0,0,0,0,,
HKCFI_2004_678.html.txt,2004_HKCFI_678.json,[2004] HKCFI 678,[2004] HKCFI 678,HCPI 1167/2003,[2004] HKCFI 678,clean,17,RED_FLAG_NULL;ICD_STOPPED_EARLY,plaintiff.gender,0.375,3,0,0,0,1,0,0,0,0,0,0,0,0,0,,
HKCFI_2005_274.html.txt,2005_HKCFI_274.json,[2005] HKCFI 274,[2005] HKCFI 274,HCPI 415/2004,[2005] HKCFI 274,clean,17,ICD_STOPPED_EARLY;COARSE_ICD_NODE;UNLINKED_LOSS;NO_COMPARABLE,,0.458,3,0,0,1,1,0,0,0,1,0,0,0,0,0,,
HKCFI_2005_919.html.txt,2005_HKCFI_919.json,[2005] HKCFI 919,[2005] HKCFI 919,HCPI 793/2004,[2005] HKCFI 919,clean,17,RED_FLAG_NULL;RED_FLAG_NULL_MEDIUM;NULL_ICD_OTHER;NO_COMPARABLE,plaintiff.gender;injuries.overall_category;plaintiff.age_at_accident,0.417,3,1,0,0,0,0,0,0,0,0,0,0,0,1,,
HKDC_2005_262.html.txt,2005_HKDC_262.json,[2005] HKDC 262,[2005] HKDC 262,DCPI 567/2004,[2005] HKDC 262,clean,17,COARSE_ICD_NODE;INJURY_MULTI_BODY_PART;UNLINKED_MANIFESTATION;UNLINKED_LOSS;PSYCH_DETECTED,,0.375,5,0,1,3,0,0,1,2,2,0,0,0,0,0,,
HKCFI_2006_240.html.txt,2006_HKCFI_240.json,[2006] HKCFI 240,[2006] HKCFI 240,HCPI 577/2004,[2006] HKCFI 240,clean,17,RED_FLAG_NULL_MEDIUM;COARSE_ICD_NODE;UNLINKED_MANIFESTATION;UNLINKED_LOSS,injuries.overall_category,0.375,4,0,0,2,0,0,0,1,1,0,0,0,0,0,,
HKCFI_2006_473.html.txt,2006_HKCFI_473.json,[2006] HKCFI 473,[2006] HKCFI 473,HCPI 83/2005,[2006] HKCFI 473,clean,17,RED_FLAG_NULL_MEDIUM;NULL_RATIO_HIGH;NULL_ICD_OTHER;NO_PSLA_AMOUNT;NO_COMPARABLE;MULTI_PLAINTIFF,injuries.overall_category;plaintiff.age_at_accident;psla.amount,0.667,1,1,0,0,0,0,0,0,0,0,0,0,0,1,,
HKCFI_2006_889.html.txt,2006_HKCFI_889.json,[2006] HKCFI 889,[2006] HKCFI 889,HCPI 1056/2002,[2006] HKCFI 889,clean,17,COARSE_ICD_NODE;INJURY_MULTI_BODY_PART;NULL_ICD_PSYCH;PSYCH_DETECTED;NO_COMPARABLE,,0.333,3,1,1,1,0,0,1,0,0,1,0,0,0,0,inj_003,
HKCFI_2007_335.html.txt,2007_HKCFI_335.json,[2007] HKCFI 335,[2007] HKCFI 335,HCPI 374/2006,[2007] HKCFI 335,clean,17,NULL_RATIO_HIGH;COARSE_ICD_NODE;NO_COMPARABLE,,0.542,3,0,0,2,0,0,0,0,0,0,0,0,0,0,,
HKCFI_2007_453.html.txt,2007_HKCFI_453.json,[2007] HKCFI 453,[2007] HKCFI 453,HCPI 1348/2003,[2007] HKCFI 453,clean,17,RED_FLAG_NULL_MEDIUM;NULL_RATIO_HIGH;INJURY_MULTI_BODY_PART;PSYCH_DETECTED,injuries.overall_category;plaintiff.age_at_accident,0.583,2,0,1,0,0,0,1,0,0,0,0,0,0,0,,
HKCFI_2007_692.html.txt,2007_HKCFI_692.json,[2007] HKCFI 692,[2007] HKCFI 692,HCPI 414/2001,[2007] HKCFI 692,clean,17,RED_FLAG_NULL;INJURY_MULTI_BODY_PART;UNLINKED_MANIFESTATION;UNLINKED_LOSS,plaintiff.gender,0.375,5,0,0,0,0,0,2,9,1,0,0,0,0,0,,
HKCFI_2007_752.html.txt,2007_HKCFI_752.json,[2007] HKCFI 752,[2007] HKCFI 752,HCPI 747/2005,[2007] HKCFI 752,clean,17,RED_FLAG_NULL;RED_FLAG_NULL_MEDIUM;NO_PSLA_AMOUNT;NO_COMPARABLE,plaintiff.gender;injuries.overall_category;psla.amount,0.458,1,0,0,0,0,0,0,0,0,0,0,0,0,0,,
HKDC_2007_227.html.txt,2007_HKDC_227.json,[2007] HKDC 227,[2007] HKDC 227,DCPI 1493/2006,[2007] HKDC 227,clean,17,RED_FLAG_NULL_MEDIUM;UNLINKED_MANIFESTATION;ZERO_LOSSES;NO_COMPARABLE,injuries.overall_category;losses.losses;plaintiff.age_at_accident,0.417,2,0,0,0,0,0,0,3,0,0,0,0,0,0,,
HKDC_2007_72.html.txt,2007_HKDC_72.json,[2007] HKDC 72,[2007] HKDC 72,DCPI 1093/2005,[2007] HKDC 72,clean,17,INJURY_MULTI_BODY_PART;COARSE_ICD_NODE;NULL_ICD_SYMPTOM;NO_COMPARABLE,plaintiff.occupation_before,0.458,6,1,0,1,0,0,4,0,0,0,0,0,1,0,,
HKCFI_2008_1.html.txt,2008_HKCFI_1.json,[2008] HKCFI 1,[2008] HKCFI 1,HCPI 291/2006,[2008] HKCFI 1,clean,17,RED_FLAG_NULL_MEDIUM;COARSE_ICD_NODE;INJURY_MULTI_BODY_PART;NO_COMPARABLE,injuries.overall_category,0.375,6,0,0,2,0,0,2,0,0,0,0,0,0,0,,
HKCFI_2009_189.html.txt,2009_HKCFI_189.json,[2009] HKCFI 189,[2009] HKCFI 189,HCPI 177/2005,[2009] HKCFI 189,clean,17,COARSE_ICD_NODE;INJURY_MULTI_BODY_PART;UNLINKED_MANIFESTATION;UNLINKED_LOSS,,0.375,6,0,0,4,0,0,3,8,1,0,0,0,0,0,,
HKDC_2009_247.html.txt,2009_HKDC_247.json,[2009] HKDC 247,[2009] HKDC 247,DCPI 842/2008,[2009] HKDC 247,clean,17,NULL_RATIO_HIGH;INJURY_MULTI_BODY_PART;NULL_ICD_PSYCH;PSYCH_DETECTED,plaintiff.age_at_accident,0.542,2,1,1,0,0,0,1,0,0,1,0,0,0,0,inj_002,
HKDC_2009_273.html.txt,2009_HKDC_273.json,[2009] HKDC 273,[2009] HKDC 273,DCPI 1970/2008,[2009] HKDC 273,clean,17,RED_FLAG_NULL;ICD_STOPPED_EARLY,plaintiff.gender,0.417,2,0,0,0,1,0,0,0,0,0,0,0,0,0,,
HKCFI_2010_244.html.txt,2010_HKCFI_244.json,[2010] HKCFI 244,[2010] HKCFI 244,HCPI 742/2005,[2010] HKCFI 244,clean,17,COARSE_ICD_NODE;NULL_ICD_SYMPTOM;NULL_ICD_OTHER;UNLINKED_MANIFESTATION;MULTI_PLAINTIFF,plaintiff.age_at_accident,0.417,5,2,0,1,0,0,0,2,0,0,0,0,1,1,,
HKDC_2010_1.html.txt,2010_HKDC_1.json,[2010] HKDC 1,[2010] HKDC 1,DCPI 2342/2008,[2010] HKDC 1,clean,17,RED_FLAG_NULL_MEDIUM;COARSE_ICD_NODE;NULL_ICD_OTHER;INJURY_MULTI_BODY_PART;PSYCH_DETECTED,injuries.overall_category;plaintiff.age_at_accident,0.375,8,1,1,1,0,0,2,0,0,0,0,0,0,1,,
HKDC_2010_295.html.txt,2010_HKDC_295.json,[2010] HKDC 295,[2010] HKDC 295,DCPI 349/2009,[2010] HKDC 295,clean,17,RED_FLAG_NULL_MEDIUM;COARSE_ICD_NODE;UNLINKED_MANIFESTATION;UNLINKED_LOSS;PSYCH_DETECTED,injuries.overall_category,0.333,3,0,1,1,0,0,0,8,6,0,0,0,0,0,,
HKDC_2010_37.html.txt,2010_HKDC_37.json,[2010] HKDC 37,[2010] HKDC 37,DCPI 44/2009,[2010] HKDC 37,clean,17,RED_FLAG_NULL_MEDIUM;NULL_RATIO_HIGH;NULL_ICD_PREEXISTING,injuries.overall_category;plaintiff.occupation_before,0.542,2,1,0,0,0,0,0,0,0,0,1,0,0,0,,
HKDC_2010_75.html.txt,2010_HKDC_75.json,[2010] HKDC 75,[2010] HKDC 75,DCPI 41/2009,[2010] HKDC 75,clean,17,RED_FLAG_NULL;INJURY_MULTI_BODY_PART;NULL_ICD_PREEXISTING,plaintiff.gender,0.375,3,2,0,0,0,0,1,0,0,0,2,0,0,0,,
HKCFI_2011_144.html.txt,2011_HKCFI_144.json,[2011] HKCFI 144,[2011] HKCFI 144,HCPI 848/2005,[2011] HKCFI 144,clean,17,RED_FLAG_NULL;RED_FLAG_NULL_MEDIUM;UNLINKED_MANIFESTATION,plaintiff.gender;injuries.overall_category;plaintiff.age_at_accident,0.417,5,0,0,0,0,0,0,5,0,0,0,0,0,0,,
HKCFI_2013_1949.html.txt,2013_HKCFI_1949.json,[2013] HKCFI 1949,[2013] HKCFI 1949,HCPI 261/2011,[2013] HKCFI 1949,clean,17,ICD_STOPPED_EARLY;COARSE_ICD_NODE;NULL_ICD_OTHER,,0.417,4,1,0,3,1,0,0,0,0,0,0,0,0,1,,
HKCFI_2013_392.html.txt,2013_HKCFI_392.json,[2013] HKCFI 392,[2013] HKCFI 392,HCPI 121/2011,[2013] HKCFI 392,clean,17,INJURY_MULTI_BODY_PART;COARSE_ICD_NODE;UNLINKED_MANIFESTATION;UNLINKED_LOSS;PSYCH_DETECTED;NO_COMPARABLE,,0.375,3,0,1,2,0,0,3,4,5,0,0,0,0,0,,
HKCFI_2013_463.html.txt,2013_HKCFI_463.json,[2013] HKCFI 463,[2013] HKCFI 463,HCPI 749/2011,[2013] HKCFI 463,clean,17,COARSE_ICD_NODE;INJURY_MULTI_BODY_PART;UNLINKED_MANIFESTATION;UNLINKED_LOSS;PSYCH_DETECTED,,0.250,8,0,1,3,0,0,3,2,1,0,0,0,0,0,,
HKCFI_2014_1877.html.txt,2014_HKCFI_1877.json,[2014] HKCFI 1877,[2014] HKCFI 1877,HCPI 755/2013,[2014] HKCFI 1877,clean,17,RED_FLAG_NULL_MEDIUM;INJURY_MULTI_BODY_PART;ZERO_LOSSES,injuries.overall_category;losses.losses,0.292,1,0,0,0,0,0,1,0,0,0,0,0,0,0,,
HKDC_2015_846.html.txt,2015_HKDC_846.json,[2015] HKDC 846,[2015] HKDC 846,DCPI 2457/2011,[2015] HKDC 846,clean,17,RED_FLAG_NULL_MEDIUM;COARSE_ICD_NODE;INJURY_MULTI_BODY_PART;NULL_ICD_OTHER,injuries.overall_category,0.333,4,1,0,2,0,0,2,0,0,0,0,0,0,1,,
HKDC_2016_122.html.txt,2016_HKDC_122.json,[2016] HKDC 122,[2016] HKDC 122,DCPI 1254/2014,[2016] HKDC 122,clean,17,RED_FLAG_NULL;RED_FLAG_NULL_MEDIUM;UNLINKED_MANIFESTATION,plaintiff.gender;injuries.overall_category;plaintiff.age_at_accident,0.417,3,0,0,0,0,0,0,1,0,0,0,0,0,0,,
HKCFI_2018_327.html.txt,2018_HKCFI_327.json,[2018] HKCFI 327,[2018] HKCFI 327,HCPI 554/2015,[2018] HKCFI 327,clean,17,RED_FLAG_NULL_MEDIUM;COARSE_ICD_NODE;UNLINKED_MANIFESTATION;UNLINKED_LOSS;PSYCH_DETECTED,injuries.overall_category,0.167,4,0,1,1,0,0,0,3,1,0,0,0,0,0,,
HKDC_2018_605.html.txt,2018_HKDC_605.json,[2018] HKDC 605,[2018] HKDC 605,DCPI 1447/2016,[2018] HKDC 605,clean,17,RED_FLAG_NULL;COARSE_ICD_NODE,plaintiff.gender;plaintiff.age_at_accident,0.458,2,0,0,1,0,0,0,0,0,0,0,0,0,0,,
HKCFI_1976_63.html.txt,1976_HKCFI_63.json,[1976] HKCFI 63,[1976] HKCFI 63,HCA 960/1974,[1976] HKCFI 63,clean,16,RED_FLAG_NULL_MEDIUM;NULL_RATIO_HIGH;UNLINKED_MANIFESTATION;MULTI_PLAINTIFF,injuries.overall_category;plaintiff.occupation_before,0.500,2,0,0,0,0,0,0,1,0,0,0,0,0,0,,
HKCFI_1978_92.html.txt,1978_HKCFI_92.json,[1978] HKCFI 92,[1978] HKCFI 92,HCA 2042/1978,[1978] HKCFI 92,clean,16,RED_FLAG_NULL;INJURY_MULTI_BODY_PART;NULL_ICD_OTHER;PSYCH_DETECTED;NO_COMPARABLE,plaintiff.gender,0.292,4,1,1,0,0,0,3,0,0,0,0,0,0,1,,
HKCFI_1979_121.html.txt,1979_HKCFI_121.json,[1979] HKCFI 121,[1979] HKCFI 121,HCA 2059/1979,[1979] HKCFI 121,clean,16,RED_FLAG_NULL_MEDIUM;ICD_STOPPED_EARLY;NULL_ICD_OTHER;UNLINKED_MANIFESTATION;NO_COMPARABLE,injuries.overall_category,0.333,5,1,0,0,1,0,0,4,0,0,0,0,0,1,,
HKCFI_1982_110.html.txt,1982_HKCFI_110.json,[1982] HKCFI 110,[1982] HKCFI 110,HCA 4770/1980,[1982] HKCFI 110,clean,16,RED_FLAG_NULL_MEDIUM;ICD_STOPPED_EARLY;INJURY_MULTI_BODY_PART;NO_COMPARABLE,injuries.overall_category,0.458,1,0,0,0,1,0,1,0,0,0,0,0,0,0,,
HKCFI_1982_146.html.txt,1982_HKCFI_146.json,[1982] HKCFI 146,[1982] HKCFI 146,HCA 2403/1981,[1982] HKCFI 146,clean,16,RED_FLAG_NULL;UNLINKED_MANIFESTATION;UNLINKED_LOSS;NO_COMPARABLE;MULTI_PLAINTIFF,plaintiff.gender,0.375,3,0,0,0,0,0,0,3,2,0,0,0,0,0,,
HKCFI_1983_266.html.txt,1983_HKCFI_266.json,[1983] HKCFI 266,[1983] HKCFI 266,HCA 3957/1979,[1983] HKCFI 266,clean,16,RED_FLAG_NULL_MEDIUM;NULL_RATIO_HIGH;UNLINKED_MANIFESTATION;NO_COMPARABLE,injuries.overall_category;plaintiff.age_at_accident,0.500,2,0,0,0,0,0,0,1,0,0,0,0,0,0,,
HKCFI_1983_42.html.txt,1983_HKCFI_42.json,[1983] HKCFI 42,[1983] HKCFI 42,HCA 8170/1982,[1983] HKCFI 42,clean,16,RED_FLAG_NULL_MEDIUM;NULL_RATIO_HIGH;UNLINKED_LOSS;NO_COMPARABLE,injuries.overall_category,0.583,1,0,0,0,0,0,0,0,1,0,0,0,0,0,,
HKCFI_1985_80.html.txt,1985_HKCFI_80.json,[1985] HKCFI 80,[1985] HKCFI 80,HCPI 9069/1981,[1985] HKCFI 80,clean,16,COARSE_ICD_NODE;INJURY_MULTI_BODY_PART;UNLINKED_MANIFESTATION;UNLINKED_LOSS,plaintiff.age_at_accident,0.417,7,0,0,3,0,0,1,3,1,0,0,0,0,0,,
HKCFI_1987_134.html.txt,1987_HKCFI_134.json,[1987] HKCFI 134,[1987] HKCFI 134,HCA 2279/1984,[1987] HKCFI 134,clean,16,RED_FLAG_NULL;RED_FLAG_NULL_MEDIUM;NO_COMPARABLE,plaintiff.gender;injuries.overall_category,0.417,1,0,0,0,0,0,0,0,0,0,0,0,0,0,,
HKCFI_1987_25.html.txt,1987_HKCFI_25.json,[1987] HKCFI 25,[1987] HKCFI 25,HCA 7100/1984,[1987] HKCFI 25,clean,16,RED_FLAG_NULL;RED_FLAG_NULL_MEDIUM;NO_COMPARABLE,plaintiff.gender;injuries.overall_category;plaintiff.age_at_accident,0.458,2,0,0,0,0,0,0,0,0,0,0,0,0,0,,
HKCFI_1987_79.html.txt,1987_HKCFI_79.json,[1987] HKCFI 79,[1987] HKCFI 79,HCA 4433/1985,[1987] HKCFI 79,clean,16,NULL_RATIO_HIGH;ICD_STOPPED_EARLY;NULL_ICD_OTHER,plaintiff.occupation_before,0.542,4,1,0,0,1,0,0,0,0,0,0,0,0,1,,
HKCFI_1988_200.html.txt,1988_HKCFI_200.json,[1988] HKCFI 200,[1988] HKCFI 200,HCA 3250/1987,[1988] HKCFI 200,clean,16,RED_FLAG_NULL;RED_FLAG_NULL_MEDIUM;NO_COMPARABLE,plaintiff.gender;injuries.overall_category;plaintiff.age_at_accident,0.417,1,0,0,0,0,0,0,0,0,0,0,0,0,0,,
HKCFI_1990_143.html.txt,1990_HKCFI_143.json,[1990] HKCFI 143,[1990] HKCFI 143,HCA 6238/1988,[1990] HKCFI 143,clean,16,RED_FLAG_NULL_MEDIUM;NULL_RATIO_HIGH;NULL_ICD_OTHER;NO_COMPARABLE;MULTI_PLAINTIFF,injuries.overall_category,0.542,1,1,0,0,0,0,0,0,0,0,0,0,0,1,,
HKCFI_1997_181.html.txt,1997_HKCFI_181.json,[1997] HKCFI 181,[1997] HKCFI 181,HCPI 397/1996,[1997] HKCFI 181,clean,16,NULL_RATIO_HIGH;TREATMENT_CONTAMINATED;NO_COMPARABLE,plaintiff.age_at_accident;plaintiff.occupation_before,0.583,1,0,0,0,0,0,0,0,0,0,0,0,0,0,,
HKCFI_1998_397.html.txt,1998_HKCFI_397.json,[1998] HKCFI 397,[1998] HKCFI 397,HCPI 1063/1996,[1998] HKCFI 397,clean,16,RED_FLAG_NULL_MEDIUM;COARSE_ICD_NODE;INJURY_MULTI_BODY_PART,injuries.overall_category;plaintiff.age_at_accident,0.375,4,0,0,2,0,0,2,0,0,0,0,0,0,0,,
HKCFI_1999_1535.html.txt,1999_HKCFI_1535.json,[1999] HKCFI 1535,[1999] HKCFI 1535,HCPI 854/1995,[1999] HKCFI 1535,clean,16,RED_FLAG_NULL;RED_FLAG_NULL_MEDIUM;NO_COMPARABLE,plaintiff.gender;injuries.overall_category;plaintiff.age_at_accident,0.375,1,0,0,0,0,0,0,0,0,0,0,0,0,0,,
HKCFI_1999_205.html.txt,1999_HKCFI_205.json,[1999] HKCFI 205,[1999] HKCFI 205,HCPI 5/1997,[1999] HKCFI 205,clean,16,RED_FLAG_NULL_MEDIUM;COARSE_ICD_NODE;INJURY_MULTI_BODY_PART;NO_COMPARABLE,injuries.overall_category,0.333,4,0,0,1,0,0,3,0,0,0,0,0,0,0,,
HKCFI_2000_1345.html.txt,2000_HKCFI_1345.json,[2000] HKCFI 1345,[2000] HKCFI 1345,HCPI 117/1999,[2000] HKCFI 1345,clean,16,COARSE_ICD_NODE;UNLINKED_MANIFESTATION;TREATMENT_CONTAMINATED,plaintiff.age_at_accident,0.417,2,0,0,1,0,0,0,2,0,0,0,0,0,0,,
HKCFI_2000_317.html.txt,2000_HKCFI_317.json,[2000] HKCFI 317,[2000] HKCFI 317,HCPI 338/1998,[2000] HKCFI 317,clean,16,COARSE_ICD_NODE;INJURY_MULTI_BODY_PART;UNLINKED_MANIFESTATION;UNLINKED_LOSS;PSYCH_DETECTED,,0.292,6,0,1,2,0,0,1,6,3,0,0,0,0,0,,
HKCFI_2000_318.html.txt,2000_HKCFI_318.json,[2000] HKCFI 318,[2000] HKCFI 318,HCPI 527/1998,[2000] HKCFI 318,clean,16,COARSE_ICD_NODE;INJURY_MULTI_BODY_PART;UNLINKED_MANIFESTATION;UNLINKED_LOSS,plaintiff.age_at_accident,0.417,5,0,0,3,0,0,2,3,4,0,0,0,0,0,,
HKCFI_2000_448.html.txt,2000_HKCFI_448.json,[2000] HKCFI 448,[2000] HKCFI 448,HCPI 92/1998,[2000] HKCFI 448,clean,16,RED_FLAG_NULL_MEDIUM;COARSE_ICD_NODE;INJURY_MULTI_BODY_PART;PSYCH_DETECTED,injuries.overall_category,0.292,1,0,1,1,0,0,1,0,0,0,0,0,0,0,,
HKCFI_2000_740.html.txt,2000_HKCFI_740.json,[2000] HKCFI 740,[2000] HKCFI 740,HCPI 7/1998,[2000] HKCFI 740,clean,16,RED_FLAG_NULL_MEDIUM;NULL_RATIO_HIGH;INJURY_MULTI_BODY_PART,injuries.overall_category,0.542,3,0,0,0,0,0,2,0,0,0,0,0,0,0,,
HKCFI_2000_844.html.txt,2000_HKCFI_844.json,[2000] HKCFI 844,[2000] HKCFI 844,HCPI 216/1999,[2000] HKCFI 844,clean,16,ICD_STOPPED_EARLY;INJURY_MULTI_BODY_PART;NULL_ICD_PSYCH;PSYCH_DETECTED,,0.458,4,1,1,0,1,0,2,0,0,1,0,0,0,0,inj_003,
HKCFI_2001_26.html.txt,2001_HKCFI_26.json,[2001] HKCFI 26,[2001] HKCFI 26,HCPI 521/2000,[2001] HKCFI 26,clean,16,RED_FLAG_NULL;RED_FLAG_NULL_MEDIUM;NO_COMPARABLE,plaintiff.gender;injuries.overall_category;plaintiff.age_at_accident,0.375,1,0,0,0,0,0,0,0,0,0,0,0,0,0,,
HKCFI_2001_98.html.txt,2001_HKCFI_98.json,[2001] HKCFI 98,[2001] HKCFI 98,HCPI 1352/2000,[2001] HKCFI 98,clean,16,COARSE_ICD_NODE;INJURY_MULTI_BODY_PART;UNLINKED_MANIFESTATION;UNLINKED_LOSS;PSYCH_DETECTED;NO_COMPARABLE,,0.292,3,0,1,1,0,0,1,4,2,0,0,0,0,0,,
HKCFI_2002_690.html.txt,2002_HKCFI_690.json,[2002] HKCFI 690,[2002] HKCFI 690,HCPI 375/2001,[2002] HKCFI 690,clean,16,NULL_ICD_PREEXISTING;COARSE_ICD_NODE;INJURY_MULTI_BODY_PART;PSYCH_DETECTED;NO_COMPARABLE,,0.417,3,1,1,1,0,0,1,0,0,0,1,0,0,0,,
HKCFI_2002_838.html.txt,2002_HKCFI_838.json,[2002] HKCFI 838,[2002] HKCFI 838,HCPI 274/2002,[2002] HKCFI 838,clean,16,ICD_STOPPED_EARLY;INJURY_MULTI_BODY_PART;NULL_ICD_PSYCH;PSYCH_DETECTED,,0.292,2,1,1,0,1,0,1,0,0,1,0,0,0,0,inj_002,
HKCFI_2002_914.html.txt,2002_HKCFI_914.json,[2002] HKCFI 914,[2002] HKCFI 914,HCPI 1125/2000,[2002] HKCFI 914,clean,16,RED_FLAG_NULL_MEDIUM;INJURY_MULTI_BODY_PART;COARSE_ICD_NODE;NO_COMPARABLE,injuries.overall_category;plaintiff.age_at_accident,0.333,4,0,0,1,0,0,1,0,0,0,0,0,0,0,,
HKCFI_2004_1055.html.txt,2004_HKCFI_1055.json,[2004] HKCFI 1055,[2004] HKCFI 1055,HCPI 81/2003,[2004] HKCFI 1055,clean,16,COARSE_ICD_NODE;INJURY_MULTI_BODY_PART;UNLINKED_MANIFESTATION;UNLINKED_LOSS;NO_COMPARABLE,,0.375,6,0,0,2,0,0,3,8,2,0,0,0,0,0,,
HKCFI_2004_464.html.txt,2004_HKCFI_464.json,[2004] HKCFI 464,[2004] HKCFI 464,HCPI 913/2002,[2004] HKCFI 464,clean,16,INJURY_MULTI_BODY_PART;COARSE_ICD_NODE;UNLINKED_MANIFESTATION;UNLINKED_LOSS;PSYCH_DETECTED,,0.375,3,0,1,2,0,0,2,1,1,0,0,0,0,0,,
HKCFI_2004_762.html.txt,2004_HKCFI_762.json,[2004] HKCFI 762,[2004] HKCFI 762,HCPI 416/2003,[2004] HKCFI 762,clean,16,COARSE_ICD_NODE;INJURY_MULTI_BODY_PART;UNLINKED_MANIFESTATION;UNLINKED_LOSS;NO_COMPARABLE,plaintiff.age_at_accident,0.292,5,0,0,2,0,0,2,3,1,0,0,0,0,0,,
HKDC_2004_163.html.txt,2004_HKDC_163.json,[2004] HKDC 163,[2004] HKDC 163,DCPI 107/2004,[2004] HKDC 163,clean,16,NULL_ICD_PSYCH;INJURY_MULTI_BODY_PART;TREATMENT_CONTAMINATED;PSYCH_DETECTED,plaintiff.age_at_accident,0.417,4,1,1,0,0,0,1,0,0,1,0,0,0,0,inj_004,
HKCFI_2006_448.html.txt,2006_HKCFI_448.json,[2006] HKCFI 448,[2006] HKCFI 448,HCPI 192/2005,[2006] HKCFI 448,clean,16,INJURY_MULTI_BODY_PART;NULL_ICD_PREEXISTING;UNLINKED_LOSS;TREATMENT_CONTAMINATED,plaintiff.age_at_accident,0.250,3,1,0,0,0,0,2,0,1,0,1,0,0,0,,
HKDC_2006_207.html.txt,2006_HKDC_207.json,[2006] HKDC 207,[2006] HKDC 207,DCPI 976/2005,[2006] HKDC 207,clean,16,RED_FLAG_NULL_MEDIUM;NULL_RATIO_HIGH;UNLINKED_MANIFESTATION;NO_COMPARABLE,injuries.overall_category,0.500,3,0,0,0,0,0,0,1,0,0,0,0,0,0,,
HKDC_2007_171.html.txt,2007_HKDC_171.json,[2007] HKDC 171,[2007] HKDC 171,DCPI 1081/2005,[2007] HKDC 171,clean,16,NULL_RATIO_HIGH;COARSE_ICD_NODE,plaintiff.age_at_accident,0.500,3,0,0,2,0,0,0,0,0,0,0,0,0,0,,
HKDC_2007_411.html.txt,2007_HKDC_411.json,[2007] HKDC 411,[2007] HKDC 411,DCPI 586/2007,[2007] HKDC 411,clean,16,UNLINKED_MANIFESTATION;UNLINKED_LOSS;SOURCE_NOISE,,0.458,2,0,0,0,0,0,0,4,1,0,0,0,0,0,,
HKCFI_2008_860.html.txt,2008_HKCFI_860.json,[2008] HKCFI 860,[2008] HKCFI 860,HCPI 1100/2005,[2008] HKCFI 860,clean,16,COARSE_ICD_NODE;INJURY_MULTI_BODY_PART;NULL_ICD_OTHER;UNLINKED_MANIFESTATION;UNLINKED_LOSS,,0.375,9,1,0,2,0,0,2,3,1,0,0,0,0,1,,
HKDC_2008_79.html.txt,2008_HKDC_79.json,[2008] HKDC 79,[2008] HKDC 79,DCPI 886/2007,[2008] HKDC 79,clean,16,RED_FLAG_NULL_MEDIUM;COARSE_ICD_NODE;INJURY_MULTI_BODY_PART,injuries.overall_category;plaintiff.age_at_accident,0.333,6,0,0,2,0,0,3,0,0,0,0,0,0,0,,
HKCFI_2009_440.html.txt,2009_HKCFI_440.json,[2009] HKCFI 440,[2009] HKCFI 440,HCPI 483/2008,[2009] HKCFI 440,clean,16,RED_FLAG_NULL_MEDIUM;NULL_RATIO_HIGH;NULL_ICD_OTHER;NO_PSLA_AMOUNT;NO_COMPARABLE,injuries.overall_category;plaintiff.age_at_accident;psla.amount,0.625,1,1,0,0,0,0,0,0,0,0,0,0,0,1,,
HKCFI_2009_646.html.txt,2009_HKCFI_646.json,[2009] HKCFI 646,[2009] HKCFI 646,HCPI 888/2007,[2009] HKCFI 646,clean,16,RED_FLAG_NULL;RED_FLAG_NULL_MEDIUM;NO_PSLA_AMOUNT,plaintiff.gender;injuries.overall_category;plaintiff.age_at_accident;psla.amount,0.458,5,0,0,0,0,0,0,0,0,0,0,0,0,0,,
HKCFI_2009_745.html.txt,2009_HKCFI_745.json,[2009] HKCFI 745,[2009] HKCFI 745,HCPI 630/2008,[2009] HKCFI 745,clean,16,RED_FLAG_NULL_MEDIUM;NULL_RATIO_HIGH;UNLINKED_LOSS;NO_COMPARABLE,injuries.overall_category,0.500,2,0,0,0,0,0,0,0,1,0,0,0,0,0,,
HKCFI_2009_931.html.txt,2009_HKCFI_931.json,[2009] HKCFI 931,[2009] HKCFI 931,HCPI 295/2006,[2009] HKCFI 931,clean,16,RED_FLAG_NULL;INJURY_MULTI_BODY_PART;UNLINKED_MANIFESTATION;NO_COMPARABLE,plaintiff.gender;plaintiff.age_at_accident,0.458,3,0,0,0,0,0,1,2,0,0,0,0,0,0,,
HKDC_2009_107.html.txt,2009_HKDC_107.json,[2009] HKDC 107,[2009] HKDC 107,DCPI 2537/2007,[2009] HKDC 107,clean,16,RED_FLAG_NULL_MEDIUM;NULL_RATIO_HIGH;INJURY_MULTI_BODY_PART,injuries.overall_category;plaintiff.age_at_accident,0.500,3,0,0,0,0,0,1,0,0,0,0,0,0,0,,
HKDC_2009_274.html.txt,2009_HKDC_274.json,[2009] HKDC 274,[2009] HKDC 274,DCPI 2627/2008,[2009] HKDC 274,clean,16,RED_FLAG_NULL_MEDIUM;NULL_ICD_PREEXISTING;INJURY_MULTI_BODY_PART;UNLINKED_MANIFESTATION;UNLINKED_LOSS,injuries.overall_category,0.458,3,1,0,0,0,0,1,5,1,0,1,0,0,0,,
HKCFI_2010_44.html.txt,2010_HKCFI_44.json,[2010] HKCFI 44,[2010] HKCFI 44,HCPI 1084/2007,[2010] HKCFI 44,clean,16,NULL_ICD_PSYCH;NULL_ICD_PREEXISTING;INJURY_MULTI_BODY_PART;UNLINKED_MANIFESTATION;PSYCH_DETECTED;NO_COMPARABLE,,0.250,5,3,1,0,0,0,1,2,0,2,1,0,0,0,"inj_003,inj_004",
HKCFI_2010_478.html.txt,2010_HKCFI_478.json,[2010] HKCFI 478,[2010] HKCFI 478,HCPI 50/2008,[2010] HKCFI 478,clean,16,RED_FLAG_NULL;NULL_ICD_PSYCH;PSYCH_DETECTED,plaintiff.gender,0.458,2,1,1,0,0,0,0,0,0,1,0,0,0,0,inj_002,
HKDC_2010_115.html.txt,2010_HKDC_115.json,[2010] HKDC 115,[2010] HKDC 115,DCPI 818/2008,[2010] HKDC 115,clean,16,ICD_STOPPED_EARLY;NULL_ICD_PSYCH;UNLINKED_MANIFESTATION;PSYCH_DETECTED;NO_COMPARABLE,,0.417,7,3,1,0,1,0,0,2,0,3,0,0,0,0,"inj_006,inj_005,inj_007",
HKDC_2010_238.html.txt,2010_HKDC_238.json,[2010] HKDC 238,[2010] HKDC 238,DCPI 2289/2008,[2010] HKDC 238,clean,16,RED_FLAG_NULL_MEDIUM;NULL_RATIO_HIGH;INJURY_MULTI_BODY_PART,injuries.overall_category;plaintiff.age_at_accident,0.542,1,0,0,0,0,0,1,0,0,0,0,0,0,0,,
HKCFI_2011_250.html.txt,2011_HKCFI_250.json,[2011] HKCFI 250,[2011] HKCFI 250,HCPI 288/1996,[2011] HKCFI 250,clean,16,RED_FLAG_NULL_MEDIUM;NULL_RATIO_HIGH;NULL_ICD_OTHER;NO_PSLA_AMOUNT;NO_COMPARABLE,injuries.overall_category;psla.amount,0.583,1,1,0,0,0,0,0,0,0,0,0,0,0,1,,
HKDC_2011_2.html.txt,2011_HKDC_2.json,[2011] HKDC 2,[2011] HKDC 2,DCPI 483/2007,[2011] HKDC 2,clean,16,RED_FLAG_NULL;NULL_ICD_PSYCH;PSYCH_DETECTED,plaintiff.gender,0.375,3,1,1,0,0,0,0,0,0,1,0,0,0,0,inj_003,
HKCFI_2012_1948.html.txt,2012_HKCFI_1948.json,[2012] HKCFI 1948,[2012] HKCFI 1948,HCPI 241/2010,[2012] HKCFI 1948,clean,16,RED_FLAG_NULL_MEDIUM;INJURY_MULTI_BODY_PART;COARSE_ICD_NODE;NO_COMPARABLE,injuries.overall_category,0.333,2,0,0,1,0,0,2,0,0,0,0,0,0,0,,
HKCFI_2013_1650.html.txt,2013_HKCFI_1650.json,[2013] HKCFI 1650,[2013] HKCFI 1650,HCPI 364/2011,[2013] HKCFI 1650,clean,16,NULL_ICD_OTHER;COARSE_ICD_NODE;PSYCH_DETECTED;PSYCH_NO_PERSONALITY_CHANGE_LOSS,,0.375,6,1,1,1,0,0,0,0,0,0,0,0,0,1,inj_001,
HKCFI_2013_2281.html.txt,2013_HKCFI_2281.json,[2013] HKCFI 2281,[2013] HKCFI 2281,HCPI 421/2010,[2013] HKCFI 2281,clean,16,RED_FLAG_NULL_MEDIUM;NULL_RATIO_HIGH;INJURY_MULTI_BODY_PART,injuries.overall_category,0.500,2,0,0,0,0,0,1,0,0,0,0,0,0,0,,
HKCFI_2013_794.html.txt,2013_HKCFI_794.json,[2013] HKCFI 794,[2013] HKCFI 794,HCPI 23/2012,[2013] HKCFI 794,clean,16,RED_FLAG_NULL_MEDIUM;COARSE_ICD_NODE;INJURY_MULTI_BODY_PART,injuries.overall_category,0.375,2,0,0,2,0,0,2,0,0,0,0,0,0,0,,
HKCFI_2013_991.html.txt,2013_HKCFI_991.json,[2013] HKCFI 991,[2013] HKCFI 991,HCPI 552/2010,[2013] HKCFI 991,clean,16,NULL_RATIO_HIGH;NULL_ICD_PSYCH;PSYCH_DETECTED;NO_PSLA_AMOUNT;NO_COMPARABLE,plaintiff.age_at_accident;psla.amount,0.542,2,2,1,0,0,0,0,0,0,2,0,0,0,0,"inj_001,inj_002",
HKCFI_2014_1138.html.txt,2014_HKCFI_1138.json,[2014] HKCFI 1138,[2014] HKCFI 1138,HCPI 167/2012,[2014] HKCFI 1138,clean,16,ICD_STOPPED_EARLY;INJURY_MULTI_BODY_PART;NULL_ICD_SYMPTOM,plaintiff.age_at_accident,0.458,4,1,0,0,1,0,1,0,0,0,0,0,1,0,,
HKCFI_2014_1516.html.txt,2014_HKCFI_1516.json,[2014] HKCFI 1516,[2014] HKCFI 1516,HCPI 636/2010,[2014] HKCFI 1516,clean,16,RED_FLAG_NULL_MEDIUM;NULL_RATIO_HIGH;NULL_ICD_OTHER;NO_PSLA_AMOUNT;NO_COMPARABLE,injuries.overall_category;plaintiff.age_at_accident;plaintiff.occupation_before;psla.amount,0.667,1,1,0,0,0,0,0,0,0,0,0,0,0,1,,
HKDC_2014_1037.html.txt,2014_HKDC_1037.json,[2014] HKDC 1037,[2014] HKDC 1037,DCPI 1580/2010,[2014] HKDC 1037,clean,16,RED_FLAG_NULL_MEDIUM;INJURY_MULTI_BODY_PART;NULL_ICD_PSYCH;UNLINKED_LOSS;PSYCH_DETECTED,injuries.overall_category,0.458,3,1,1,0,0,0,2,0,1,1,0,0,0,0,inj_003,
HKCFI_2016_1008.html.txt,2016_HKCFI_1008.json,[2016] HKCFI 1008,[2016] HKCFI 1008,HCPI 1129/2014,[2016] HKCFI 1008,clean,16,COARSE_ICD_NODE;ICD_STOPPED_EARLY,,0.375,7,0,0,2,2,0,0,0,0,0,0,0,0,0,,
HKCFI_2017_781.html.txt,2017_HKCFI_781.json,[2017] HKCFI 781,[2017] HKCFI 781,HCPI 62/2011,[2017] HKCFI 781,clean,16,NULL_RATIO_HIGH;NULL_ICD_PSYCH;PSYCH_DETECTED;NO_COMPARABLE;MULTI_PLAINTIFF,plaintiff.occupation_before,0.500,5,2,1,0,0,0,0,0,0,2,0,0,0,0,"inj_004,inj_005",
HKDC_2019_445.html.txt,2019_HKDC_445.json,[2019] HKDC 445,[2019] HKDC 445,DCPI 2598/2016,[2019] HKDC 445,clean,16,NULL_ICD_OTHER;COARSE_ICD_NODE;INJURY_MULTI_BODY_PART;UNLINKED_MANIFESTATION;NO_COMPARABLE;MULTI_PLAINTIFF,,0.458,5,1,0,2,0,0,1,3,0,0,0,0,0,1,,
HKCFI_1977_41.html.txt,1977_HKCFI_41.json,[1977] HKCFI 41,[1977] HKCFI 41,HCA 1829/1975,[1977] HKCFI 41,clean,15,COARSE_ICD_NODE;INJURY_MULTI_BODY_PART;UNLINKED_MANIFESTATION;NO_COMPARABLE,plaintiff.age_at_accident,0.417,7,0,0,3,0,0,4,4,0,0,0,0,0,0,,
HKCFI_1977_43.html.txt,1977_HKCFI_43.json,[1977] HKCFI 43,[1977] HKCFI 43,HCA 2057/1976,[1977] HKCFI 43,clean,15,INJURY_MULTI_BODY_PART;COARSE_ICD_NODE;UNLINKED_MANIFESTATION;NO_COMPARABLE,,0.417,5,0,0,3,0,0,3,2,0,0,0,0,0,0,,
HKCFI_1979_54.html.txt,1979_HKCFI_54.json,[1979] HKCFI 54,[1979] HKCFI 54,HCA 3634/1978,[1979] HKCFI 54,clean,15,RED_FLAG_NULL_MEDIUM;ICD_STOPPED_EARLY;NULL_ICD_OTHER;UNLINKED_MANIFESTATION,injuries.overall_category,0.375,4,1,0,0,1,0,0,1,0,0,0,0,0,1,,
HKCFI_1982_6.html.txt,1982_HKCFI_6.json,[1982] HKCFI 6,[1982] HKCFI 6,HCA 7211/1980,[1982] HKCFI 6,clean,15,RED_FLAG_NULL_MEDIUM;NULL_RATIO_HIGH;NO_COMPARABLE;MULTI_PLAINTIFF,injuries.overall_category;plaintiff.age_at_accident,0.542,1,0,0,0,0,0,0,0,0,0,0,0,0,0,,
HKCA_1983_260.html.txt,1983_HKCA_260.json,[1983] HKCA 260,[1983] HKCA 260,CACV 13/1983,[1983] HKCA 260,clean,15,RED_FLAG_NULL_MEDIUM;NULL_RATIO_HIGH;NULL_ICD_OTHER;NO_COMPARABLE,injuries.overall_category;plaintiff.age_at_accident;plaintiff.occupation_before,0.667,2,2,0,0,0,0,0,0,0,0,0,0,0,2,,
HKCFI_1983_102.html.txt,1983_HKCFI_102.json,[1983] HKCFI 102,[1983] HKCFI 102,HCA 8814/1982,[1983] HKCFI 102,clean,15,RED_FLAG_NULL;RED_FLAG_NULL_MEDIUM,plaintiff.gender;injuries.overall_category,0.417,1,0,0,0,0,0,0,0,0,0,0,0,0,0,,
HKCFI_1983_3.html.txt,1983_HKCFI_3.json,[1983] HKCFI 3,[1983] HKCFI 3,HCA 2204/1982,[1983] HKCFI 3,clean,15,RED_FLAG_NULL_MEDIUM;NULL_RATIO_HIGH;NULL_ICD_OTHER;NO_COMPARABLE,injuries.overall_category;plaintiff.occupation_before,0.583,1,1,0,0,0,0,0,0,0,0,0,0,0,1,,
HKCFI_1983_4.html.txt,1983_HKCFI_4.json,[1983] HKCFI 4,[1983] HKCFI 4,HCA 3993/1983,[1983] HKCFI 4,clean,15,RED_FLAG_NULL;RED_FLAG_NULL_MEDIUM,plaintiff.gender;injuries.overall_category,0.375,1,0,0,0,0,0,0,0,0,0,0,0,0,0,,
HKCFI_1984_41.html.txt,1984_HKCFI_41.json,[1984] HKCFI 41,[1984] HKCFI 41,HCA 1426/1983,[1984] HKCFI 41,clean,15,RED_FLAG_NULL_MEDIUM;INJURY_MULTI_BODY_PART;COARSE_ICD_NODE,injuries.overall_category;plaintiff.occupation_before,0.417,2,0,0,1,0,0,1,0,0,0,0,0,0,0,,
HKCFI_1984_45.html.txt,1984_HKCFI_45.json,[1984] HKCFI 45,[1984] HKCFI 45,HCA 3660/1984,[1984] HKCFI 45,clean,15,RED_FLAG_NULL_MEDIUM;NULL_RATIO_HIGH;NULL_ICD_OTHER;MULTI_PLAINTIFF,injuries.overall_category,0.500,1,1,0,0,0,0,0,0,0,0,0,0,0,1,,
HKCFI_1985_564.html.txt,1985_HKCFI_564.json,[1985] HKCFI 564,[1985] HKCFI 564,HCA 9069/1981,[1985] HKCFI 564,clean,15,COARSE_ICD_NODE;INJURY_MULTI_BODY_PART;UNLINKED_MANIFESTATION;UNLINKED_LOSS,plaintiff.age_at_accident,0.417,6,0,0,2,0,0,1,4,3,0,0,0,0,0,,
HKCFI_1985_82.html.txt,1985_HKCFI_82.json,[1985] HKCFI 82,[1985] HKCFI 82,HCA 1788/1984,[1985] HKCFI 82,clean,15,RED_FLAG_NULL;RED_FLAG_NULL_MEDIUM,plaintiff.gender;injuries.overall_category,0.458,1,0,0,0,0,0,0,0,0,0,0,0,0,0,,
HKCFI_1986_429.html.txt,1986_HKCFI_429.json,[1986] HKCFI 429,[1986] HKCFI 429,HCA 6818/1981,[1986] HKCFI 429,clean,15,RED_FLAG_NULL_MEDIUM;NULL_ICD_BURN;INJURY_MULTI_BODY_PART;NO_COMPARABLE;MULTI_PLAINTIFF,injuries.overall_category;plaintiff.age_at_accident,0.458,2,2,0,0,0,0,1,0,0,0,0,2,0,0,,
HKCFI_1989_415.html.txt,1989_HKCFI_415.json,[1989] HKCFI 415,[1989] HKCFI 415,HCA 2118/1987,[1989] HKCFI 415,clean,15,NULL_ICD_BURN;INJURY_MULTI_BODY_PART;COARSE_ICD_NODE,plaintiff.age_at_accident,0.375,2,1,0,1,0,0,1,0,0,0,0,1,0,0,,
HKCFI_1990_332.html.txt,1990_HKCFI_332.json,[1990] HKCFI 332,[1990] HKCFI 332,HCA 1434/1988,[1990] HKCFI 332,clean,15,COARSE_ICD_NODE;INJURY_MULTI_BODY_PART;UNLINKED_MANIFESTATION;UNLINKED_LOSS,,0.292,10,0,0,2,0,0,2,13,3,0,0,0,0,0,,
HKCFI_1998_1020.html.txt,1998_HKCFI_1020.json,[1998] HKCFI 1020,[1998] HKCFI 1020,HCPI 134/1994,[1998] HKCFI 1020,clean,15,COARSE_ICD_NODE;NULL_ICD_PREEXISTING;PREEXISTING_METADATA_MISMATCH;PSYCH_DETECTED,,0.292,3,1,1,1,0,0,0,0,0,0,1,0,0,0,,
HKCFI_2002_1050.html.txt,2002_HKCFI_1050.json,[2002] HKCFI 1050,[2002] HKCFI 1050,HCPI 76/2002,[2002] HKCFI 1050,clean,15,RED_FLAG_NULL_MEDIUM;COARSE_ICD_NODE;INJURY_MULTI_BODY_PART,injuries.overall_category,0.167,2,0,0,1,0,0,1,0,0,0,0,0,0,0,,
HKCFI_2002_775.html.txt,2002_HKCFI_775.json,[2002] HKCFI 775,[2002] HKCFI 775,HCPI 804/2001,[2002] HKCFI 775,clean,15,RED_FLAG_NULL_MEDIUM;COARSE_ICD_NODE;INJURY_MULTI_BODY_PART,injuries.overall_category,0.458,3,0,0,1,0,0,1,0,0,0,0,0,0,0,,
HKCFI_2004_75.html.txt,2004_HKCFI_75.json,[2004] HKCFI 75,[2004] HKCFI 75,HCPI 387/2002,[2004] HKCFI 75,clean,15,RED_FLAG_NULL_MEDIUM;COARSE_ICD_NODE;NULL_ICD_OTHER;UNLINKED_MANIFESTATION,injuries.overall_category,0.208,2,1,0,1,0,0,0,1,0,0,0,0,0,1,,
HKCFI_2005_64.html.txt,2005_HKCFI_64.json,[2005] HKCFI 64,[2005] HKCFI 64,HCPI 292/2004,[2005] HKCFI 64,clean,15,COARSE_ICD_NODE;INJURY_MULTI_BODY_PART;UNLINKED_MANIFESTATION;UNLINKED_LOSS,plaintiff.age_at_accident,0.292,5,0,0,2,0,0,1,2,1,0,0,0,0,0,,
HKDC_2005_52.html.txt,2005_HKDC_52.json,[2005] HKDC 52,[2005] HKDC 52,DCPI 624/2003,[2005] HKDC 52,clean,15,RED_FLAG_NULL_MEDIUM;COARSE_ICD_NODE;INJURY_MULTI_BODY_PART,injuries.overall_category,0.292,4,0,0,1,0,0,2,0,0,0,0,0,0,0,,
HKDC_2005_6.html.txt,2005_HKDC_6.json,[2005] HKDC 6,[2005] HKDC 6,DCPI 625/2003,[2005] HKDC 6,clean,15,RED_FLAG_NULL_MEDIUM;COARSE_ICD_NODE;INJURY_MULTI_BODY_PART,injuries.overall_category;plaintiff.age_at_accident,0.417,1,0,0,1,0,0,1,0,0,0,0,0,0,0,,
HKCFI_2007_887.html.txt,2007_HKCFI_887.json,[2007] HKCFI 887,[2007] HKCFI 887,HCPI 188/2006,[2007] HKCFI 887,clean,15,RED_FLAG_NULL_MEDIUM;INJURY_MULTI_BODY_PART;COARSE_ICD_NODE,injuries.overall_category;plaintiff.age_at_accident,0.458,2,0,0,1,0,0,1,0,0,0,0,0,0,0,,
HKDC_2007_105.html.txt,2007_HKDC_105.json,[2007] HKDC 105,[2007] HKDC 105,DCPI 643/2006,[2007] HKDC 105,clean,15,RED_FLAG_NULL;RED_FLAG_NULL_MEDIUM,plaintiff.gender;injuries.overall_category;plaintiff.occupation_before,0.458,1,0,0,0,0,0,0,0,0,0,0,0,0,0,,
HKDC_2007_387.html.txt,2007_HKDC_387.json,[2007] HKDC 387,[2007] HKDC 387,DCPI 1415/2006,[2007] HKDC 387,clean,15,RED_FLAG_NULL;RED_FLAG_NULL_MEDIUM,plaintiff.gender;injuries.overall_category,0.417,1,0,0,0,0,0,0,0,0,0,0,0,0,0,,
HKDC_2007_93.html.txt,2007_HKDC_93.json,[2007] HKDC 93,[2007] HKDC 93,DCPI 1106/2005,[2007] HKDC 93,clean,15,RED_FLAG_NULL;UNLINKED_MANIFESTATION;UNLINKED_LOSS;PSYCH_DETECTED,plaintiff.gender;plaintiff.age_at_accident,0.417,5,0,1,0,0,0,0,6,1,0,0,0,0,0,,
HKCFI_2008_292.html.txt,2008_HKCFI_292.json,[2008] HKCFI 292,[2008] HKCFI 292,HCPI 1018/2006,[2008] HKCFI 292,clean,15,RED_FLAG_NULL_MEDIUM;INJURY_MULTI_BODY_PART;NULL_ICD_PREEXISTING;PREEXISTING_METADATA_MISMATCH,injuries.overall_category,0.208,3,1,0,0,0,0,1,0,0,0,1,0,0,0,,
HKCFI_2008_603.html.txt,2008_HKCFI_603.json,[2008] HKCFI 603,[2008] HKCFI 603,HCPI 986/2006,[2008] HKCFI 603,clean,15,COARSE_ICD_NODE;INJURY_MULTI_BODY_PART;UNLINKED_MANIFESTATION;UNLINKED_LOSS;PSYCH_DETECTED,,0.333,1,0,1,1,0,0,1,5,1,0,0,0,0,0,,
HKDC_2008_176.html.txt,2008_HKDC_176.json,[2008] HKDC 176,[2008] HKDC 176,DCPI 910/2005,[2008] HKDC 176,clean,15,RED_FLAG_NULL_MEDIUM;COARSE_ICD_NODE;INJURY_MULTI_BODY_PART,injuries.overall_category,0.292,1,0,0,1,0,0,1,0,0,0,0,0,0,0,,
HKDC_2008_199.html.txt,2008_HKDC_199.json,[2008] HKDC 199,[2008] HKDC 199,DCPI 1209/2006,[2008] HKDC 199,clean,15,RED_FLAG_NULL_MEDIUM;NULL_ICD_PSYCH;INJURY_MULTI_BODY_PART;NULL_ICD_OTHER;PSYCH_DETECTED,injuries.overall_category,0.375,6,3,1,0,0,0,3,0,0,1,0,0,0,2,"inj_001,inj_002",
HKDC_2008_291.html.txt,2008_HKDC_291.json,[2008] HKDC 291,[2008] HKDC 291,DCPI 2222/2007,[2008] HKDC 291,clean,15,RED_FLAG_NULL;RED_FLAG_NULL_MEDIUM,plaintiff.gender;injuries.overall_category;plaintiff.age_at_accident,0.417,1,0,0,0,0,0,0,0,0,0,0,0,0,0,,
HKDC_2009_1368.html.txt,2009_HKDC_1368.json,[2009] HKDC 1368,[2009] HKDC 1368,DCPI 344/2008,[2009] HKDC 1368,clean,15,NULL_RATIO_HIGH;INJURY_MULTI_BODY_PART;NULL_ICD_PREEXISTING,plaintiff.age_at_accident,0.500,2,1,0,0,0,0,1,0,0,0,1,0,0,0,,
HKDC_2009_176.html.txt,2009_HKDC_176.json,[2009] HKDC 176,[2009] HKDC 176,DCPI 2616/2008,[2009] HKDC 176,clean,15,RED_FLAG_NULL;RED_FLAG_NULL_MEDIUM,plaintiff.gender;injuries.overall_category,0.458,1,0,0,0,0,0,0,0,0,0,0,0,0,0,,
HKDC_2009_206.html.txt,2009_HKDC_206.json,[2009] HKDC 206,[2009] HKDC 206,DCPI 2012/2008,[2009] HKDC 206,clean,15,RED_FLAG_NULL_MEDIUM;ICD_STOPPED_EARLY;INJURY_MULTI_BODY_PART,injuries.overall_category,0.458,3,0,0,0,1,0,1,0,0,0,0,0,0,0,,
HKCFI_2010_448.html.txt,2010_HKCFI_448.json,[2010] HKCFI 448,[2010] HKCFI 448,HCPI 515/2009,[2010] HKCFI 448,clean,15,RED_FLAG_NULL;RED_FLAG_NULL_MEDIUM,plaintiff.gender;injuries.overall_category,0.375,2,0,0,0,0,0,0,0,0,0,0,0,0,0,,
HKCFI_2010_514.html.txt,2010_HKCFI_514.json,[2010] HKCFI 514,[2010] HKCFI 514,HCPI 180/2005,[2010] HKCFI 514,clean,15,RED_FLAG_NULL_MEDIUM;ZERO_LOSSES;NO_COMPARABLE,injuries.overall_category;losses.losses,0.375,1,0,0,0,0,0,0,0,0,0,0,0,0,0,,
HKCFI_2010_987.html.txt,2010_HKCFI_987.json,[2010] HKCFI 987,[2010] HKCFI 987,HCPI 373/2009,[2010] HKCFI 987,clean,15,RED_FLAG_NULL;RED_FLAG_NULL_MEDIUM,plaintiff.gender;injuries.overall_category,0.375,2,0,0,0,0,0,0,0,0,0,0,0,0,0,,
HKDC_2010_178.html.txt,2010_HKDC_178.json,[2010] HKDC 178,[2010] HKDC 178,DCPI 764/2009,[2010] HKDC 178,clean,15,RED_FLAG_NULL_MEDIUM;INJURY_MULTI_BODY_PART;COARSE_ICD_NODE,injuries.overall_category;plaintiff.age_at_accident,0.375,2,0,0,1,0,0,2,0,0,0,0,0,0,0,,
HKDC_2010_57.html.txt,2010_HKDC_57.json,[2010] HKDC 57,[2010] HKDC 57,DCPI 896/2009,[2010] HKDC 57,clean,15,RED_FLAG_NULL;RED_FLAG_NULL_MEDIUM,plaintiff.gender;injuries.overall_category,0.250,2,0,0,0,0,0,0,0,0,0,0,0,0,0,,
HKCFI_2011_416.html.txt,2011_HKCFI_416.json,[2011] HKCFI 416,[2011] HKCFI 416,HCPI 318/2010,[2011] HKCFI 416,clean,15,RED_FLAG_NULL_MEDIUM;NULL_RATIO_HIGH;NULL_ICD_OTHER;NO_COMPARABLE,injuries.overall_category;plaintiff.age_at_accident,0.583,1,1,0,0,0,0,0,0,0,0,0,0,0,1,,
HKDC_2011_21.html.txt,2011_HKDC_21.json,[2011] HKDC 21,[2011] HKDC 21,DCPI 2164/2009,[2011] HKDC 21,clean,15,RED_FLAG_NULL_MEDIUM;NULL_RATIO_HIGH;UNLINKED_MANIFESTATION,injuries.overall_category;plaintiff.age_at_accident;plaintiff.occupation_before,0.667,3,0,0,0,0,0,0,6,0,0,0,0,0,0,,
HKDC_2012_1.html.txt,2012_HKDC_1.json,[2012] HKDC 1,[2012] HKDC 1,DCPI 2738/2009,[2012] HKDC 1,clean,15,RED_FLAG_NULL_MEDIUM;COARSE_ICD_NODE;INJURY_MULTI_BODY_PART,injuries.overall_category,0.292,2,0,0,1,0,0,1,0,0,0,0,0,0,0,,
HKDC_2012_1003.html.txt,2012_HKDC_1003.json,[2012] HKDC 1003,[2012] HKDC 1003,DCPI 852/2011,[2012] HKDC 1003,clean,15,RED_FLAG_NULL;RED_FLAG_NULL_MEDIUM,plaintiff.gender;injuries.overall_category,0.375,1,0,0,0,0,0,0,0,0,0,0,0,0,0,,
HKDC_2012_304.html.txt,2012_HKDC_304.json,[2012] HKDC 304,[2012] HKDC 304,DCPI 1660/2010,[2012] HKDC 304,clean,15,RED_FLAG_NULL_MEDIUM;NULL_ICD_OTHER;ZERO_LOSSES,losses.losses;plaintiff.age_at_accident,0.458,1,1,0,0,0,0,0,0,0,0,0,0,0,1,,
HKCFI_2013_516.html.txt,2013_HKCFI_516.json,[2013] HKCFI 516,[2013] HKCFI 516,HCPI 674/2010,[2013] HKCFI 516,clean,15,RED_FLAG_NULL_MEDIUM;INJURY_MULTI_BODY_PART;TREATMENT_CONTAMINATED,injuries.overall_category,0.333,2,0,0,0,0,0,2,0,0,0,0,0,0,0,,
HKDC_2013_1718.html.txt,2013_HKDC_1718.json,[2013] HKDC 1718,[2013] HKDC 1718,DCPI 1463/2011,[2013] HKDC 1718,clean,15,RED_FLAG_NULL;RED_FLAG_NULL_MEDIUM,plaintiff.gender;injuries.overall_category;plaintiff.age_at_accident,0.458,2,0,0,0,0,0,0,0,0,0,0,0,0,0,,
HKDC_2014_1051.html.txt,2014_HKDC_1051.json,[2014] HKDC 1051,[2014] HKDC 1051,DCPI 2757/2012,[2014] HKDC 1051,clean,15,RED_FLAG_NULL;RED_FLAG_NULL_MEDIUM,plaintiff.gender;injuries.overall_category,0.375,1,0,0,0,0,0,0,0,0,0,0,0,0,0,,
HKDC_2014_1273.html.txt,2014_HKDC_1273.json,[2014] HKDC 1273,[2014] HKDC 1273,DCPI 1585/2011,[2014] HKDC 1273,clean,15,RED_FLAG_NULL_MEDIUM;INJURY_MULTI_BODY_PART;COARSE_ICD_NODE,injuries.overall_category,0.292,3,0,0,1,0,0,3,0,0,0,0,0,0,0,,
HKCFI_2015_1599.html.txt,2015_HKCFI_1599.json,[2015] HKCFI 1599,[2015] HKCFI 1599,HCPI 314/2010,[2015] HKCFI 1599,clean,15,COARSE_ICD_NODE;NULL_ICD_PREEXISTING;UNLINKED_MANIFESTATION;UNLINKED_LOSS,plaintiff.age_at_accident,0.333,4,1,0,1,0,0,0,7,2,0,1,0,0,0,,
HKDC_2015_499.html.txt,2015_HKDC_499.json,[2015] HKDC 499,[2015] HKDC 499,DCPI 1208/2011,[2015] HKDC 499,clean,15,RED_FLAG_NULL;UNLINKED_MANIFESTATION;UNLINKED_LOSS;PSYCH_DETECTED,plaintiff.gender,0.292,3,0,1,0,0,0,0,9,1,0,0,0,0,0,,
HKCFI_2016_1709.html.txt,2016_HKCFI_1709.json,[2016] HKCFI 1709,[2016] HKCFI 1709,HCPI 347/2012,[2016] HKCFI 1709,clean,15,RED_FLAG_NULL_MEDIUM;INJURY_MULTI_BODY_PART;NULL_ICD_PSYCH;PSYCH_DETECTED;NO_COMPARABLE,injuries.overall_category,0.333,5,1,1,0,0,0,2,0,0,1,0,0,0,0,inj_004,
HKCFI_2016_601.html.txt,2016_HKCFI_601.json,[2016] HKCFI 601,[2016] HKCFI 601,HCPI 1030/2013,[2016] HKCFI 601,clean,15,COARSE_ICD_NODE;INJURY_MULTI_BODY_PART;UNLINKED_MANIFESTATION,,0.125,8,0,0,4,0,0,1,1,0,0,0,0,0,0,,
HKCFI_2016_919.html.txt,2016_HKCFI_919.json,[2016] HKCFI 919,[2016] HKCFI 919,HCPI 497/2014,[2016] HKCFI 919,clean,15,RED_FLAG_NULL_MEDIUM;INJURY_MULTI_BODY_PART;NULL_ICD_PSYCH;PSYCH_DETECTED;NO_COMPARABLE,injuries.overall_category,0.292,6,2,1,0,0,0,1,0,0,2,0,0,0,0,"inj_004,inj_005,inj_006",
HKDC_2016_1320.html.txt,2016_HKDC_1320.json,[2016] HKDC 1320,[2016] HKDC 1320,DCEC 1612/2012,[2016] HKDC 1320,clean,15,RED_FLAG_NULL_MEDIUM;ZERO_LOSSES;NO_COMPARABLE,losses.losses,0.208,1,0,0,0,0,0,0,0,0,0,0,0,0,0,,
HKCFI_2017_1944.html.txt,2017_HKCFI_1944.json,[2017] HKCFI 1944,[2017] HKCFI 1944,HCPI 1058/2015,[2017] HKCFI 1944,clean,15,RED_FLAG_NULL_MEDIUM;NULL_RATIO_HIGH;NULL_ICD_OTHER;NO_COMPARABLE,injuries.overall_category;plaintiff.occupation_before,0.625,1,1,0,0,0,0,0,0,0,0,0,0,0,1,,
HKDC_2017_167.html.txt,2017_HKDC_167.json,[2017] HKDC 167,[2017] HKDC 167,DCPI 1622/2015,[2017] HKDC 167,clean,15,RED_FLAG_NULL;RED_FLAG_NULL_MEDIUM,plaintiff.gender;injuries.overall_category,0.333,1,0,0,0,0,0,0,0,0,0,0,0,0,0,,
HKCFI_2018_1685.html.txt,2018_HKCFI_1685.json,[2018] HKCFI 1685,[2018] HKCFI 1685,HCPI 697/2012,[2018] HKCFI 1685,clean,15,RED_FLAG_NULL_MEDIUM;NULL_ICD_OTHER;COARSE_ICD_NODE;UNLINKED_LOSS,injuries.overall_category,0.208,4,3,0,1,0,0,0,0,3,0,0,0,0,3,,
HKDC_2019_543.html.txt,2019_HKDC_543.json,[2019] HKDC 543,[2019] HKDC 543,DCPI 1985/2013,[2019] HKDC 543,clean,15,RED_FLAG_NULL_MEDIUM;COARSE_ICD_NODE;UNLINKED_MANIFESTATION,injuries.overall_category,0.333,2,0,0,2,0,0,0,6,0,0,0,0,0,0,,
HKDC_2019_771.html.txt,2019_HKDC_771.json,[2019] HKDC 771,[2019] HKDC 771,DCPI 206/2017,[2019] HKDC 771,clean,15,RED_FLAG_NULL;RED_FLAG_NULL_MEDIUM,plaintiff.gender;injuries.overall_category,0.417,1,0,0,0,0,0,0,0,0,0,0,0,0,0,,
HKDC_1979_6.html.txt,1979_HKDC_6.json,[1979] HKDC 6,[1979] HKDC 6,DCCJ 3117/1978,[1979] HKDC 6,clean,14,COARSE_ICD_NODE;INJURY_MULTI_BODY_PART;UNLINKED_MANIFESTATION;NO_PSLA_AMOUNT;NO_COMPARABLE,plaintiff.age_at_accident;psla.amount,0.458,3,0,0,1,0,0,1,1,0,0,0,0,0,0,,
HKCFI_1981_5.html.txt,1981_HKCFI_5.json,[1981] HKCFI 5,[1981] HKCFI 5,HCA 5088/1979,[1981] HKCFI 5,clean,14,RED_FLAG_NULL_MEDIUM;UNLINKED_MANIFESTATION;TREATMENT_CONTAMINATED,injuries.overall_category,0.375,3,0,0,0,0,0,0,6,0,0,0,0,0,0,,
HKCA_1982_259.html.txt,1982_HKCA_259.json,[1982] HKCA 259,[1982] HKCA 259,CACV 93/1982,[1982] HKCA 259,clean,14,RED_FLAG_NULL_MEDIUM;NULL_RATIO_HIGH;NO_COMPARABLE,injuries.overall_category;plaintiff.occupation_before,0.542,1,0,0,0,0,0,0,0,0,0,0,0,0,0,,
HKCFI_1983_2.html.txt,1983_HKCFI_2.json,[1983] HKCFI 2,[1983] HKCFI 2,HCA 1374/1983,[1983] HKCFI 2,clean,14,RED_FLAG_NULL_MEDIUM;NULL_RATIO_HIGH;NULL_ICD_OTHER,injuries.overall_category,0.542,1,1,0,0,0,0,0,0,0,0,0,0,0,1,,
HKCFI_1984_366.html.txt,1984_HKCFI_366.json,[1984] HKCFI 366,[1984] HKCFI 366,HCA 5345/1982,[1984] HKCFI 366,clean,14,RED_FLAG_NULL_MEDIUM;NULL_RATIO_HIGH;NO_COMPARABLE,injuries.overall_category;plaintiff.age_at_accident,0.583,1,0,0,0,0,0,0,0,0,0,0,0,0,0,,
HKCFI_1986_21.html.txt,1986_HKCFI_21.json,[1986] HKCFI 21,[1986] HKCFI 21,HCA 5474/1985,[1986] HKCFI 21,clean,14,INJURY_MULTI_BODY_PART;UNLINKED_MANIFESTATION;UNLINKED_LOSS;TREATMENT_CONTAMINATED,,0.250,7,0,0,0,0,0,2,1,1,0,0,0,0,0,,
HKCFI_1987_133.html.txt,1987_HKCFI_133.json,[1987] HKCFI 133,[1987] HKCFI 133,HCA 2172/1985,[1987] HKCFI 133,clean,14,RED_FLAG_NULL_MEDIUM;INJURY_MULTI_BODY_PART;NULL_ICD_PREEXISTING;UNLINKED_MANIFESTATION,injuries.overall_category,0.333,5,1,0,0,0,0,1,1,0,0,1,0,0,0,,
HKCFI_1990_314.html.txt,1990_HKCFI_314.json,[1990] HKCFI 314,[1990] HKCFI 314,HCA 5302/1988,[1990] HKCFI 314,clean,14,RED_FLAG_NULL_MEDIUM;COARSE_ICD_NODE;MULTI_PLAINTIFF,injuries.overall_category,0.333,3,0,0,2,0,0,0,0,0,0,0,0,0,0,,
HKCFI_1990_78.html.txt,1990_HKCFI_78.json,[1990] HKCFI 78,[1990] HKCFI 78,HCA 1582/1990,[1990] HKCFI 78,clean,14,COARSE_ICD_NODE;INJURY_MULTI_BODY_PART,,0.292,7,0,0,5,0,0,2,0,0,0,0,0,0,0,,
HKCFI_1997_359.html.txt,1997_HKCFI_359.json,[1997] HKCFI 359,[1997] HKCFI 359,HCPI 1383/1996,[1997] HKCFI 359,clean,14,COARSE_ICD_NODE;NULL_ICD_PREEXISTING;PREEXISTING_METADATA_MISMATCH,,0.292,6,1,0,1,0,0,0,0,0,0,1,0,0,0,,
HKCFI_1997_378.html.txt,1997_HKCFI_378.json,[1997] HKCFI 378,[1997] HKCFI 378,HCA 5814/1993,[1997] HKCFI 378,clean,14,RED_FLAG_NULL;NULL_ICD_OTHER;INJURY_MULTI_BODY_PART,plaintiff.gender,0.375,10,1,0,0,0,0,1,0,0,0,0,0,0,1,,
HKCFI_1999_1395.html.txt,1999_HKCFI_1395.json,[1999] HKCFI 1395,[1999] HKCFI 1395,HCPI 1111/1997,[1999] HKCFI 1395,clean,14,RED_FLAG_NULL_MEDIUM;COARSE_ICD_NODE;UNLINKED_MANIFESTATION,injuries.overall_category;plaintiff.age_at_accident,0.458,2,0,0,1,0,0,0,1,0,0,0,0,0,0,,
HKCFI_1999_364.html.txt,1999_HKCFI_364.json,[1999] HKCFI 364,[1999] HKCFI 364,HCPI 187/1995,[1999] HKCFI 364,clean,14,RED_FLAG_NULL_MEDIUM;NULL_ICD_OTHER;PSYCH_DETECTED;PSYCH_NO_PERSONALITY_CHANGE_LOSS,injuries.overall_category,0.375,2,1,1,0,0,0,0,0,0,0,0,0,0,1,,
HKCFI_2000_810.html.txt,2000_HKCFI_810.json,[2000] HKCFI 810,[2000] HKCFI 810,HCPI 76/1999,[2000] HKCFI 810,clean,14,RED_FLAG_NULL_MEDIUM;NULL_RATIO_HIGH;NO_COMPARABLE,injuries.overall_category,0.583,1,0,0,0,0,0,0,0,0,0,0,0,0,0,,
HKCFI_2001_481.html.txt,2001_HKCFI_481.json,[2001] HKCFI 481,[2001] HKCFI 481,HCPI 863/1999,[2001] HKCFI 481,clean,14,RED_FLAG_NULL_MEDIUM;NULL_RATIO_HIGH;NO_COMPARABLE,injuries.overall_category;plaintiff.age_at_accident;plaintiff.occupation_before,0.625,1,0,0,0,0,0,0,0,0,0,0,0,0,0,,
HKCFI_2001_557.html.txt,2001_HKCFI_557.json,[2001] HKCFI 557,[2001] HKCFI 557,HCPI 1284/1999,[2001] HKCFI 557,clean,14,INJURY_MULTI_BODY_PART;COARSE_ICD_NODE;UNLINKED_LOSS;PSYCH_DETECTED;NO_COMPARABLE,,0.250,7,0,1,1,0,0,3,0,1,0,0,0,0,0,,
HKCFI_2002_44.html.txt,2002_HKCFI_44.json,[2002] HKCFI 44,[2002] HKCFI 44,HCPI 522/2001,[2002] HKCFI 44,clean,14,RED_FLAG_NULL_MEDIUM;NULL_RATIO_HIGH;NO_COMPARABLE,injuries.overall_category,0.500,1,0,0,0,0,0,0,0,0,0,0,0,0,0,,
HKDC_2003_56.html.txt,2003_HKDC_56.json,[2003] HKDC 56,[2003] HKDC 56,DCPI 408/2002,[2003] HKDC 56,clean,14,RED_FLAG_NULL_MEDIUM;NULL_RATIO_HIGH;NO_COMPARABLE,injuries.overall_category,0.542,1,0,0,0,0,0,0,0,0,0,0,0,0,0,,
HKCFI_2004_1152.html.txt,2004_HKCFI_1152.json,[2004] HKCFI 1152,[2004] HKCFI 1152,HCPI 296/2002,[2004] HKCFI 1152,clean,14,RED_FLAG_NULL_MEDIUM;NULL_ICD_PSYCH;INJURY_MULTI_BODY_PART;PSYCH_DETECTED,injuries.overall_category,0.292,2,1,1,0,0,0,1,0,0,1,0,0,0,0,inj_002,
HKCFI_2004_907.html.txt,2004_HKCFI_907.json,[2004] HKCFI 907,[2004] HKCFI 907,HCPI 309/2003,[2004] HKCFI 907,clean,14,RED_FLAG_NULL_MEDIUM;NULL_RATIO_HIGH;NO_COMPARABLE,injuries.overall_category;plaintiff.age_at_accident,0.500,2,0,0,0,0,0,0,0,0,0,0,0,0,0,,
HKCFI_2006_1105.html.txt,2006_HKCFI_1105.json,[2006] HKCFI 1105,[2006] HKCFI 1105,HCPI 575/2005,[2006] HKCFI 1105,clean,14,RED_FLAG_NULL_MEDIUM;COARSE_ICD_NODE,injuries.overall_category,0.333,4,0,0,3,0,0,0,0,0,0,0,0,0,0,,
HKCFI_2007_1106.html.txt,2007_HKCFI_1106.json,[2007] HKCFI 1106,[2007] HKCFI 1106,HCPI 1241/2003,[2007] HKCFI 1106,clean,14,RED_FLAG_NULL_MEDIUM;NULL_RATIO_HIGH;NO_COMPARABLE,injuries.overall_category;plaintiff.age_at_accident;plaintiff.occupation_before,0.542,1,0,0,0,0,0,0,0,0,0,0,0,0,0,,
HKCFI_2008_471.html.txt,2008_HKCFI_471.json,[2008] HKCFI 471,[2008] HKCFI 471,HCPI 199/2006,[2008] HKCFI 471,clean,14,RED_FLAG_NULL_MEDIUM;NULL_RATIO_HIGH;NO_COMPARABLE,injuries.overall_category;plaintiff.age_at_accident,0.500,1,0,0,0,0,0,0,0,0,0,0,0,0,0,,
HKCFI_2008_78.html.txt,2008_HKCFI_78.json,[2008] HKCFI 78,[2008] HKCFI 78,HCPI 617/2006,[2008] HKCFI 78,clean,14,RED_FLAG_NULL_MEDIUM;NULL_RATIO_HIGH;NO_COMPARABLE,injuries.overall_category,0.542,1,0,0,0,0,0,0,0,0,0,0,0,0,0,,
HKCFI_2008_918.html.txt,2008_HKCFI_918.json,[2008] HKCFI 918,[2008] HKCFI 918,HCPI 303/2007,[2008] HKCFI 918,clean,14,RED_FLAG_NULL_MEDIUM;COARSE_ICD_NODE;UNLINKED_MANIFESTATION,injuries.overall_category,0.250,2,0,0,1,0,0,0,9,0,0,0,0,0,0,,
HKCFI_2008_951.html.txt,2008_HKCFI_951.json,[2008] HKCFI 951,[2008] HKCFI 951,HCPI 917/2005,[2008] HKCFI 951,clean,14,RED_FLAG_NULL_MEDIUM;INJURY_MULTI_BODY_PART;NULL_ICD_PREEXISTING;UNLINKED_MANIFESTATION,injuries.overall_category,0.375,7,1,0,0,0,0,2,1,0,0,1,0,0,0,,
HKDC_2008_294.html.txt,2008_HKDC_294.json,[2008] HKDC 294,[2008] HKDC 294,DCPI 893/2008,[2008] HKDC 294,clean,14,RED_FLAG_NULL_MEDIUM;NULL_RATIO_HIGH;NO_COMPARABLE,injuries.overall_category;plaintiff.age_at_accident,0.583,1,0,0,0,0,0,0,0,0,0,0,0,0,0,,
HKDC_2008_31.html.txt,2008_HKDC_31.json,[2008] HKDC 31,[2008] HKDC 31,DCPI 874/2007,[2008] HKDC 31,clean,14,NULL_ICD_PREEXISTING;COARSE_ICD_NODE;UNLINKED_MANIFESTATION;NO_COMPARABLE,,0.375,3,1,0,1,0,0,0,4,0,0,1,0,0,0,,
HKCFI_2009_1159.html.txt,2009_HKCFI_1159.json,[2009] HKCFI 1159,[2009] HKCFI 1159,HCPI 1058/2005,[2009] HKCFI 1159,clean,14,RED_FLAG_NULL_MEDIUM;INJURY_MULTI_BODY_PART;NULL_ICD_PSYCH;PSYCH_DETECTED,injuries.overall_category,0.375,5,1,1,0,0,0,2,0,0,1,0,0,0,0,inj_005,
HKCFI_2009_85.html.txt,2009_HKCFI_85.json,[2009] HKCFI 85,[2009] HKCFI 85,HCPI 1094/2006,[2009] HKCFI 85,clean,14,RED_FLAG_NULL_MEDIUM;NULL_ICD_PSYCH;UNLINKED_MANIFESTATION;PSYCH_DETECTED;NO_COMPARABLE,injuries.overall_category,0.417,3,1,1,0,0,0,0,1,0,1,0,0,0,0,inj_003,
HKDC_2009_248.html.txt,2009_HKDC_248.json,[2009] HKDC 248,[2009] HKDC 248,DCPI 2367/2008,[2009] HKDC 248,clean,14,RED_FLAG_NULL;UNLINKED_MANIFESTATION;UNLINKED_LOSS,plaintiff.gender,0.333,2,0,0,0,0,0,0,5,1,0,0,0,0,0,,
HKDC_2009_263.html.txt,2009_HKDC_263.json,[2009] HKDC 263,[2009] HKDC 263,DCPI 2655/2008,[2009] HKDC 263,clean,14,RED_FLAG_NULL_MEDIUM;NULL_ICD_PSYCH;UNLINKED_LOSS;PSYCH_DETECTED;NO_COMPARABLE,injuries.overall_category,0.292,4,1,1,0,0,0,0,0,1,1,0,0,0,0,"inj_001,inj_002",
HKDC_2010_86.html.txt,2010_HKDC_86.json,[2010] HKDC 86,[2010] HKDC 86,DCPI 2076/2007,[2010] HKDC 86,clean,14,RED_FLAG_NULL;NULL_ICD_OTHER;UNLINKED_MANIFESTATION;MULTI_PLAINTIFF,plaintiff.gender,0.417,5,1,0,0,0,0,0,1,0,0,0,0,0,1,,
HKCFI_2011_628.html.txt,2011_HKCFI_628.json,[2011] HKCFI 628,[2011] HKCFI 628,HCPI 202/2010,[2011] HKCFI 628,clean,14,RED_FLAG_NULL_MEDIUM;COARSE_ICD_NODE;NO_COMPARABLE,injuries.overall_category;plaintiff.age_at_accident,0.458,2,0,0,2,0,0,0,0,0,0,0,0,0,0,,
HKDC_2011_1462.html.txt,2011_HKDC_1462.json,[2011] HKDC 1462,[2011] HKDC 1462,DCPI 1465/2009,[2011] HKDC 1462,clean,14,RED_FLAG_NULL_MEDIUM;COARSE_ICD_NODE;UNLINKED_MANIFESTATION,injuries.overall_category,0.375,3,0,0,1,0,0,0,1,0,0,0,0,0,0,,
HKDC_2011_68.html.txt,2011_HKDC_68.json,[2011] HKDC 68,[2011] HKDC 68,DCPI 1341/2009,[2011] HKDC 68,clean,14,RED_FLAG_NULL_MEDIUM;NULL_RATIO_HIGH;NO_COMPARABLE,injuries.overall_category;plaintiff.age_at_accident,0.583,2,0,0,0,0,0,0,0,0,0,0,0,0,0,,
HKCFI_2012_1354.html.txt,2012_HKCFI_1354.json,[2012] HKCFI 1354,[2012] HKCFI 1354,HCPI 637/2009,[2012] HKCFI 1354,clean,14,RED_FLAG_NULL_MEDIUM;NULL_ICD_BURN;INJURY_MULTI_BODY_PART;NO_COMPARABLE,injuries.overall_category;plaintiff.age_at_accident,0.458,1,1,0,0,0,0,1,0,0,0,0,1,0,0,,
HKDC_2013_1392.html.txt,2013_HKDC_1392.json,[2013] HKDC 1392,[2013] HKDC 1392,DCPI 1204/2010,[2013] HKDC 1392,clean,14,INJURY_MULTI_BODY_PART;COARSE_ICD_NODE;UNLINKED_MANIFESTATION,,0.375,6,0,0,3,0,0,5,1,0,0,0,0,0,0,,
HKDC_2013_674.html.txt,2013_HKDC_674.json,[2013] HKDC 674,[2013] HKDC 674,DCPI 118/2012,[2013] HKDC 674,clean,14,RED_FLAG_NULL_MEDIUM;ZERO_LOSSES,losses.losses,0.333,2,0,0,0,0,0,0,0,0,0,0,0,0,0,,
HKDC_2014_789.html.txt,2014_HKDC_789.json,[2014] HKDC 789,[2014] HKDC 789,DCPI 2489/2013,[2014] HKDC 789,clean,14,RED_FLAG_NULL_MEDIUM;NULL_RATIO_HIGH;PSYCH_DETECTED,injuries.overall_category,0.500,1,0,1,0,0,0,0,0,0,0,0,0,0,0,,
HKCFI_2015_1102.html.txt,2015_HKCFI_1102.json,[2015] HKCFI 1102,[2015] HKCFI 1102,HCPI 802/2013,[2015] HKCFI 1102,clean,14,RED_FLAG_NULL_MEDIUM;NULL_RATIO_HIGH;NO_COMPARABLE,injuries.overall_category;plaintiff.age_at_accident,0.542,2,0,0,0,0,0,0,0,0,0,0,0,0,0,,
HKDC_2015_1499.html.txt,2015_HKDC_1499.json,[2015] HKDC 1499,[2015] HKDC 1499,DCPI 1567/2012,[2015] HKDC 1499,clean,14,RED_FLAG_NULL_MEDIUM;NULL_ICD_OTHER;INJURY_MULTI_BODY_PART;UNLINKED_MANIFESTATION;UNLINKED_LOSS;PSYCH_DETECTED,injuries.overall_category,0.458,2,2,1,0,0,0,2,1,1,0,0,0,0,2,,
HKCFI_2016_1421.html.txt,2016_HKCFI_1421.json,[2016] HKCFI 1421,[2016] HKCFI 1421,HCPI 842/2014,[2016] HKCFI 1421,clean,14,RED_FLAG_NULL_MEDIUM;NULL_RATIO_HIGH;NO_COMPARABLE,injuries.overall_category;plaintiff.age_at_accident,0.625,1,0,0,0,0,0,0,0,0,0,0,0,0,0,,
HKDC_2020_69.html.txt,2020_HKDC_69.json,[2020] HKDC 69,[2020] HKDC 69,DCPI 2016/2015,[2020] HKDC 69,clean,14,RED_FLAG_NULL_MEDIUM;ZERO_LOSSES,injuries.overall_category;losses.losses,0.292,1,0,0,0,0,0,0,0,0,0,0,0,0,0,,
HKCFI_1977_133.html.txt,1977_HKCFI_133.json,[1977] HKCFI 133,[1977] HKCFI 133,HCA 3088/1975,[1977] HKCFI 133,clean,13,RED_FLAG_NULL;INJURY_MULTI_BODY_PART,plaintiff.gender,0.458,2,0,0,0,0,0,2,0,0,0,0,0,0,0,,
HKCFI_1979_106.html.txt,1979_HKCFI_106.json,[1979] HKCFI 106,[1979] HKCFI 106,HCA 3267/1978,[1979] HKCFI 106,clean,13,RED_FLAG_NULL_MEDIUM;COARSE_ICD_NODE;NO_COMPARABLE,injuries.overall_category,0.417,2,0,0,1,0,0,0,0,0,0,0,0,0,0,,
HKCFI_1980_13.html.txt,1980_HKCFI_13.json,[1980] HKCFI 13,[1980] HKCFI 13,HCA 4125/1978,[1980] HKCFI 13,clean,13,COARSE_ICD_NODE;INJURY_MULTI_BODY_PART;UNLINKED_MANIFESTATION;NO_COMPARABLE,,0.375,6,0,0,1,0,0,1,1,0,0,0,0,0,0,,
HKCFI_1980_66.html.txt,1980_HKCFI_66.json,[1980] HKCFI 66,[1980] HKCFI 66,HCA 617/1980,[1980] HKCFI 66,clean,13,COARSE_ICD_NODE;INJURY_MULTI_BODY_PART;UNLINKED_MANIFESTATION,plaintiff.age_at_accident,0.458,3,0,0,2,0,0,1,1,0,0,0,0,0,0,,
HKCFI_1982_162.html.txt,1982_HKCFI_162.json,[1982] HKCFI 162,[1982] HKCFI 162,HCA 5173/1980,[1982] HKCFI 162,clean,13,RED_FLAG_NULL_MEDIUM;COARSE_ICD_NODE;NO_COMPARABLE,injuries.overall_category,0.375,3,0,0,1,0,0,0,0,0,0,0,0,0,0,,
HKCFI_1983_191.html.txt,1983_HKCFI_191.json,[1983] HKCFI 191,[1983] HKCFI 191,HCA 4281/1983,[1983] HKCFI 191,clean,13,RED_FLAG_NULL_MEDIUM;NULL_RATIO_HIGH,injuries.overall_category,0.583,1,0,0,0,0,0,0,0,0,0,0,0,0,0,,
HKCFI_1984_387.html.txt,1984_HKCFI_387.json,[1984] HKCFI 387,[1984] HKCFI 387,HCA 3362/1984,[1984] HKCFI 387,clean,13,RED_FLAG_NULL_MEDIUM;COARSE_ICD_NODE;NO_COMPARABLE,injuries.overall_category;plaintiff.age_at_accident,0.458,1,0,0,1,0,0,0,0,0,0,0,0,0,0,,
HKCFI_1985_226.html.txt,1985_HKCFI_226.json,[1985] HKCFI 226,[1985] HKCFI 226,HCA 2141/1984,[1985] HKCFI 226,clean,13,COARSE_ICD_NODE;INJURY_MULTI_BODY_PART;NO_PSLA_AMOUNT;NO_COMPARABLE,psla.amount,0.458,5,0,0,2,0,0,3,0,0,0,0,0,0,0,,
HKCFI_1985_63.html.txt,1985_HKCFI_63.json,[1985] HKCFI 63,[1985] HKCFI 63,HCA 204/1984,[1985] HKCFI 63,clean,13,RED_FLAG_NULL_MEDIUM;COARSE_ICD_NODE;NO_COMPARABLE,injuries.overall_category,0.292,2,0,0,1,0,0,0,0,0,0,0,0,0,0,,
HKCFI_1987_115.html.txt,1987_HKCFI_115.json,[1987] HKCFI 115,[1987] HKCFI 115,HCA 5978/1986,[1987] HKCFI 115,clean,13,RED_FLAG_NULL_MEDIUM;COARSE_ICD_NODE,injuries.overall_category,0.417,3,0,0,2,0,0,0,0,0,0,0,0,0,0,,
HKCFI_1987_76.html.txt,1987_HKCFI_76.json,[1987] HKCFI 76,[1987] HKCFI 76,HCA 628/1986,[1987] HKCFI 76,clean,13,RED_FLAG_NULL_MEDIUM;NULL_RATIO_HIGH,injuries.overall_category;plaintiff.age_at_accident,0.500,1,0,0,0,0,0,0,0,0,0,0,0,0,0,,
HKCFI_1992_100.html.txt,1992_HKCFI_100.json,[1992] HKCFI 100,[1992] HKCFI 100,HCA 4053/1990,[1992] HKCFI 100,clean,13,COARSE_ICD_NODE;INJURY_MULTI_BODY_PART;NULL_ICD_OTHER;UNLINKED_MANIFESTATION,plaintiff.age_at_accident,0.458,3,1,0,1,0,0,2,2,0,0,0,0,0,1,,
HKCFI_1995_399.html.txt,1995_HKCFI_399.json,[1995] HKCFI 399,[1995] HKCFI 399,HCPI 769/1995,[1995] HKCFI 399,clean,13,RED_FLAG_NULL_MEDIUM;NULL_RATIO_HIGH,injuries.overall_category,0.500,2,0,0,0,0,0,0,0,0,0,0,0,0,0,,
HKCFI_1997_355.html.txt,1997_HKCFI_355.json,[1997] HKCFI 355,[1997] HKCFI 355,HCPI 762/1996,[1997] HKCFI 355,clean,13,RED_FLAG_NULL;INJURY_MULTI_BODY_PART,plaintiff.gender;plaintiff.age_at_accident,0.375,6,0,0,0,0,0,1,0,0,0,0,0,0,0,,
HKCFI_1998_296.html.txt,1998_HKCFI_296.json,[1998] HKCFI 296,[1998] HKCFI 296,HCPI 1108/1997,[1998] HKCFI 296,clean,13,RED_FLAG_NULL_MEDIUM;COARSE_ICD_NODE;NO_COMPARABLE,injuries.overall_category;plaintiff.age_at_accident,0.375,3,0,0,1,0,0,0,0,0,0,0,0,0,0,,
HKCFI_1998_464.html.txt,1998_HKCFI_464.json,[1998] HKCFI 464,[1998] HKCFI 464,HCPI 1223/1996,[1998] HKCFI 464,clean,13,RED_FLAG_NULL_MEDIUM;COARSE_ICD_NODE;NULL_ICD_OTHER,injuries.overall_category,0.208,9,1,0,1,0,0,0,0,0,0,0,0,0,1,,
HKCFI_1999_1392.html.txt,1999_HKCFI_1392.json,[1999] HKCFI 1392,[1999] HKCFI 1392,HCPI 291/1996,[1999] HKCFI 1392,clean,13,COARSE_ICD_NODE;INJURY_MULTI_BODY_PART;NULL_ICD_OTHER;UNLINKED_MANIFESTATION,,0.375,4,1,0,1,0,0,2,2,0,0,0,0,0,1,,
HKCFI_2000_1346.html.txt,2000_HKCFI_1346.json,[2000] HKCFI 1346,[2000] HKCFI 1346,HCPI 533/1999,[2000] HKCFI 1346,clean,13,RED_FLAG_NULL;INJURY_MULTI_BODY_PART,plaintiff.gender;plaintiff.age_at_accident,0.417,1,0,0,0,0,0,1,0,0,0,0,0,0,0,,
HKCFI_2000_529.html.txt,2000_HKCFI_529.json,[2000] HKCFI 529,[2000] HKCFI 529,HCPI 1050/1999,[2000] HKCFI 529,clean,13,INJURY_MULTI_BODY_PART;NULL_ICD_OTHER;COARSE_ICD_NODE;UNLINKED_MANIFESTATION,plaintiff.age_at_accident,0.375,4,1,0,1,0,0,1,7,0,0,0,0,0,1,,
HKCFI_2002_1069.html.txt,2002_HKCFI_1069.json,[2002] HKCFI 1069,[2002] HKCFI 1069,HCPI 843/2000,[2002] HKCFI 1069,clean,13,COARSE_ICD_NODE;INJURY_MULTI_BODY_PART,,0.292,6,0,0,4,0,0,2,0,0,0,0,0,0,0,,
HKCFI_2002_851.html.txt,2002_HKCFI_851.json,[2002] HKCFI 851,[2002] HKCFI 851,HCPI 684/2001,[2002] HKCFI 851,clean,13,RED_FLAG_NULL_MEDIUM;COARSE_ICD_NODE;NO_COMPARABLE,injuries.overall_category,0.417,2,0,0,1,0,0,0,0,0,0,0,0,0,0,,
HKDC_2003_161.html.txt,2003_HKDC_161.json,[2003] HKDC 161,[2003] HKDC 161,DCPI 357/2001,[2003] HKDC 161,clean,13,RED_FLAG_NULL_MEDIUM;NULL_RATIO_HIGH,injuries.overall_category;plaintiff.occupation_before,0.542,3,0,0,0,0,0,0,0,0,0,0,0,0,0,,
HKCFI_2004_760.html.txt,2004_HKCFI_760.json,[2004] HKCFI 760,[2004] HKCFI 760,HCPI 920/2001,[2004] HKCFI 760,clean,13,COARSE_ICD_NODE;INJURY_MULTI_BODY_PART;NULL_ICD_OTHER;PSYCH_DETECTED,,0.167,8,1,1,2,0,0,6,0,0,0,0,0,0,1,,
HKDC_2004_169.html.txt,2004_HKDC_169.json,[2004] HKDC 169,[2004] HKDC 169,DCPI 140/2001,[2004] HKDC 169,clean,13,RED_FLAG_NULL_MEDIUM;NULL_RATIO_HIGH,injuries.overall_category;plaintiff.age_at_accident,0.542,1,0,0,0,0,0,0,0,0,0,0,0,0,0,,
HKCFI_2005_1219.html.txt,2005_HKCFI_1219.json,[2005] HKCFI 1219,[2005] HKCFI 1219,HCPI 275/2005,[2005] HKCFI 1219,clean,13,NULL_ICD_PREEXISTING;INJURY_MULTI_BODY_PART;UNLINKED_MANIFESTATION;UNLINKED_LOSS;PSYCH_DETECTED;NO_COMPARABLE,,0.292,2,1,1,0,0,0,1,1,1,0,1,0,0,0,,
HKCFI_2005_249.html.txt,2005_HKCFI_249.json,[2005] HKCFI 249,[2005] HKCFI 249,HCPI 1092/2003,[2005] HKCFI 249,clean,13,COARSE_ICD_NODE;INJURY_MULTI_BODY_PART;NO_COMPARABLE,,0.292,3,0,0,3,0,0,2,0,0,0,0,0,0,0,,
HKCFI_2005_399.html.txt,2005_HKCFI_399.json,[2005] HKCFI 399,[2005] HKCFI 399,HCPI 1194/2003,[2005] HKCFI 399,clean,13,RED_FLAG_NULL_MEDIUM;NULL_RATIO_HIGH,injuries.overall_category;plaintiff.age_at_accident,0.500,1,0,0,0,0,0,0,0,0,0,0,0,0,0,,
HKCFI_2006_498.html.txt,2006_HKCFI_498.json,[2006] HKCFI 498,[2006] HKCFI 498,HCPI 416/2005,[2006] HKCFI 498,clean,13,RED_FLAG_NULL_MEDIUM;NULL_ICD_OTHER;NULL_ICD_PREEXISTING;INJURY_MULTI_BODY_PART,injuries.overall_category;plaintiff.age_at_accident,0.417,2,2,0,0,0,0,1,0,0,0,1,0,0,1,,
HKDC_2006_40.html.txt,2006_HKDC_40.json,[2006] HKDC 40,[2006] HKDC 40,DCPI 902/2004,[2006] HKDC 40,clean,13,RED_FLAG_NULL_MEDIUM;NULL_RATIO_HIGH,injuries.overall_category,0.500,1,0,0,0,0,0,0,0,0,0,0,0,0,0,,
HKCFI_2007_923.html.txt,2007_HKCFI_923.json,[2007] HKCFI 923,[2007] HKCFI 923,HCPI 301/2004,[2007] HKCFI 923,clean,13,RED_FLAG_NULL_MEDIUM;INJURY_MULTI_BODY_PART;UNLINKED_MANIFESTATION;UNLINKED_LOSS;PSYCH_DETECTED,injuries.overall_category,0.292,4,0,1,0,0,0,1,4,6,0,0,0,0,0,,
HKDC_2007_294.html.txt,2007_HKDC_294.json,[2007] HKDC 294,[2007] HKDC 294,DCPI 248/2005,[2007] HKDC 294,clean,13,RED_FLAG_NULL_MEDIUM;NULL_RATIO_HIGH,injuries.overall_category,0.500,2,0,0,0,0,0,0,0,0,0,0,0,0,0,,
HKDC_2007_379.html.txt,2007_HKDC_379.json,[2007] HKDC 379,[2007] HKDC 379,DCPI 235/2007,[2007] HKDC 379,clean,13,RED_FLAG_NULL_MEDIUM;ICD_STOPPED_EARLY,injuries.overall_category,0.417,4,0,0,0,2,0,0,0,0,0,0,0,0,0,,
HKDC_2007_400.html.txt,2007_HKDC_400.json,[2007] HKDC 400,[2007] HKDC 400,DCPI 1617/2006,[2007] HKDC 400,clean,13,SOURCE_NOISE;NO_COMPARABLE,,0.417,2,0,0,0,0,0,0,0,0,0,0,0,0,0,,
HKCFI_2008_574.html.txt,2008_HKCFI_574.json,[2008] HKCFI 574,[2008] HKCFI 574,HCPI 809/2006,[2008] HKCFI 574,clean,13,ICD_STOPPED_EARLY;NULL_ICD_PSYCH;PSYCH_DETECTED,,0.333,4,1,1,0,1,0,0,0,0,1,0,0,0,0,inj_004,
HKDC_2008_286.html.txt,2008_HKDC_286.json,[2008] HKDC 286,[2008] HKDC 286,DCPI 1850/2007,[2008] HKDC 286,clean,13,SOURCE_NOISE;NO_COMPARABLE,plaintiff.age_at_accident,0.417,1,0,0,0,0,0,0,0,0,0,0,0,0,0,,
HKCFI_2009_125.html.txt,2009_HKCFI_125.json,[2009] HKCFI 125,[2009] HKCFI 125,HCPI 168/2008,[2009] HKCFI 125,clean,13,RED_FLAG_NULL_MEDIUM;TREATMENT_CONTAMINATED;NO_COMPARABLE,injuries.overall_category,0.292,2,0,0,0,0,0,0,0,0,0,0,0,0,0,,
HKCFI_2009_402.html.txt,2009_HKCFI_402.json,[2009] HKCFI 402,[2009] HKCFI 402,HCPI 26/2006,[2009] HKCFI 402,clean,13,RED_FLAG_NULL_MEDIUM;NULL_ICD_PSYCH;UNLINKED_LOSS;PSYCH_DETECTED,injuries.overall_category,0.250,3,1,1,0,0,0,0,0,1,1,0,0,0,0,"inj_002,inj_003",
HKCFI_2009_483.html.txt,2009_HKCFI_483.json,[2009] HKCFI 483,[2009] HKCFI 483,HCPI 45/2006,[2009] HKCFI 483,clean,13,COARSE_ICD_NODE;INJURY_MULTI_BODY_PART;UNLINKED_LOSS,,0.250,5,0,0,2,0,0,1,0,2,0,0,0,0,0,,
HKDC_2009_136.html.txt,2009_HKDC_136.json,[2009] HKDC 136,[2009] HKDC 136,DCPI 313/2008,[2009] HKDC 136,clean,13,NULL_ICD_SYMPTOM;INJURY_MULTI_BODY_PART;UNLINKED_MANIFESTATION;UNLINKED_LOSS,,0.333,2,1,0,0,0,0,1,2,1,0,0,0,1,0,,
HKDC_2009_2.html.txt,2009_HKDC_2.json,[2009] HKDC 2,[2009] HKDC 2,DCPI 453/2008,[2009] HKDC 2,clean,13,NULL_ICD_PREEXISTING;UNLINKED_MANIFESTATION;TREATMENT_CONTAMINATED,,0.208,3,1,0,0,0,0,0,4,0,0,1,0,0,0,,
HKDC_2009_70.html.txt,2009_HKDC_70.json,[2009] HKDC 70,[2009] HKDC 70,DCPI 517/2008,[2009] HKDC 70,clean,13,RED_FLAG_NULL_MEDIUM;NULL_RATIO_HIGH,injuries.overall_category,0.500,1,0,0,0,0,0,0,0,0,0,0,0,0,0,,
HKCFI_2010_329.html.txt,2010_HKCFI_329.json,[2010] HKCFI 329,[2010] HKCFI 329,HCPI 485/2001,[2010] HKCFI 329,clean,13,COARSE_ICD_NODE;INJURY_MULTI_BODY_PART,,0.417,4,0,0,4,0,0,1,0,0,0,0,0,0,0,,
HKCFI_2010_491.html.txt,2010_HKCFI_491.json,[2010] HKCFI 491,[2010] HKCFI 491,HCPI 264/2008,[2010] HKCFI 491,clean,13,RED_FLAG_NULL_MEDIUM;INJURY_MULTI_BODY_PART;UNLINKED_MANIFESTATION;UNLINKED_LOSS;PSYCH_DETECTED,injuries.overall_category,0.417,1,0,1,0,0,0,1,1,1,0,0,0,0,0,,
HKCFI_2010_988.html.txt,2010_HKCFI_988.json,[2010] HKCFI 988,[2010] HKCFI 988,HCPI 529/2008,[2010] HKCFI 988,clean,13,RED_FLAG_NULL_MEDIUM;COARSE_ICD_NODE,injuries.overall_category,0.458,2,0,0,2,0,0,0,0,0,0,0,0,0,0,,
HKDC_2010_139.html.txt,2010_HKDC_139.json,[2010] HKDC 139,[2010] HKDC 139,DCPI 2273/2008,[2010] HKDC 139,clean,13,RED_FLAG_NULL_MEDIUM;NULL_ICD_BURN;INJURY_MULTI_BODY_PART,injuries.overall_category,0.417,2,1,0,0,0,0,1,0,0,0,0,1,0,0,,
HKCFI_2011_650.html.txt,2011_HKCFI_650.json,[2011] HKCFI 650,[2011] HKCFI 650,HCPI 91/2008,[2011] HKCFI 650,clean,13,RED_FLAG_NULL_MEDIUM;COARSE_ICD_NODE;PSYCH_DETECTED,injuries.overall_category,0.417,4,0,1,1,0,0,0,0,0,0,0,0,0,0,inj_004,
HKCFI_2012_684.html.txt,2012_HKCFI_684.json,[2012] HKCFI 684,[2012] HKCFI 684,HCPI 753/2009,[2012] HKCFI 684,clean,13,RED_FLAG_NULL_MEDIUM;NULL_ICD_PSYCH;UNLINKED_MANIFESTATION;PSYCH_DETECTED,injuries.overall_category,0.333,4,1,1,0,0,0,0,1,0,1,0,0,0,0,inj_004,
HKDC_2013_229.html.txt,2013_HKDC_229.json,[2013] HKDC 229,[2013] HKDC 229,DCPI 2084/2011,[2013] HKDC 229,clean,13,RED_FLAG_NULL_MEDIUM;NULL_ICD_SYMPTOM;UNLINKED_LOSS,injuries.overall_category,0.375,3,1,0,0,0,0,0,0,1,0,0,0,1,0,,
HKDC_2013_251.html.txt,2013_HKDC_251.json,[2013] HKDC 251,[2013] HKDC 251,DCPI 1655/2011,[2013] HKDC 251,clean,13,RED_FLAG_NULL_MEDIUM;NULL_RATIO_HIGH,injuries.overall_category;plaintiff.age_at_accident,0.500,4,0,0,0,0,0,0,0,0,0,0,0,0,0,,
HKCFI_2016_1109.html.txt,2016_HKCFI_1109.json,[2016] HKCFI 1109,[2016] HKCFI 1109,HCPI 239/2014,[2016] HKCFI 1109,clean,13,RED_FLAG_NULL_MEDIUM;NULL_RATIO_HIGH,injuries.overall_category;plaintiff.age_at_accident,0.500,1,0,0,0,0,0,0,0,0,0,0,0,0,0,,
HKCFI_2016_1868.html.txt,2016_HKCFI_1868.json,[2016] HKCFI 1868,[2016] HKCFI 1868,HCPI 110/2015,[2016] HKCFI 1868,clean,13,RED_FLAG_NULL_MEDIUM;COARSE_ICD_NODE,injuries.overall_category;plaintiff.age_at_accident,0.417,3,0,0,2,0,0,0,0,0,0,0,0,0,0,,
HKCFI_2016_1925.html.txt,2016_HKCFI_1925.json,[2016] HKCFI 1925,[2016] HKCFI 1925,HCPI 1186/2014,[2016] HKCFI 1925,clean,13,COARSE_ICD_NODE;NULL_ICD_PSYCH;PSYCH_DETECTED,,0.250,5,1,1,1,0,0,0,0,0,1,0,0,0,0,inj_005,
HKCFI_2016_196.html.txt,2016_HKCFI_196.json,[2016] HKCFI 196,[2016] HKCFI 196,HCPI 266/2015,[2016] HKCFI 196,clean,13,RED_FLAG_NULL_MEDIUM;ICD_STOPPED_EARLY;NO_PSLA_AMOUNT,injuries.overall_category;plaintiff.age_at_accident;psla.amount,0.458,1,0,0,0,1,0,0,0,0,0,0,0,0,0,,
HKCFI_2016_311.html.txt,2016_HKCFI_311.json,[2016] HKCFI 311,[2016] HKCFI 311,HCPI 305/2013,[2016] HKCFI 311,clean,13,RED_FLAG_NULL_MEDIUM;ICD_STOPPED_EARLY;NO_COMPARABLE,injuries.overall_category,0.333,3,0,0,0,1,0,0,0,0,0,0,0,0,0,,
HKDC_2018_1368.html.txt,2018_HKDC_1368.json,[2018] HKDC 1368,[2018] HKDC 1368,DCPI 1307/2016,[2018] HKDC 1368,clean,13,COARSE_ICD_NODE;NULL_ICD_OTHER;INJURY_MULTI_BODY_PART;UNLINKED_MANIFESTATION,,0.292,3,1,0,1,0,0,1,6,0,0,0,0,0,1,,
HKDC_2018_582.html.txt,2018_HKDC_582.json,[2018] HKDC 582,[2018] HKDC 582,DCPI 1838/2015,[2018] HKDC 582,clean,13,RED_FLAG_NULL;INJURY_MULTI_BODY_PART,plaintiff.gender,0.333,1,0,0,0,0,0,1,0,0,0,0,0,0,0,,
HKDC_2019_929.html.txt,2019_HKDC_929.json,[2019] HKDC 929,[2019] HKDC 929,DCPI 2856/2015,[2019] HKDC 929,clean,13,RED_FLAG_NULL_MEDIUM;COARSE_ICD_NODE,injuries.overall_category,0.333,2,0,0,2,0,0,0,0,0,0,0,0,0,0,,
HKDC_2020_14.html.txt,2020_HKDC_14.json,[2020] HKDC 14,[2020] HKDC 14,DCPI 62/2019,[2020] HKDC 14,clean,13,INJURY_MULTI_BODY_PART;ICD_STOPPED_EARLY;UNLINKED_MANIFESTATION;PSYCH_DETECTED,,0.333,6,0,1,0,1,0,5,1,0,0,0,0,0,0,inj_005,
HKCFI_1980_108.html.txt,1980_HKCFI_108.json,[1980] HKCFI 108,[1980] HKCFI 108,HCA 1257/1980,[1980] HKCFI 108,clean,12,COARSE_ICD_NODE;INJURY_MULTI_BODY_PART;PSYCH_DETECTED;MULTI_PLAINTIFF,,0.375,4,0,1,1,0,0,1,0,0,0,0,0,0,0,,
HKCFI_1981_54.html.txt,1981_HKCFI_54.json,[1981] HKCFI 54,[1981] HKCFI 54,HCA 3545/1981,[1981] HKCFI 54,clean,12,COARSE_ICD_NODE;INJURY_MULTI_BODY_PART;UNLINKED_MANIFESTATION,,0.417,5,0,0,1,0,0,3,1,0,0,0,0,0,0,,
HKCFI_1982_23.html.txt,1982_HKCFI_23.json,[1982] HKCFI 23,[1982] HKCFI 23,HCA 2518/1981,[1982] HKCFI 23,clean,12,RED_FLAG_NULL_MEDIUM;COARSE_ICD_NODE,injuries.overall_category,0.333,2,0,0,1,0,0,0,0,0,0,0,0,0,0,,
HKCFI_1983_86.html.txt,1983_HKCFI_86.json,[1983] HKCFI 86,[1983] HKCFI 86,HCA 3712/1981,[1983] HKCFI 86,clean,12,RED_FLAG_NULL_MEDIUM;ICD_STOPPED_EARLY,injuries.overall_category,0.375,2,0,0,0,1,0,0,0,0,0,0,0,0,0,,
HKCFI_1983_95.html.txt,1983_HKCFI_95.json,[1983] HKCFI 95,[1983] HKCFI 95,HCA 5466/1982,[1983] HKCFI 95,clean,12,RED_FLAG_NULL_MEDIUM;COARSE_ICD_NODE,injuries.overall_category,0.417,2,0,0,1,0,0,0,0,0,0,0,0,0,0,,
HKCFI_1985_219.html.txt,1985_HKCFI_219.json,[1985] HKCFI 219,[1985] HKCFI 219,HCA 11640/1982,[1985] HKCFI 219,clean,12,INJURY_MULTI_BODY_PART;ICD_STOPPED_EARLY;UNLINKED_MANIFESTATION,plaintiff.age_at_accident,0.458,4,0,0,0,1,0,3,1,0,0,0,0,0,0,,
HKCFI_1985_404.html.txt,1985_HKCFI_404.json,[1985] HKCFI 404,[1985] HKCFI 404,HCA 7865/1983,[1985] HKCFI 404,clean,12,NULL_RATIO_HIGH;INJURY_MULTI_BODY_PART;NO_COMPARABLE,,0.500,5,0,0,0,0,0,2,0,0,0,0,0,0,0,,
HKCFI_1985_524.html.txt,1985_HKCFI_524.json,[1985] HKCFI 524,[1985] HKCFI 524,HCA 4248/1982,[1985] HKCFI 524,clean,12,NULL_RATIO_HIGH;NULL_ICD_OTHER;INJURY_MULTI_BODY_PART,,0.500,5,2,0,0,0,0,4,0,0,0,0,0,0,2,,
HKCFI_1986_32.html.txt,1986_HKCFI_32.json,[1986] HKCFI 32,[1986] HKCFI 32,HCA 2823/1983,[1986] HKCFI 32,clean,12,INJURY_MULTI_BODY_PART;COARSE_ICD_NODE;UNLINKED_MANIFESTATION,,0.375,4,0,0,1,0,0,1,13,0,0,0,0,0,0,,
HKCFI_1996_524.html.txt,1996_HKCFI_524.json,[1996] HKCFI 524,[1996] HKCFI 524,HCPI 504/1995,[1996] HKCFI 524,clean,12,RED_FLAG_NULL_MEDIUM;NULL_ICD_PREEXISTING;INJURY_MULTI_BODY_PART,injuries.overall_category,0.333,2,1,0,0,0,0,1,0,0,0,1,0,0,0,,
HKCFI_1997_404.html.txt,1997_HKCFI_404.json,[1997] HKCFI 404,[1997] HKCFI 404,HCA 12617/1994,[1997] HKCFI 404,clean,12,INJURY_MULTI_BODY_PART;UNLINKED_MANIFESTATION;TREATMENT_CONTAMINATED,,0.292,2,0,0,0,0,0,1,2,0,0,0,0,0,0,,
HKCFI_1997_557.html.txt,1997_HKCFI_557.json,[1997] HKCFI 557,[1997] HKCFI 557,HCPI 496/1995,[1997] HKCFI 557,clean,12,NULL_RATIO_HIGH;INJURY_MULTI_BODY_PART;PSYCH_DETECTED,plaintiff.age_at_accident,0.500,1,0,1,0,0,0,1,0,0,0,0,0,0,0,,
HKCFI_1997_768.html.txt,1997_HKCFI_768.json,[1997] HKCFI 768,[1997] HKCFI 768,HCPI 934/1995,[1997] HKCFI 768,clean,12,RED_FLAG_NULL_MEDIUM;TREATMENT_CONTAMINATED,injuries.overall_category,0.458,1,0,0,0,0,0,0,0,0,0,0,0,0,0,,
HKCFI_1999_1218.html.txt,1999_HKCFI_1218.json,[1999] HKCFI 1218,[1999] HKCFI 1218,HCPI 522/1998,[1999] HKCFI 1218,clean,12,RED_FLAG_NULL;UNLINKED_MANIFESTATION,plaintiff.gender,0.375,1,0,0,0,0,0,0,1,0,0,0,0,0,0,,
HKCFI_1999_207.html.txt,1999_HKCFI_207.json,[1999] HKCFI 207,[1999] HKCFI 207,HCPI 103/1999,[1999] HKCFI 207,clean,12,RED_FLAG_NULL_MEDIUM;COARSE_ICD_NODE,injuries.overall_category,0.375,4,0,0,1,0,0,0,0,0,0,0,0,0,0,,
HKCFI_1999_213.html.txt,1999_HKCFI_213.json,[1999] HKCFI 213,[1999] HKCFI 213,HCPI 709/1998,[1999] HKCFI 213,clean,12,RED_FLAG_NULL_MEDIUM;INJURY_MULTI_BODY_PART;NULL_ICD_OTHER;UNLINKED_MANIFESTATION;NO_COMPARABLE,injuries.overall_category,0.458,2,1,0,0,0,0,1,2,0,0,0,0,0,1,,
HKCFI_2001_1206.html.txt,2001_HKCFI_1206.json,[2001] HKCFI 1206,[2001] HKCFI 1206,HCPI 491/2000,[2001] HKCFI 1206,clean,12,NULL_ICD_PSYCH;INJURY_MULTI_BODY_PART;UNLINKED_MANIFESTATION;PSYCH_DETECTED;NO_COMPARABLE,,0.292,2,1,1,0,0,0,1,1,0,1,0,0,0,0,inj_001,
HKCFI_2002_478.html.txt,2002_HKCFI_478.json,[2002] HKCFI 478,[2002] HKCFI 478,HCPI 1045/1998,[2002] HKCFI 478,clean,12,COARSE_ICD_NODE;INJURY_MULTI_BODY_PART;PSYCH_DETECTED;NO_COMPARABLE,,0.333,2,0,1,1,0,0,1,0,0,0,0,0,0,0,,
HKCFI_2003_1047.html.txt,2003_HKCFI_1047.json,[2003] HKCFI 1047,[2003] HKCFI 1047,HCPI 338/2001,[2003] HKCFI 1047,clean,12,COARSE_ICD_NODE;INJURY_MULTI_BODY_PART;NO_COMPARABLE,,0.292,2,0,0,2,0,0,1,0,0,0,0,0,0,0,,
HKCFI_2003_298.html.txt,2003_HKCFI_298.json,[2003] HKCFI 298,[2003] HKCFI 298,HCPI 983/2001,[2003] HKCFI 298,clean,12,COARSE_ICD_NODE;INJURY_MULTI_BODY_PART;UNLINKED_MANIFESTATION,,0.458,2,0,0,1,0,0,1,1,0,0,0,0,0,0,,
HKCFI_2003_556.html.txt,2003_HKCFI_556.json,[2003] HKCFI 556,[2003] HKCFI 556,HCPI 320/2002,[2003] HKCFI 556,clean,12,RED_FLAG_NULL;UNLINKED_MANIFESTATION,plaintiff.gender,0.417,2,0,0,0,0,0,0,1,0,0,0,0,0,0,,
HKDC_2003_64.html.txt,2003_HKDC_64.json,[2003] HKDC 64,[2003] HKDC 64,DCPI 329/2002,[2003] HKDC 64,clean,12,RED_FLAG_NULL_MEDIUM;COARSE_ICD_NODE,injuries.overall_category,0.458,1,0,0,1,0,0,0,0,0,0,0,0,0,0,,
HKCFI_2004_688.html.txt,2004_HKCFI_688.json,[2004] HKCFI 688,[2004] HKCFI 688,HCPI 975/2002,[2004] HKCFI 688,clean,12,INJURY_MULTI_BODY_PART;TREATMENT_CONTAMINATED;PSYCH_DETECTED;NO_COMPARABLE,,0.417,3,0,1,0,0,0,1,0,0,0,0,0,0,0,,
HKCFI_2004_752.html.txt,2004_HKCFI_752.json,[2004] HKCFI 752,[2004] HKCFI 752,HCPI 294/2003,[2004] HKCFI 752,clean,12,RED_FLAG_NULL_MEDIUM;NULL_ICD_PSYCH;PSYCH_DETECTED;NO_COMPARABLE,injuries.overall_category,0.417,1,1,1,0,0,0,0,0,0,1,0,0,0,0,inj_001,
HKCFI_2005_1069.html.txt,2005_HKCFI_1069.json,[2005] HKCFI 1069,[2005] HKCFI 1069,HCPI 660/2004,[2005] HKCFI 1069,clean,12,NULL_ICD_SYMPTOM;INJURY_MULTI_BODY_PART;UNLINKED_MANIFESTATION;PSYCH_DETECTED,,0.333,4,1,1,0,0,0,1,2,0,0,0,0,1,0,,
HKCFI_2005_1126.html.txt,2005_HKCFI_1126.json,[2005] HKCFI 1126,[2005] HKCFI 1126,HCPI 740/2004,[2005] HKCFI 1126,clean,12,INJURY_MULTI_BODY_PART;ICD_STOPPED_EARLY;PSYCH_DETECTED;NO_COMPARABLE,,0.333,3,0,1,0,1,0,1,0,0,0,0,0,0,0,,
HKCFI_2005_248.html.txt,2005_HKCFI_248.json,[2005] HKCFI 248,[2005] HKCFI 248,HCPI 684/2002,[2005] HKCFI 248,clean,12,RED_FLAG_NULL;PSYCH_DETECTED;NO_COMPARABLE,plaintiff.gender,0.250,4,0,1,0,0,0,0,0,0,0,0,0,0,0,inj_003,
HKCFI_2005_295.html.txt,2005_HKCFI_295.json,[2005] HKCFI 295,[2005] HKCFI 295,HCPI 657/2003,[2005] HKCFI 295,clean,12,INJURY_MULTI_BODY_PART;NULL_ICD_PSYCH;UNLINKED_MANIFESTATION;PSYCH_DETECTED;NO_COMPARABLE,plaintiff.age_at_accident,0.417,4,1,1,0,0,0,1,1,0,1,0,0,0,0,inj_004,
HKCFI_2005_961.html.txt,2005_HKCFI_961.json,[2005] HKCFI 961,[2005] HKCFI 961,HCPI 1153/2004,[2005] HKCFI 961,clean,12,RED_FLAG_NULL;UNLINKED_MANIFESTATION,plaintiff.gender,0.417,5,0,0,0,0,0,0,1,0,0,0,0,0,0,,
HKDC_2005_286.html.txt,2005_HKDC_286.json,[2005] HKDC 286,[2005] HKDC 286,DCPI 703/2004,[2005] HKDC 286,clean,12,INJURY_MULTI_BODY_PART;COARSE_ICD_NODE;UNLINKED_LOSS,,0.417,7,0,0,1,0,0,2,0,3,0,0,0,0,0,,
HKCFI_2006_1108.html.txt,2006_HKCFI_1108.json,[2006] HKCFI 1108,[2006] HKCFI 1108,HCPI 1168/2003,[2006] HKCFI 1108,clean,12,COARSE_ICD_NODE;INJURY_MULTI_BODY_PART;NO_COMPARABLE,,0.125,5,0,0,2,0,0,3,0,0,0,0,0,0,0,,
HKCFI_2006_181.html.txt,2006_HKCFI_181.json,[2006] HKCFI 181,[2006] HKCFI 181,HCPI 252/2004,[2006] HKCFI 181,clean,12,INJURY_MULTI_BODY_PART;COARSE_ICD_NODE;UNLINKED_MANIFESTATION,,0.417,2,0,0,1,0,0,1,1,0,0,0,0,0,0,,
HKCFI_2006_899.html.txt,2006_HKCFI_899.json,[2006] HKCFI 899,[2006] HKCFI 899,HCPI 211/2005,[2006] HKCFI 899,clean,12,RED_FLAG_NULL_MEDIUM;COARSE_ICD_NODE,injuries.overall_category,0.417,1,0,0,1,0,0,0,0,0,0,0,0,0,0,,
HKDC_2006_176.html.txt,2006_HKDC_176.json,[2006] HKDC 176,[2006] HKDC 176,DCPI 440/2005,[2006] HKDC 176,clean,12,NULL_RATIO_HIGH;UNLINKED_MANIFESTATION;UNLINKED_LOSS,plaintiff.occupation_before,0.542,2,0,0,0,0,0,0,12,3,0,0,0,0,0,,
HKDC_2006_196.html.txt,2006_HKDC_196.json,[2006] HKDC 196,[2006] HKDC 196,DCPI 156/2006,[2006] HKDC 196,clean,12,RED_FLAG_NULL_MEDIUM;ICD_STOPPED_EARLY,injuries.overall_category,0.458,1,0,0,0,1,0,0,0,0,0,0,0,0,0,,
HKDC_2006_294.html.txt,2006_HKDC_294.json,[2006] HKDC 294,[2006] HKDC 294,DCPI 268/2004,[2006] HKDC 294,clean,12,COARSE_ICD_NODE;INJURY_MULTI_BODY_PART,,0.375,5,0,0,3,0,0,4,0,0,0,0,0,0,0,,
HKCFI_2008_1105.html.txt,2008_HKCFI_1105.json,[2008] HKCFI 1105,[2008] HKCFI 1105,HCPI 869/2007,[2008] HKCFI 1105,clean,12,RED_FLAG_NULL_MEDIUM;INJURY_MULTI_BODY_PART;NULL_ICD_OTHER;UNLINKED_LOSS;PSYCH_DETECTED,injuries.overall_category,0.208,6,1,1,0,0,0,4,0,1,0,0,0,0,1,inj_005,
HKCFI_2008_706.html.txt,2008_HKCFI_706.json,[2008] HKCFI 706,[2008] HKCFI 706,HCPI 77/2007,[2008] HKCFI 706,clean,12,COARSE_ICD_NODE;INJURY_MULTI_BODY_PART;PSYCH_DETECTED;NO_COMPARABLE,plaintiff.age_at_accident,0.458,2,0,1,1,0,0,1,0,0,0,0,0,0,0,,
HKCFI_2008_975.html.txt,2008_HKCFI_975.json,[2008] HKCFI 975,[2008] HKCFI 975,HCPI 451/2006,[2008] HKCFI 975,clean,12,RED_FLAG_NULL_MEDIUM;NULL_ICD_PSYCH;PSYCH_DETECTED;MULTI_PLAINTIFF,injuries.overall_category,0.333,2,2,1,0,0,0,0,0,0,2,0,0,0,0,"inj_001,inj_002",
HKDC_2008_257.html.txt,2008_HKDC_257.json,[2008] HKDC 257,[2008] HKDC 257,DCPI 79/2007,[2008] HKDC 257,clean,12,RED_FLAG_NULL_MEDIUM;TREATMENT_CONTAMINATED,injuries.overall_category,0.417,1,0,0,0,0,0,0,0,0,0,0,0,0,0,,
HKDC_2008_342.html.txt,2008_HKDC_342.json,[2008] HKDC 342,[2008] HKDC 342,DCPI 1288/2007,[2008] HKDC 342,clean,12,RED_FLAG_NULL_MEDIUM;INJURY_MULTI_BODY_PART;UNLINKED_MANIFESTATION;UNLINKED_LOSS,injuries.overall_category;plaintiff.age_at_accident,0.458,2,0,0,0,0,0,1,1,1,0,0,0,0,0,,
HKCFI_2009_1169.html.txt,2009_HKCFI_1169.json,[2009] HKCFI 1169,[2009] HKCFI 1169,HCPI 383/2008,[2009] HKCFI 1169,clean,12,RED_FLAG_NULL_MEDIUM;INJURY_MULTI_BODY_PART;NULL_ICD_PREEXISTING,injuries.overall_category,0.458,3,1,0,0,0,0,2,0,0,0,1,0,0,0,,
HKCFI_2009_621.html.txt,2009_HKCFI_621.json,[2009] HKCFI 621,[2009] HKCFI 621,HCPI 198/2008,[2009] HKCFI 621,clean,12,RED_FLAG_NULL_MEDIUM;INJURY_MULTI_BODY_PART;NULL_ICD_PREEXISTING,injuries.overall_category,0.333,3,1,0,0,0,0,2,0,0,0,1,0,0,0,,
HKDC_2009_289.html.txt,2009_HKDC_289.json,[2009] HKDC 289,[2009] HKDC 289,DCPI 1696/2008,[2009] HKDC 289,clean,12,RED_FLAG_NULL_MEDIUM;COARSE_ICD_NODE,injuries.overall_category,0.250,1,0,0,1,0,0,0,0,0,0,0,0,0,0,,
HKDC_2009_61.html.txt,2009_HKDC_61.json,[2009] HKDC 61,[2009] HKDC 61,DCPI 1514/2008,[2009] HKDC 61,clean,12,RED_FLAG_NULL_MEDIUM;COARSE_ICD_NODE,injuries.overall_category,0.458,1,0,0,1,0,0,0,0,0,0,0,0,0,0,,
HKCFI_2010_271.html.txt,2010_HKCFI_271.json,[2010] HKCFI 271,[2010] HKCFI 271,HCPI 272/2008,[2010] HKCFI 271,clean,12,INJURY_MULTI_BODY_PART;ICD_STOPPED_EARLY;UNLINKED_MANIFESTATION,,0.167,8,0,0,0,1,0,1,2,0,0,0,0,0,0,,
HKCFI_2010_908.html.txt,2010_HKCFI_908.json,[2010] HKCFI 908,[2010] HKCFI 908,HCPI 672/2008,[2010] HKCFI 908,clean,12,RED_FLAG_NULL;UNLINKED_MANIFESTATION,plaintiff.gender,0.333,2,0,0,0,0,0,0,3,0,0,0,0,0,0,,
HKCFI_2011_157.html.txt,2011_HKCFI_157.json,[2011] HKCFI 157,[2011] HKCFI 157,HCPI 398/2008,[2011] HKCFI 157,clean,12,COARSE_ICD_NODE;INJURY_MULTI_BODY_PART;NO_COMPARABLE;MULTI_PLAINTIFF,,0.417,1,0,0,1,0,0,1,0,0,0,0,0,0,0,,
HKDC_2011_671.html.txt,2011_HKDC_671.json,[2011] HKDC 671,[2011] HKDC 671,DCPI 1427/2009,[2011] HKDC 671,clean,12,RED_FLAG_NULL_MEDIUM;COARSE_ICD_NODE,injuries.overall_category;plaintiff.age_at_accident,0.458,2,0,0,1,0,0,0,0,0,0,0,0,0,0,,
HKDC_2012_59.html.txt,2012_HKDC_59.json,[2012] HKDC 59,[2012] HKDC 59,DCPI 131/2010,[2012] HKDC 59,clean,12,RED_FLAG_NULL;UNLINKED_MANIFESTATION,plaintiff.gender,0.333,2,0,0,0,0,0,0,1,0,0,0,0,0,0,,
HKCFI_2013_2053.html.txt,2013_HKCFI_2053.json,[2013] HKCFI 2053,[2013] HKCFI 2053,HCPI 122/2011,[2013] HKCFI 2053,clean,12,RED_FLAG_NULL_MEDIUM;COARSE_ICD_NODE,injuries.overall_category,0.333,4,0,0,1,0,0,0,0,0,0,0,0,0,0,,
HKCFI_2014_1278.html.txt,2014_HKCFI_1278.json,[2014] HKCFI 1278,[2014] HKCFI 1278,HCPI 658/2012,[2014] HKCFI 1278,clean,12,COARSE_ICD_NODE;NULL_ICD_OTHER;INJURY_MULTI_BODY_PART,,0.125,5,1,0,2,0,0,1,0,0,0,0,0,0,1,,
HKDC_2014_331.html.txt,2014_HKDC_331.json,[2014] HKDC 331,[2014] HKDC 331,DCPI 1547/2012,[2014] HKDC 331,clean,12,RED_FLAG_NULL_MEDIUM;COARSE_ICD_NODE,injuries.overall_category,0.375,1,0,0,1,0,0,0,0,0,0,0,0,0,0,,
HKDC_2014_702.html.txt,2014_HKDC_702.json,[2014] HKDC 702,[2014] HKDC 702,DCPI 1675/2012,[2014] HKDC 702,clean,12,SOURCE_NOISE,,0.333,1,0,0,0,0,0,0,0,0,0,0,0,0,0,,
HKDC_2015_795.html.txt,2015_HKDC_795.json,[2015] HKDC 795,[2015] HKDC 795,DCPI 1426/2014,[2015] HKDC 795,clean,12,COARSE_ICD_NODE;UNLINKED_MANIFESTATION;UNLINKED_LOSS;MULTI_PLAINTIFF,,0.333,5,0,0,1,0,0,0,4,1,0,0,0,0,0,,
HKCFI_2016_1642.html.txt,2016_HKCFI_1642.json,[2016] HKCFI 1642,[2016] HKCFI 1642,HCPI 718/2012,[2016] HKCFI 1642,clean,12,RED_FLAG_NULL_MEDIUM;COARSE_ICD_NODE,injuries.overall_category,0.375,6,0,0,1,0,0,0,0,0,0,0,0,0,0,,
HKDC_2016_316.html.txt,2016_HKDC_316.json,[2016] HKDC 316,[2016] HKDC 316,DCPI 2242/2013,[2016] HKDC 316,clean,12,INJURY_MULTI_BODY_PART;COARSE_ICD_NODE;PSYCH_DETECTED;MULTI_PLAINTIFF,plaintiff.occupation_before,0.333,4,0,1,1,0,0,2,0,0,0,0,0,0,0,inj_004,
HKCFI_2017_1139.html.txt,2017_HKCFI_1139.json,[2017] HKCFI 1139,[2017] HKCFI 1139,HCPI 399/2012,[2017] HKCFI 1139,clean,12,INJURY_MULTI_BODY_PART;COARSE_ICD_NODE;UNLINKED_MANIFESTATION,,0.250,4,0,0,1,0,0,1,1,0,0,0,0,0,0,,
HKCFI_2017_1200.html.txt,2017_HKCFI_1200.json,[2017] HKCFI 1200,[2017] HKCFI 1200,HCPI 632/2014,[2017] HKCFI 1200,clean,12,RED_FLAG_NULL;UNLINKED_MANIFESTATION,plaintiff.gender,0.458,1,0,0,0,0,0,0,3,0,0,0,0,0,0,,
HKCFI_2017_756.html.txt,2017_HKCFI_756.json,[2017] HKCFI 756,[2017] HKCFI 756,HCPI 225/2013,[2017] HKCFI 756,clean,12,ICD_STOPPED_EARLY;NULL_ICD_OTHER;UNLINKED_LOSS;NO_COMPARABLE,,0.375,9,4,0,0,2,0,0,0,1,0,0,0,0,4,,
HKCFI_2018_1084.html.txt,2018_HKCFI_1084.json,[2018] HKCFI 1084,[2018] HKCFI 1084,HCPI 913/2016,[2018] HKCFI 1084,clean,12,RED_FLAG_NULL_MEDIUM;COARSE_ICD_NODE,injuries.overall_category,0.292,1,0,0,1,0,0,0,0,0,0,0,0,0,0,,
HKDC_2018_1577.html.txt,2018_HKDC_1577.json,[2018] HKDC 1577,[2018] HKDC 1577,DCPI 1187/2017,[2018] HKDC 1577,clean,12,SOURCE_NOISE,,0.375,1,0,0,0,0,0,0,0,0,0,0,0,0,0,,
HKDC_2018_332.html.txt,2018_HKDC_332.json,[2018] HKDC 332,[2018] HKDC 332,DCPI 2275/2014,[2018] HKDC 332,clean,12,RED_FLAG_NULL_MEDIUM;NULL_ICD_PSYCH;PSYCH_DETECTED;NO_COMPARABLE,injuries.overall_category,0.333,2,1,1,0,0,0,0,0,0,1,0,0,0,0,inj_002,
HKCFI_1976_97.html.txt,1976_HKCFI_97.json,[1976] HKCFI 97,[1976] HKCFI 97,HCA 701/1976,[1976] HKCFI 97,clean,11,RED_FLAG_NULL_MEDIUM;INJURY_MULTI_BODY_PART;UNLINKED_MANIFESTATION;NO_COMPARABLE,injuries.overall_category;plaintiff.age_at_accident,0.458,4,0,0,0,0,0,2,1,0,0,0,0,0,0,,
HKCFI_1978_64.html.txt,1978_HKCFI_64.json,[1978] HKCFI 64,[1978] HKCFI 64,HCA 3707/1977,[1978] HKCFI 64,clean,11,RED_FLAG_NULL_MEDIUM;INJURY_MULTI_BODY_PART;UNLINKED_MANIFESTATION;NO_COMPARABLE,injuries.overall_category;plaintiff.age_at_accident,0.417,3,0,0,0,0,0,1,1,0,0,0,0,0,0,,
HKCFI_1978_93.html.txt,1978_HKCFI_93.json,[1978] HKCFI 93,[1978] HKCFI 93,HCA 2500/1977,[1978] HKCFI 93,clean,11,RED_FLAG_NULL_MEDIUM;INJURY_MULTI_BODY_PART;UNLINKED_LOSS;NO_COMPARABLE,injuries.overall_category,0.417,4,0,0,0,0,0,1,0,2,0,0,0,0,0,,
HKCA_1983_297.html.txt,1983_HKCA_297.json,[1983] HKCA 297,[1983] HKCA 297,CACV 53/1983,[1983] HKCA 297,clean,11,NULL_RATIO_HIGH;INJURY_MULTI_BODY_PART,,0.500,1,0,0,0,0,0,1,0,0,0,0,0,0,0,,
HKCFI_1985_206.html.txt,1985_HKCFI_206.json,[1985] HKCFI 206,[1985] HKCFI 206,HCA 9964/1982,[1985] HKCFI 206,clean,11,RED_FLAG_NULL_MEDIUM;NULL_ICD_PREEXISTING;UNLINKED_LOSS,injuries.overall_category;plaintiff.age_at_accident,0.458,2,1,0,0,0,0,0,0,1,0,1,0,0,0,,
HKCFI_1986_426.html.txt,1986_HKCFI_426.json,[1986] HKCFI 426,[1986] HKCFI 426,HCA 4409/1985,[1986] HKCFI 426,clean,11,COARSE_ICD_NODE;INJURY_MULTI_BODY_PART,,0.333,11,0,0,2,0,0,6,0,0,0,0,0,0,0,,
HKCFI_1989_182.html.txt,1989_HKCFI_182.json,[1989] HKCFI 182,[1989] HKCFI 182,HCA 1597/1989,[1989] HKCFI 182,clean,11,COARSE_ICD_NODE;INJURY_MULTI_BODY_PART;NO_COMPARABLE,,0.250,5,0,0,1,0,0,2,0,0,0,0,0,0,0,,
HKCFI_1995_15.html.txt,1995_HKCFI_15.json,[1995] HKCFI 15,[1995] HKCFI 15,HCA 4522/1991,[1995] HKCFI 15,clean,11,INJURY_MULTI_BODY_PART;COARSE_ICD_NODE;PSYCH_DETECTED,,0.250,6,0,1,1,0,0,2,0,0,0,0,0,0,0,,
HKCFI_1996_762.html.txt,1996_HKCFI_762.json,[1996] HKCFI 762,[1996] HKCFI 762,HCPI 350/1995,[1996] HKCFI 762,clean,11,COARSE_ICD_NODE;INJURY_MULTI_BODY_PART,,0.292,4,0,0,2,0,0,1,0,0,0,0,0,0,0,,
HKCFI_1997_184.html.txt,1997_HKCFI_184.json,[1997] HKCFI 184,[1997] HKCFI 184,HCPI 584/1996,[1997] HKCFI 184,clean,11,INJURY_MULTI_BODY_PART;TREATMENT_CONTAMINATED;PSYCH_DETECTED,,0.250,6,0,1,0,0,0,1,0,0,0,0,0,0,0,inj_001,
HKCFI_1997_284.html.txt,1997_HKCFI_284.json,[1997] HKCFI 284,[1997] HKCFI 284,HCPI 30/1996,[1997] HKCFI 284,clean,11,RED_FLAG_NULL;NO_COMPARABLE,plaintiff.gender;plaintiff.age_at_accident,0.417,2,0,0,0,0,0,0,0,0,0,0,0,0,0,,
HKCFI_1997_790.html.txt,1997_HKCFI_790.json,[1997] HKCFI 790,[1997] HKCFI 790,HCPI 1149/1995,[1997] HKCFI 790,clean,11,COARSE_ICD_NODE;INJURY_MULTI_BODY_PART;PSYCH_DETECTED,plaintiff.age_at_accident,0.417,2,0,1,1,0,0,2,0,0,0,0,0,0,0,,
HKCFI_1999_1217.html.txt,1999_HKCFI_1217.json,[1999] HKCFI 1217,[1999] HKCFI 1217,HCPI 198/1998,[1999] HKCFI 1217,clean,11,COARSE_ICD_NODE;INJURY_MULTI_BODY_PART;PSYCH_DETECTED,,0.292,5,0,1,1,0,0,1,0,0,0,0,0,0,0,,
HKCFI_1999_896.html.txt,1999_HKCFI_896.json,[1999] HKCFI 896,[1999] HKCFI 896,HCPI 528/1995,[1999] HKCFI 896,clean,11,RED_FLAG_NULL;NULL_ICD_OTHER,plaintiff.gender,0.292,5,1,0,0,0,0,0,0,0,0,0,0,0,1,,
HKCFI_2000_1441.html.txt,2000_HKCFI_1441.json,[2000] HKCFI 1441,[2000] HKCFI 1441,HCPI 906/1998,[2000] HKCFI 1441,clean,11,RED_FLAG_NULL;PSYCH_DETECTED,plaintiff.gender;plaintiff.age_at_accident,0.417,4,0,1,0,0,0,0,0,0,0,0,0,0,0,,
HKCFI_2000_586.html.txt,2000_HKCFI_586.json,[2000] HKCFI 586,[2000] HKCFI 586,HCPI 201/1998,[2000] HKCFI 586,clean,11,NULL_RATIO_HIGH;INJURY_MULTI_BODY_PART,,0.500,1,0,0,0,0,0,1,0,0,0,0,0,0,0,,
HKCFI_2000_759.html.txt,2000_HKCFI_759.json,[2000] HKCFI 759,[2000] HKCFI 759,HCPI 393/1999,[2000] HKCFI 759,clean,11,NULL_ICD_OTHER;INJURY_MULTI_BODY_PART;COARSE_ICD_NODE,,0.208,4,2,0,1,0,0,1,0,0,0,0,0,0,2,,
HKCFI_2001_142.html.txt,2001_HKCFI_142.json,[2001] HKCFI 142,[2001] HKCFI 142,HCPI 441/2000,[2001] HKCFI 142,clean,11,COARSE_ICD_NODE;INJURY_MULTI_BODY_PART,plaintiff.age_at_accident,0.417,2,0,0,2,0,0,1,0,0,0,0,0,0,0,,
HKCFI_2002_365.html.txt,2002_HKCFI_365.json,[2002] HKCFI 365,[2002] HKCFI 365,HCPI 1487/2000,[2002] HKCFI 365,clean,11,RED_FLAG_NULL_MEDIUM;NULL_ICD_PSYCH;PSYCH_DETECTED,injuries.overall_category;plaintiff.age_at_accident,0.417,2,1,1,0,0,0,0,0,0,1,0,0,0,0,"inj_001,inj_002",
HKCFI_2002_761.html.txt,2002_HKCFI_761.json,[2002] HKCFI 761,[2002] HKCFI 761,HCPI 166/2001,[2002] HKCFI 761,clean,11,RED_FLAG_NULL;NO_COMPARABLE,plaintiff.gender,0.375,3,0,0,0,0,0,0,0,0,0,0,0,0,0,,
HKCFI_2003_1038.html.txt,2003_HKCFI_1038.json,[2003] HKCFI 1038,[2003] HKCFI 1038,HCPI 1062/2002,[2003] HKCFI 1038,clean,11,COARSE_ICD_NODE;INJURY_MULTI_BODY_PART,,0.417,5,0,0,2,0,0,1,0,0,0,0,0,0,0,,
HKCFI_2003_270.html.txt,2003_HKCFI_270.json,[2003] HKCFI 270,[2003] HKCFI 270,HCPI 355/2002,[2003] HKCFI 270,clean,11,RED_FLAG_NULL_MEDIUM;INJURY_MULTI_BODY_PART;UNLINKED_MANIFESTATION;NO_COMPARABLE,injuries.overall_category;plaintiff.age_at_accident,0.458,4,0,0,0,0,0,1,8,0,0,0,0,0,0,,
HKCFI_2003_489.html.txt,2003_HKCFI_489.json,[2003] HKCFI 489,[2003] HKCFI 489,HCPI 1131/2002,[2003] HKCFI 489,clean,11,COARSE_ICD_NODE;UNLINKED_MANIFESTATION;PSYCH_DETECTED,,0.333,3,0,1,2,0,0,0,4,0,0,0,0,0,0,,
HKCFI_2004_1131.html.txt,2004_HKCFI_1131.json,[2004] HKCFI 1131,[2004] HKCFI 1131,HCPI 547/2003,[2004] HKCFI 1131,clean,11,COARSE_ICD_NODE;NULL_ICD_PREEXISTING,,0.208,3,1,0,1,0,0,0,0,0,0,1,0,0,0,,
HKCFI_2004_785.html.txt,2004_HKCFI_785.json,[2004] HKCFI 785,[2004] HKCFI 785,HCPI 472/2003,[2004] HKCFI 785,clean,11,RED_FLAG_NULL;NO_COMPARABLE,plaintiff.gender;plaintiff.age_at_accident,0.458,2,0,0,0,0,0,0,0,0,0,0,0,0,0,,
HKCFI_2005_531.html.txt,2005_HKCFI_531.json,[2005] HKCFI 531,[2005] HKCFI 531,HCPI 1028/2002,[2005] HKCFI 531,clean,11,RED_FLAG_NULL;NO_COMPARABLE,plaintiff.gender;plaintiff.age_at_accident,0.458,1,0,0,0,0,0,0,0,0,0,0,0,0,0,,
HKCFI_2005_783.html.txt,2005_HKCFI_783.json,[2005] HKCFI 783,[2005] HKCFI 783,HCPI 768/2003,[2005] HKCFI 783,clean,11,INJURY_MULTI_BODY_PART;COARSE_ICD_NODE;PSYCH_DETECTED,,0.167,8,0,1,1,0,0,3,0,0,0,0,0,0,0,inj_008,
HKCFI_2007_647.html.txt,2007_HKCFI_647.json,[2007] HKCFI 647,[2007] HKCFI 647,HCPI 1169/2004,[2007] HKCFI 647,clean,11,COARSE_ICD_NODE;NULL_ICD_PREEXISTING,plaintiff.age_at_accident,0.292,3,1,0,1,0,0,0,0,0,0,1,0,0,0,,
HKCFI_2008_653.html.txt,2008_HKCFI_653.json,[2008] HKCFI 653,[2008] HKCFI 653,HCPI 981/2005,[2008] HKCFI 653,clean,11,RED_FLAG_NULL_MEDIUM;INJURY_MULTI_BODY_PART;NULL_ICD_OTHER;UNLINKED_LOSS,injuries.overall_category,0.417,4,1,0,0,0,0,2,0,1,0,0,0,0,1,,
HKDC_2008_14.html.txt,2008_HKDC_14.json,[2008] HKDC 14,[2008] HKDC 14,DCPI 807/2007,[2008] HKDC 14,clean,11,RED_FLAG_NULL;PSYCH_DETECTED,plaintiff.gender,0.417,1,0,1,0,0,0,0,0,0,0,0,0,0,0,,
HKDC_2008_94.html.txt,2008_HKDC_94.json,[2008] HKDC 94,[2008] HKDC 94,DCPI 1069/2006,[2008] HKDC 94,clean,11,INJURY_MULTI_BODY_PART;ICD_STOPPED_EARLY,,0.458,7,0,0,0,2,0,1,0,0,0,0,0,0,0,,
HKCA_2010_452.html.txt,2010_HKCA_452.json,[2010] HKCA 452,[2010] HKCA 452,CACV 385/2008,[2010] HKCA 452,clean,11,RED_FLAG_NULL_MEDIUM;NULL_ICD_OTHER;NULL_ICD_PREEXISTING;NO_COMPARABLE,injuries.overall_category,0.458,2,2,0,0,0,0,0,0,0,0,1,0,0,1,,
HKCFI_2011_274.html.txt,2011_HKCFI_274.json,[2011] HKCFI 274,[2011] HKCFI 274,HCPI 943/2007,[2011] HKCFI 274,clean,11,COARSE_ICD_NODE;INJURY_MULTI_BODY_PART,,0.292,2,0,0,2,0,0,1,0,0,0,0,0,0,0,,
HKCFI_2011_476.html.txt,2011_HKCFI_476.json,[2011] HKCFI 476,[2011] HKCFI 476,HCPI 344/2008,[2011] HKCFI 476,clean,11,ICD_STOPPED_EARLY;PSYCH_DETECTED;NO_COMPARABLE,plaintiff.age_at_accident,0.458,4,0,1,0,3,0,0,0,0,0,0,0,0,0,,
HKCFI_2016_720.html.txt,2016_HKCFI_720.json,[2016] HKCFI 720,[2016] HKCFI 720,HCPI 1380/2014,[2016] HKCFI 720,clean,11,RED_FLAG_NULL;NO_COMPARABLE,plaintiff.gender;plaintiff.age_at_accident,0.417,1,0,0,0,0,0,0,0,0,0,0,0,0,0,,
HKDC_2016_24.html.txt,2016_HKDC_24.json,[2016] HKDC 24,[2016] HKDC 24,DCPI 2259/2011,[2016] HKDC 24,clean,11,RED_FLAG_NULL_MEDIUM;NULL_ICD_BURN;PSYCH_DETECTED,injuries.overall_category,0.458,3,1,1,0,0,0,0,0,0,0,0,1,0,0,,
HKDC_2017_10.html.txt,2017_HKDC_10.json,[2017] HKDC 10,[2017] HKDC 10,DCPI 1492/2014,[2017] HKDC 10,clean,11,RED_FLAG_NULL_MEDIUM;NULL_ICD_PSYCH;PSYCH_DETECTED,injuries.overall_category,0.292,2,2,1,0,0,0,0,0,0,2,0,0,0,0,"inj_001,inj_002",
HKCFI_2018_1086.html.txt,2018_HKCFI_1086.json,[2018] HKCFI 1086,[2018] HKCFI 1086,HCPI 214/2016,[2018] HKCFI 1086,clean,11,RED_FLAG_NULL_MEDIUM;NULL_ICD_OTHER;UNLINKED_MANIFESTATION;UNLINKED_LOSS;NO_COMPARABLE,injuries.overall_category,0.417,4,1,0,0,0,0,0,1,1,0,0,0,0,1,,
HKCFI_2018_2723.html.txt,2018_HKCFI_2723.json,[2018] HKCFI 2723,[2018] HKCFI 2723,HCPI 1319/2016,[2018] HKCFI 2723,clean,11,COARSE_ICD_NODE;INJURY_MULTI_BODY_PART;NULL_ICD_OTHER,,0.292,3,1,0,1,0,0,1,0,0,0,0,0,0,1,,
HKCFI_1981_3.html.txt,1981_HKCFI_3.json,[1981] HKCFI 3,[1981] HKCFI 3,HCA 4529/1979,[1981] HKCFI 3,clean,10,RED_FLAG_NULL,plaintiff.gender,0.417,2,0,0,0,0,0,0,0,0,0,0,0,0,0,,
HKCFI_1984_402.html.txt,1984_HKCFI_402.json,[1984] HKCFI 402,[1984] HKCFI 402,HCA 4123/1982,[1984] HKCFI 402,clean,10,RED_FLAG_NULL_MEDIUM;UNLINKED_MANIFESTATION;UNLINKED_LOSS;MULTI_PLAINTIFF,injuries.overall_category,0.417,2,0,0,0,0,0,0,5,1,0,0,0,0,0,,
HKCFI_1985_74.html.txt,1985_HKCFI_74.json,[1985] HKCFI 74,[1985] HKCFI 74,HCA 8498/1983,[1985] HKCFI 74,clean,10,RED_FLAG_NULL,plaintiff.gender;plaintiff.age_at_accident,0.458,1,0,0,0,0,0,0,0,0,0,0,0,0,0,,
HKCFI_1986_416.html.txt,1986_HKCFI_416.json,[1986] HKCFI 416,[1986] HKCFI 416,HCA 3551/1981,[1986] HKCFI 416,clean,10,RED_FLAG_NULL,plaintiff.gender,0.417,2,0,0,0,0,0,0,0,0,0,0,0,0,0,,
HKCFI_1990_76.html.txt,1990_HKCFI_76.json,[1990] HKCFI 76,[1990] HKCFI 76,HCA 7457/1988,[1990] HKCFI 76,clean,10,RED_FLAG_NULL_MEDIUM;UNLINKED_MANIFESTATION;UNLINKED_LOSS;PSYCH_DETECTED,injuries.overall_category,0.333,7,0,1,0,0,0,0,17,8,0,0,0,0,0,,
HKCFI_1995_36.html.txt,1995_HKCFI_36.json,[1995] HKCFI 36,[1995] HKCFI 36,HCA 7930/1988,[1995] HKCFI 36,clean,10,COARSE_ICD_NODE;UNLINKED_MANIFESTATION;NO_COMPARABLE,plaintiff.age_at_accident,0.458,5,0,0,1,0,0,0,4,0,0,0,0,0,0,,
HKCFI_1995_565.html.txt,1995_HKCFI_565.json,[1995] HKCFI 565,[1995] HKCFI 565,HCPI 167/1994,[1995] HKCFI 565,clean,10,ICD_STOPPED_EARLY;INJURY_MULTI_BODY_PART,plaintiff.age_at_accident,0.208,3,0,0,0,1,0,1,0,0,0,0,0,0,0,,
HKCFI_1997_186.html.txt,1997_HKCFI_186.json,[1997] HKCFI 186,[1997] HKCFI 186,HCPI 784/1995,[1997] HKCFI 186,clean,10,INJURY_MULTI_BODY_PART;NULL_ICD_SYMPTOM;PSYCH_DETECTED,,0.417,6,1,1,0,0,0,3,0,0,0,0,0,1,0,,
HKCFI_1998_221.html.txt,1998_HKCFI_221.json,[1998] HKCFI 221,[1998] HKCFI 221,HCPI 1227/1995,[1998] HKCFI 221,clean,10,RED_FLAG_NULL,plaintiff.gender,0.375,1,0,0,0,0,0,0,0,0,0,0,0,0,0,,
HKCFI_1998_912.html.txt,1998_HKCFI_912.json,[1998] HKCFI 912,[1998] HKCFI 912,HCPI 1186/1995,[1998] HKCFI 912,clean,10,COARSE_ICD_NODE;UNLINKED_LOSS,,0.292,7,0,0,2,0,0,0,0,2,0,0,0,0,0,,
HKCFI_1999_1067.html.txt,1999_HKCFI_1067.json,[1999] HKCFI 1067,[1999] HKCFI 1067,HCPI 664/1998,[1999] HKCFI 1067,clean,10,RED_FLAG_NULL,plaintiff.gender,0.250,2,0,0,0,0,0,0,0,0,0,0,0,0,0,,
HKCFI_1999_206.html.txt,1999_HKCFI_206.json,[1999] HKCFI 206,[1999] HKCFI 206,HCPI 1327/1996,[1999] HKCFI 206,clean,10,RED_FLAG_NULL,plaintiff.gender,0.417,2,0,0,0,0,0,0,0,0,0,0,0,0,0,,
HKCFI_1999_899.html.txt,1999_HKCFI_899.json,[1999] HKCFI 899,[1999] HKCFI 899,HCPI 1189/1997,[1999] HKCFI 899,clean,10,COARSE_ICD_NODE;INJURY_MULTI_BODY_PART,,0.375,2,0,0,1,0,0,1,0,0,0,0,0,0,0,,
HKCFI_2002_355.html.txt,2002_HKCFI_355.json,[2002] HKCFI 355,[2002] HKCFI 355,HCPI 1051/2001,[2002] HKCFI 355,clean,10,RED_FLAG_NULL,plaintiff.gender,0.333,3,0,0,0,0,0,0,0,0,0,0,0,0,0,,
HKCFI_2002_446.html.txt,2002_HKCFI_446.json,[2002] HKCFI 446,[2002] HKCFI 446,HCPI 812/1995,[2002] HKCFI 446,clean,10,RED_FLAG_NULL,plaintiff.gender;plaintiff.age_at_accident,0.417,4,0,0,0,0,0,0,0,0,0,0,0,0,0,,
HKCFI_2002_915.html.txt,2002_HKCFI_915.json,[2002] HKCFI 915,[2002] HKCFI 915,HCPI 1336/2000,[2002] HKCFI 915,clean,10,RED_FLAG_NULL,plaintiff.gender;plaintiff.age_at_accident,0.375,1,0,0,0,0,0,0,0,0,0,0,0,0,0,,
HKCFI_2003_20.html.txt,2003_HKCFI_20.json,[2003] HKCFI 20,[2003] HKCFI 20,HCPI 482/2002,[2003] HKCFI 20,clean,10,INJURY_MULTI_BODY_PART;COARSE_ICD_NODE,,0.208,2,0,0,1,0,0,2,0,0,0,0,0,0,0,,
HKCFI_2003_278.html.txt,2003_HKCFI_278.json,[2003] HKCFI 278,[2003] HKCFI 278,HCPI 173/2001,[2003] HKCFI 278,clean,10,ICD_STOPPED_EARLY;UNLINKED_MANIFESTATION;PSYCH_DETECTED,,0.292,3,0,1,0,1,0,0,5,0,0,0,0,0,0,,
HKDC_2003_126.html.txt,2003_HKDC_126.json,[2003] HKDC 126,[2003] HKDC 126,DCPI 47/2002,[2003] HKDC 126,clean,10,INJURY_MULTI_BODY_PART;COARSE_ICD_NODE,,0.292,3,0,0,1,0,0,2,0,0,0,0,0,0,0,,
HKCFI_2005_1234.html.txt,2005_HKCFI_1234.json,[2005] HKCFI 1234,[2005] HKCFI 1234,HCPI 1340/2003,[2005] HKCFI 1234,clean,10,COARSE_ICD_NODE;UNLINKED_MANIFESTATION,,0.208,5,0,0,2,0,0,0,2,0,0,0,0,0,0,,
HKCFI_2006_145.html.txt,2006_HKCFI_145.json,[2006] HKCFI 145,[2006] HKCFI 145,HCPI 116/2005,[2006] HKCFI 145,clean,10,INJURY_MULTI_BODY_PART;TREATMENT_CONTAMINATED,plaintiff.age_at_accident,0.333,3,0,0,0,0,0,2,0,0,0,0,0,0,0,,
HKCFI_2006_153.html.txt,2006_HKCFI_153.json,[2006] HKCFI 153,[2006] HKCFI 153,HCPI 534/2004,[2006] HKCFI 153,clean,10,NULL_RATIO_HIGH;NO_PSLA_AMOUNT;NO_COMPARABLE,plaintiff.age_at_accident;psla.amount,0.542,2,0,0,0,0,0,0,0,0,0,0,0,0,0,,
HKCFI_2006_354.html.txt,2006_HKCFI_354.json,[2006] HKCFI 354,[2006] HKCFI 354,HCPI 382/2003,[2006] HKCFI 354,clean,10,INJURY_MULTI_BODY_PART;NULL_ICD_PSYCH;PSYCH_DETECTED;NO_COMPARABLE,,0.375,4,1,1,0,0,0,2,0,0,1,0,0,0,0,inj_004,
HKDC_2006_129.html.txt,2006_HKDC_129.json,[2006] HKDC 129,[2006] HKDC 129,DCPI 129/2005,[2006] HKDC 129,clean,10,RED_FLAG_NULL,plaintiff.gender,0.458,2,0,0,0,0,0,0,0,0,0,0,0,0,0,,
HKDC_2007_6.html.txt,2007_HKDC_6.json,[2007] HKDC 6,[2007] HKDC 6,DCPI 248/2006,[2007] HKDC 6,clean,10,RED_FLAG_NULL,plaintiff.gender,0.458,1,0,0,0,0,0,0,0,0,0,0,0,0,0,,
HKCFI_2008_1046.html.txt,2008_HKCFI_1046.json,[2008] HKCFI 1046,[2008] HKCFI 1046,HCPI 304/2004,[2008] HKCFI 1046,clean,10,COARSE_ICD_NODE;INJURY_MULTI_BODY_PART,,0.250,4,0,0,1,0,0,1,0,0,0,0,0,0,0,,
HKCFI_2008_578.html.txt,2008_HKCFI_578.json,[2008] HKCFI 578,[2008] HKCFI 578,HCPI 914/2006,[2008] HKCFI 578,clean,10,RED_FLAG_NULL_MEDIUM;INJURY_MULTI_BODY_PART;NULL_ICD_OTHER;PSYCH_DETECTED,injuries.overall_category,0.417,6,1,1,0,0,0,1,0,0,0,0,0,0,1,,
HKCFI_2008_765.html.txt,2008_HKCFI_765.json,[2008] HKCFI 765,[2008] HKCFI 765,HCPI 610/2007,[2008] HKCFI 765,clean,10,INJURY_MULTI_BODY_PART;COARSE_ICD_NODE,,0.208,2,0,0,1,0,0,1,0,0,0,0,0,0,0,,
HKDC_2008_233.html.txt,2008_HKDC_233.json,[2008] HKDC 233,[2008] HKDC 233,DCPI 2328/2007,[2008] HKDC 233,clean,10,RED_FLAG_NULL,plaintiff.gender,0.292,3,0,0,0,0,0,0,0,0,0,0,0,0,0,,
HKDC_2009_271.html.txt,2009_HKDC_271.json,[2009] HKDC 271,[2009] HKDC 271,DCPI 594/2008,[2009] HKDC 271,clean,10,RED_FLAG_NULL_MEDIUM;UNLINKED_MANIFESTATION;UNLINKED_LOSS;NO_COMPARABLE,injuries.overall_category,0.375,3,0,0,0,0,0,0,1,1,0,0,0,0,0,,
HKDC_2010_182.html.txt,2010_HKDC_182.json,[2010] HKDC 182,[2010] HKDC 182,DCPI 2135/2009,[2010] HKDC 182,clean,10,RED_FLAG_NULL,plaintiff.gender;plaintiff.age_at_accident,0.458,1,0,0,0,0,0,0,0,0,0,0,0,0,0,,
HKDC_2010_1970.html.txt,2010_HKDC_1970.json,[2010] HKDC 1970,[2010] HKDC 1970,DCPI 352/2009,[2010] HKDC 1970,clean,10,RED_FLAG_NULL,plaintiff.gender,0.333,1,0,0,0,0,0,0,0,0,0,0,0,0,0,,
HKDC_2010_28.html.txt,2010_HKDC_28.json,[2010] HKDC 28,[2010] HKDC 28,DCCJ 2233/2007,[2010] HKDC 28,clean,10,RED_FLAG_NULL_MEDIUM;INJURY_MULTI_BODY_PART;NO_PSLA_AMOUNT;NO_COMPARABLE,injuries.overall_category;plaintiff.age_at_accident;psla.amount,0.458,2,0,0,0,0,0,2,0,0,0,0,0,0,0,,
HKCFI_2012_1398.html.txt,2012_HKCFI_1398.json,[2012] HKCFI 1398,[2012] HKCFI 1398,HCPI 368/2010,[2012] HKCFI 1398,clean,10,COARSE_ICD_NODE;INJURY_MULTI_BODY_PART,plaintiff.age_at_accident,0.375,5,0,0,1,0,0,1,0,0,0,0,0,0,0,,
HKCFI_2012_73.html.txt,2012_HKCFI_73.json,[2012] HKCFI 73,[2012] HKCFI 73,HCPI 945/2003,[2012] HKCFI 73,clean,10,RED_FLAG_NULL_MEDIUM;NULL_ICD_OTHER;INJURY_MULTI_BODY_PART;NO_COMPARABLE,injuries.overall_category,0.333,1,1,0,0,0,0,1,0,0,0,0,0,0,1,,
HKDC_2012_146.html.txt,2012_HKDC_146.json,[2012] HKDC 146,[2012] HKDC 146,DCPI 26/2010,[2012] HKDC 146,clean,10,RED_FLAG_NULL_MEDIUM;INJURY_MULTI_BODY_PART;UNLINKED_LOSS,injuries.overall_category,0.292,3,0,0,0,0,0,1,0,1,0,0,0,0,0,,
HKCFI_2013_2134.html.txt,2013_HKCFI_2134.json,[2013] HKCFI 2134,[2013] HKCFI 2134,HCPI 531/2011,[2013] HKCFI 2134,clean,10,COARSE_ICD_NODE;UNLINKED_MANIFESTATION,,0.250,3,0,0,2,0,0,0,5,0,0,0,0,0,0,,
HKDC_2013_747.html.txt,2013_HKDC_747.json,[2013] HKDC 747,[2013] HKDC 747,DCPI 529/2011,[2013] HKDC 747,clean,10,ICD_STOPPED_EARLY;INJURY_MULTI_BODY_PART,,0.333,2,0,0,0,1,0,1,0,0,0,0,0,0,0,,
HKCFI_2014_1277.html.txt,2014_HKCFI_1277.json,[2014] HKCFI 1277,[2014] HKCFI 1277,HCPI 662/2012,[2014] HKCFI 1277,clean,10,COARSE_ICD_NODE;INJURY_MULTI_BODY_PART,,0.125,4,0,0,1,0,0,1,0,0,0,0,0,0,0,,
HKCFI_2015_1254.html.txt,2015_HKCFI_1254.json,[2015] HKCFI 1254,[2015] HKCFI 1254,HCPI 420/2013,[2015] HKCFI 1254,clean,10,RED_FLAG_NULL_MEDIUM;UNLINKED_MANIFESTATION;UNLINKED_LOSS;PSYCH_DETECTED,injuries.overall_category,0.250,2,0,1,0,0,0,0,2,2,0,0,0,0,0,,
HKCFI_2015_255.html.txt,2015_HKCFI_255.json,[2015] HKCFI 255,[2015] HKCFI 255,HCPI 189/2013,[2015] HKCFI 255,clean,10,INJURY_MULTI_BODY_PART;NULL_ICD_PSYCH;PSYCH_DETECTED;NO_COMPARABLE,,0.208,3,1,1,0,0,0,3,0,0,1,0,0,0,0,inj_003,
HKCFI_2017_1336.html.txt,2017_HKCFI_1336.json,[2017] HKCFI 1336,[2017] HKCFI 1336,HCPI 420/2014,[2017] HKCFI 1336,clean,10,NULL_ICD_PREEXISTING;NULL_ICD_PSYCH;PSYCH_DETECTED,,0.375,6,2,1,0,0,0,0,0,0,1,1,0,0,0,inj_006,
HKCFI_2017_1491.html.txt,2017_HKCFI_1491.json,[2017] HKCFI 1491,[2017] HKCFI 1491,HCPI 312/2016,[2017] HKCFI 1491,clean,10,COARSE_ICD_NODE;UNLINKED_MANIFESTATION,,0.292,4,0,0,2,0,0,0,11,0,0,0,0,0,0,,
HKCFI_2018_1284.html.txt,2018_HKCFI_1284.json,[2018] HKCFI 1284,[2018] HKCFI 1284,HCPI 491/2015,[2018] HKCFI 1284,clean,10,RED_FLAG_NULL,plaintiff.gender,0.333,1,0,0,0,0,0,0,0,0,0,0,0,0,0,,
HKCFI_2018_737.html.txt,2018_HKCFI_737.json,[2018] HKCFI 737,[2018] HKCFI 737,HCPI 613/2014,[2018] HKCFI 737,clean,10,RED_FLAG_NULL_MEDIUM;NULL_ICD_OTHER;INJURY_MULTI_BODY_PART;NO_COMPARABLE,injuries.overall_category,0.250,6,3,0,0,0,0,1,0,0,0,0,0,0,3,,
HKCFI_1977_118.html.txt,1977_HKCFI_118.json,[1977] HKCFI 118,[1977] HKCFI 118,HCA 538/1977,[1977] HKCFI 118,clean,9,RED_FLAG_NULL_MEDIUM;UNLINKED_LOSS;NO_PSLA_AMOUNT;NO_COMPARABLE,injuries.overall_category;psla.amount,0.417,3,0,0,0,0,0,0,0,1,0,0,0,0,0,,
HKCFI_1985_72.html.txt,1985_HKCFI_72.json,[1985] HKCFI 72,[1985] HKCFI 72,HCA 7007/1983,[1985] HKCFI 72,clean,9,NULL_RATIO_HIGH;NO_COMPARABLE,plaintiff.age_at_accident,0.542,1,0,0,0,0,0,0,0,0,0,0,0,0,0,,
HKCA_1991_287.html.txt,1991_HKCA_287.json,[1991] HKCA 287,[1991] HKCA 287,CACV 61/1991,[1991] HKCA 287,clean,9,NULL_RATIO_HIGH;NULL_ICD_OTHER,,0.542,6,1,0,0,0,0,0,0,0,0,0,0,0,1,,
HKCFI_1992_301.html.txt,1992_HKCFI_301.json,[1992] HKCFI 301,[1992] HKCFI 301,HCA 2498/1991,[1992] HKCFI 301,clean,9,UNLINKED_MANIFESTATION;TREATMENT_CONTAMINATED,,0.250,4,0,0,0,0,0,0,5,0,0,0,0,0,0,,
HKCFI_2001_1380.html.txt,2001_HKCFI_1380.json,[2001] HKCFI 1380,[2001] HKCFI 1380,HCPI 258/1999,[2001] HKCFI 1380,clean,9,NULL_RATIO_HIGH;PSYCH_DETECTED,,0.500,1,0,1,0,0,0,0,0,0,0,0,0,0,0,,
HKCFI_2002_236.html.txt,2002_HKCFI_236.json,[2002] HKCFI 236,[2002] HKCFI 236,HCPI 57/2001,[2002] HKCFI 236,clean,9,RED_FLAG_NULL_MEDIUM;INJURY_MULTI_BODY_PART;NO_COMPARABLE,injuries.overall_category;plaintiff.age_at_accident,0.417,3,0,0,0,0,0,1,0,0,0,0,0,0,0,,
HKCFI_2002_709.html.txt,2002_HKCFI_709.json,[2002] HKCFI 709,[2002] HKCFI 709,HCPI 757/2001,[2002] HKCFI 709,clean,9,COARSE_ICD_NODE;UNLINKED_MANIFESTATION,plaintiff.age_at_accident,0.417,4,0,0,1,0,0,0,3,0,0,0,0,0,0,,
HKCFI_2002_816.html.txt,2002_HKCFI_816.json,[2002] HKCFI 816,[2002] HKCFI 816,HCPI 584/2001,[2002] HKCFI 816,clean,9,COARSE_ICD_NODE;UNLINKED_MANIFESTATION,,0.417,4,0,0,1,0,0,0,1,0,0,0,0,0,0,,
HKDC_2002_130.html.txt,2002_HKDC_130.json,[2002] HKDC 130,[2002] HKDC 130,DCPI 181/2002,[2002] HKDC 130,clean,9,NULL_ICD_OTHER;COARSE_ICD_NODE;PSYCH_DETECTED,plaintiff.age_at_accident,0.375,3,1,1,1,0,0,0,0,0,0,0,0,0,1,,
HKCFI_2003_732.html.txt,2003_HKCFI_732.json,[2003] HKCFI 732,[2003] HKCFI 732,HCPI 422/2002,[2003] HKCFI 732,clean,9,RED_FLAG_NULL_MEDIUM;INJURY_MULTI_BODY_PART;NO_COMPARABLE,injuries.overall_category,0.375,8,0,0,0,0,0,3,0,0,0,0,0,0,0,,
HKCFI_2004_190.html.txt,2004_HKCFI_190.json,[2004] HKCFI 190,[2004] HKCFI 190,HCPI 69/2003,[2004] HKCFI 190,clean,9,ICD_STOPPED_EARLY;UNLINKED_MANIFESTATION,,0.375,2,0,0,0,1,0,0,1,0,0,0,0,0,0,,
HKDC_2004_84.html.txt,2004_HKDC_84.json,[2004] HKDC 84,[2004] HKDC 84,DCPI 361/2003,[2004] HKDC 84,clean,9,NULL_RATIO_HIGH;NO_COMPARABLE,plaintiff.age_at_accident,0.542,1,0,0,0,0,0,0,0,0,0,0,0,0,0,,
HKCFI_2006_824.html.txt,2006_HKCFI_824.json,[2006] HKCFI 824,[2006] HKCFI 824,HCPI 446/2005,[2006] HKCFI 824,clean,9,COARSE_ICD_NODE;NO_COMPARABLE,,0.250,6,0,0,2,0,0,0,0,0,0,0,0,0,0,,
HKCFI_2008_360.html.txt,2008_HKCFI_360.json,[2008] HKCFI 360,[2008] HKCFI 360,HCPI 103/2007,[2008] HKCFI 360,clean,9,INJURY_MULTI_BODY_PART;NULL_ICD_PSYCH;PSYCH_DETECTED,plaintiff.age_at_accident,0.417,3,1,1,0,0,0,1,0,0,1,0,0,0,0,inj_003,
HKCFI_2008_59.html.txt,2008_HKCFI_59.json,[2008] HKCFI 59,[2008] HKCFI 59,HCPI 938/2005,[2008] HKCFI 59,clean,9,NULL_ICD_PREEXISTING;INJURY_MULTI_BODY_PART;UNLINKED_MANIFESTATION,,0.375,3,2,0,0,0,0,1,8,0,0,2,0,0,0,,
HKCFI_2008_652.html.txt,2008_HKCFI_652.json,[2008] HKCFI 652,[2008] HKCFI 652,HCPI 937/2006,[2008] HKCFI 652,clean,9,COARSE_ICD_NODE;PSYCH_DETECTED,plaintiff.age_at_accident,0.458,3,0,1,2,0,0,0,0,0,0,0,0,0,0,inj_003,
HKCFI_2008_724.html.txt,2008_HKCFI_724.json,[2008] HKCFI 724,[2008] HKCFI 724,HCPI 741/2006,[2008] HKCFI 724,clean,9,COARSE_ICD_NODE;UNLINKED_MANIFESTATION,,0.333,2,0,0,1,0,0,0,1,0,0,0,0,0,0,,
HKDC_2009_23.html.txt,2009_HKDC_23.json,[2009] HKDC 23,[2009] HKDC 23,DCPI 229/2007,[2009] HKDC 23,clean,9,RED_FLAG_NULL_MEDIUM;UNLINKED_MANIFESTATION;UNLINKED_LOSS,injuries.overall_category,0.333,2,0,0,0,0,0,0,4,1,0,0,0,0,0,,
HKCFI_2010_388.html.txt,2010_HKCFI_388.json,[2010] HKCFI 388,[2010] HKCFI 388,HCPI 457/2008,[2010] HKCFI 388,clean,9,RED_FLAG_NULL_MEDIUM;INJURY_MULTI_BODY_PART;NO_COMPARABLE,injuries.overall_category,0.417,5,0,0,0,0,0,2,0,0,0,0,0,0,0,,
HKCFI_2012_1829.html.txt,2012_HKCFI_1829.json,[2012] HKCFI 1829,[2012] HKCFI 1829,HCPI 810/2008,[2012] HKCFI 1829,clean,9,RED_FLAG_NULL_MEDIUM;INJURY_MULTI_BODY_PART;PSYCH_DETECTED,injuries.overall_category,0.333,2,0,1,0,0,0,2,0,0,0,0,0,0,0,,
HKCFI_2013_841.html.txt,2013_HKCFI_841.json,[2013] HKCFI 841,[2013] HKCFI 841,HCPI 5/2011,[2013] HKCFI 841,clean,9,NULL_ICD_SYMPTOM;INJURY_MULTI_BODY_PART,,0.292,2,1,0,0,0,0,1,0,0,0,0,0,1,0,,
HKDC_2013_1251.html.txt,2013_HKDC_1251.json,[2013] HKDC 1251,[2013] HKDC 1251,DCPI 675/2012,[2013] HKDC 1251,clean,9,ICD_STOPPED_EARLY;NO_PSLA_AMOUNT;MULTI_PLAINTIFF,psla.amount,0.333,12,0,0,0,1,0,0,0,0,0,0,0,0,0,,
HKDC_2013_564.html.txt,2013_HKDC_564.json,[2013] HKDC 564,[2013] HKDC 564,DCPI 220/2012,[2013] HKDC 564,clean,9,NULL_ICD_PREEXISTING;INJURY_MULTI_BODY_PART;UNLINKED_MANIFESTATION,,0.333,3,1,0,0,0,0,1,3,0,0,1,0,0,0,,
HKCFI_2014_1431.html.txt,2014_HKCFI_1431.json,[2014] HKCFI 1431,[2014] HKCFI 1431,HCPI 910/2011,[2014] HKCFI 1431,clean,9,COARSE_ICD_NODE;UNLINKED_MANIFESTATION,plaintiff.age_at_accident,0.375,2,0,0,1,0,0,0,1,0,0,0,0,0,0,,
HKDC_2017_1035.html.txt,2017_HKDC_1035.json,[2017] HKDC 1035,[2017] HKDC 1035,DCPI 611/2015,[2017] HKDC 1035,clean,9,ICD_STOPPED_EARLY;UNLINKED_MANIFESTATION,,0.417,1,0,0,0,1,0,0,3,0,0,0,0,0,0,,
HKDC_2017_233.html.txt,2017_HKDC_233.json,[2017] HKDC 233,[2017] HKDC 233,DCPI 2885/2014,[2017] HKDC 233,clean,9,NULL_ICD_PREEXISTING;UNLINKED_MANIFESTATION;UNLINKED_LOSS;PSYCH_DETECTED,,0.375,3,1,1,0,0,0,0,3,2,0,1,0,0,0,,
HKDC_2019_823.html.txt,2019_HKDC_823.json,[2019] HKDC 823,[2019] HKDC 823,DCPI 2795/2014,[2019] HKDC 823,clean,9,RED_FLAG_NULL_MEDIUM;INJURY_MULTI_BODY_PART;PSYCH_DETECTED,injuries.overall_category,0.458,1,0,1,0,0,0,1,0,0,0,0,0,0,0,,
HKCFI_1980_139.html.txt,1980_HKCFI_139.json,[1980] HKCFI 139,[1980] HKCFI 139,HCA 3007/1979,[1980] HKCFI 139,clean,8,COARSE_ICD_NODE;PSYCH_DETECTED,,0.333,1,0,1,1,0,0,0,0,0,0,0,0,0,0,,
HKCFI_1980_163.html.txt,1980_HKCFI_163.json,[1980] HKCFI 163,[1980] HKCFI 163,HCA 3982/1978,[1980] HKCFI 163,clean,8,RED_FLAG_NULL_MEDIUM;UNLINKED_MANIFESTATION;NO_COMPARABLE,injuries.overall_category,0.417,2,0,0,0,0,0,0,4,0,0,0,0,0,0,,
HKCFI_1981_93.html.txt,1981_HKCFI_93.json,[1981] HKCFI 93,[1981] HKCFI 93,HCA 2463/1980,[1981] HKCFI 93,clean,8,COARSE_ICD_NODE;NO_COMPARABLE,plaintiff.age_at_accident,0.333,1,0,0,1,0,0,0,0,0,0,0,0,0,0,,
HKCFI_1983_5.html.txt,1983_HKCFI_5.json,[1983] HKCFI 5,[1983] HKCFI 5,HCA 5114/1983,[1983] HKCFI 5,clean,8,RED_FLAG_NULL_MEDIUM;INJURY_MULTI_BODY_PART,injuries.overall_category;plaintiff.age_at_accident,0.417,1,0,0,0,0,0,1,0,0,0,0,0,0,0,,
HKCFI_1986_54.html.txt,1986_HKCFI_54.json,[1986] HKCFI 54,[1986] HKCFI 54,HCA 9864/1983,[1986] HKCFI 54,clean,8,ICD_STOPPED_EARLY;NO_COMPARABLE,,0.333,1,0,0,0,1,0,0,0,0,0,0,0,0,0,,
HKCFI_1988_125.html.txt,1988_HKCFI_125.json,[1988] HKCFI 125,[1988] HKCFI 125,HCA 5191/1987,[1988] HKCFI 125,clean,8,COARSE_ICD_NODE;NO_COMPARABLE,plaintiff.age_at_accident,0.375,1,0,0,1,0,0,0,0,0,0,0,0,0,0,,
HKCFI_1988_127.html.txt,1988_HKCFI_127.json,[1988] HKCFI 127,[1988] HKCFI 127,HCA 5582/1987,[1988] HKCFI 127,clean,8,TREATMENT_CONTAMINATED;NO_PSLA_AMOUNT,psla.amount,0.458,3,0,0,0,0,0,0,0,0,0,0,0,0,0,,
HKCFI_1996_233.html.txt,1996_HKCFI_233.json,[1996] HKCFI 233,[1996] HKCFI 233,HCPI 770/1995,[1996] HKCFI 233,clean,8,COARSE_ICD_NODE;NULL_ICD_OTHER,plaintiff.age_at_accident,0.333,4,1,0,1,0,0,0,0,0,0,0,0,0,1,,
HKCFI_1997_289.html.txt,1997_HKCFI_289.json,[1997] HKCFI 289,[1997] HKCFI 289,HCPI 255/1996,[1997] HKCFI 289,clean,8,COARSE_ICD_NODE;NO_COMPARABLE,plaintiff.age_at_accident,0.333,2,0,0,1,0,0,0,0,0,0,0,0,0,0,,
HKCFI_1997_291.html.txt,1997_HKCFI_291.json,[1997] HKCFI 291,[1997] HKCFI 291,HCPI 1230/1995,[1997] HKCFI 291,clean,8,ICD_STOPPED_EARLY,plaintiff.age_at_accident,0.458,6,0,0,0,2,0,0,0,0,0,0,0,0,0,,
HKCA_1998_485.html.txt,1998_HKCA_485.json,[1998] HKCA 485,[1998] HKCA 485,CACV 247/1997,[1998] HKCA 485,clean,8,ICD_STOPPED_EARLY;PSYCH_DETECTED,plaintiff.occupation_before,0.417,1,0,1,0,1,0,0,0,0,0,0,0,0,0,,
HKCFI_1998_315.html.txt,1998_HKCFI_315.json,[1998] HKCFI 315,[1998] HKCFI 315,HCPI 496/1997,[1998] HKCFI 315,clean,8,COARSE_ICD_NODE;NO_COMPARABLE,plaintiff.age_at_accident,0.417,3,0,0,1,0,0,0,0,0,0,0,0,0,0,,
HKCFI_1998_463.html.txt,1998_HKCFI_463.json,[1998] HKCFI 463,[1998] HKCFI 463,HCPI 1088/1996,[1998] HKCFI 463,clean,8,COARSE_ICD_NODE;NO_COMPARABLE,,0.250,1,0,0,1,0,0,0,0,0,0,0,0,0,0,,
HKCFI_1999_759.html.txt,1999_HKCFI_759.json,[1999] HKCFI 759,[1999] HKCFI 759,HCPI 290/1998,[1999] HKCFI 759,clean,8,COARSE_ICD_NODE;NO_COMPARABLE,,0.458,3,0,0,1,0,0,0,0,0,0,0,0,0,0,,
HKCFI_2000_585.html.txt,2000_HKCFI_585.json,[2000] HKCFI 585,[2000] HKCFI 585,HCPI 143/1998,[2000] HKCFI 585,clean,8,TREATMENT_CONTAMINATED;NO_COMPARABLE,,0.375,1,0,0,0,0,0,0,0,0,0,0,0,0,0,,
HKDC_2001_88.html.txt,2001_HKDC_88.json,[2001] HKDC 88,[2001] HKDC 88,DCPI 98/2000,[2001] HKDC 88,clean,8,NULL_RATIO_HIGH,plaintiff.age_at_accident;plaintiff.occupation_before,0.542,1,0,0,0,0,0,0,0,0,0,0,0,0,0,,
HKCFI_2002_543.html.txt,2002_HKCFI_543.json,[2002] HKCFI 543,[2002] HKCFI 543,HCPI 853/1999,[2002] HKCFI 543,clean,8,ICD_STOPPED_EARLY;NO_COMPARABLE,plaintiff.age_at_accident,0.292,3,0,0,0,1,0,0,0,0,0,0,0,0,0,,
HKCFI_2002_921.html.txt,2002_HKCFI_921.json,[2002] HKCFI 921,[2002] HKCFI 921,HCPI 1007/2000,[2002] HKCFI 921,clean,8,RED_FLAG_NULL_MEDIUM;INJURY_MULTI_BODY_PART,injuries.overall_category,0.292,2,0,0,0,0,0,1,0,0,0,0,0,0,0,,
HKCFI_2002_996.html.txt,2002_HKCFI_996.json,[2002] HKCFI 996,[2002] HKCFI 996,HCPI 1/2000,[2002] HKCFI 996,clean,8,COARSE_ICD_NODE;MULTI_PLAINTIFF,,0.458,2,0,0,1,0,0,0,0,0,0,0,0,0,0,,
HKCFI_2003_488.html.txt,2003_HKCFI_488.json,[2003] HKCFI 488,[2003] HKCFI 488,HCPI 394/2002,[2003] HKCFI 488,clean,8,COARSE_ICD_NODE;NO_COMPARABLE,,0.250,1,0,0,1,0,0,0,0,0,0,0,0,0,0,,
HKCFI_2003_893.html.txt,2003_HKCFI_893.json,[2003] HKCFI 893,[2003] HKCFI 893,HCPI 827/2001,[2003] HKCFI 893,clean,8,RED_FLAG_NULL_MEDIUM;INJURY_MULTI_BODY_PART,injuries.overall_category,0.375,2,0,0,0,0,0,1,0,0,0,0,0,0,0,,
HKCFI_2003_982.html.txt,2003_HKCFI_982.json,[2003] HKCFI 982,[2003] HKCFI 982,HCPI 374/2002,[2003] HKCFI 982,clean,8,COARSE_ICD_NODE;NULL_ICD_OTHER,,0.292,4,1,0,1,0,0,0,0,0,0,0,0,0,1,,
HKCFI_2004_222.html.txt,2004_HKCFI_222.json,[2004] HKCFI 222,[2004] HKCFI 222,HCPI 892/2002,[2004] HKCFI 222,clean,8,RED_FLAG_NULL_MEDIUM;INJURY_MULTI_BODY_PART,injuries.overall_category;plaintiff.age_at_accident,0.417,2,0,0,0,0,0,1,0,0,0,0,0,0,0,,
HKCFI_2004_462.html.txt,2004_HKCFI_462.json,[2004] HKCFI 462,[2004] HKCFI 462,HCPI 504/2003,[2004] HKCFI 462,clean,8,ICD_STOPPED_EARLY;NO_COMPARABLE,plaintiff.age_at_accident,0.417,2,0,0,0,1,0,0,0,0,0,0,0,0,0,,
HKCFI_2005_507.html.txt,2005_HKCFI_507.json,[2005] HKCFI 507,[2005] HKCFI 507,HCPI 760/2003,[2005] HKCFI 507,clean,8,COARSE_ICD_NODE;NO_COMPARABLE,plaintiff.age_at_accident,0.375,2,0,0,1,0,0,0,0,0,0,0,0,0,0,,
HKCFI_2005_831.html.txt,2005_HKCFI_831.json,[2005] HKCFI 831,[2005] HKCFI 831,HCPI 1168/2002,[2005] HKCFI 831,clean,8,ICD_STOPPED_EARLY;NO_COMPARABLE,plaintiff.age_at_accident,0.417,3,0,0,0,1,0,0,0,0,0,0,0,0,0,,
HKDC_2005_279.html.txt,2005_HKDC_279.json,[2005] HKDC 279,[2005] HKDC 279,DCPI 1313/2004,[2005] HKDC 279,clean,8,RED_FLAG_NULL_MEDIUM;INJURY_MULTI_BODY_PART,injuries.overall_category;plaintiff.age_at_accident,0.417,1,0,0,0,0,0,1,0,0,0,0,0,0,0,,
HKCFI_2007_799.html.txt,2007_HKCFI_799.json,[2007] HKCFI 799,[2007] HKCFI 799,HCPI 1415/2000,[2007] HKCFI 799,clean,8,NULL_ICD_PREEXISTING;INJURY_MULTI_BODY_PART;NO_COMPARABLE,plaintiff.age_at_accident,0.375,2,1,0,0,0,0,1,0,0,0,1,0,0,0,,
HKCFI_2007_874.html.txt,2007_HKCFI_874.json,[2007] HKCFI 874,[2007] HKCFI 874,HCPI 437/2005,[2007] HKCFI 874,clean,8,COARSE_ICD_NODE;NULL_ICD_OTHER,,0.292,3,1,0,1,0,0,0,0,0,0,0,0,0,1,,
HKDC_2007_394.html.txt,2007_HKDC_394.json,[2007] HKDC 394,[2007] HKDC 394,DCPI 1981/2006,[2007] HKDC 394,clean,8,NULL_RATIO_HIGH,plaintiff.occupation_before,0.500,4,0,0,0,0,0,0,0,0,0,0,0,0,0,,
HKCFI_2009_403.html.txt,2009_HKCFI_403.json,[2009] HKCFI 403,[2009] HKCFI 403,HCPI 676/2007,[2009] HKCFI 403,clean,8,RED_FLAG_NULL_MEDIUM;UNLINKED_MANIFESTATION;PSYCH_DETECTED,injuries.overall_category,0.333,3,0,1,0,0,0,0,2,0,0,0,0,0,0,,
HKDC_2009_317.html.txt,2009_HKDC_317.json,[2009] HKDC 317,[2009] HKDC 317,DCPI 1134/2009,[2009] HKDC 317,clean,8,NULL_RATIO_HIGH,plaintiff.age_at_accident;plaintiff.occupation_before,0.542,3,0,0,0,0,0,0,0,0,0,0,0,0,0,,
HKDC_2011_1040.html.txt,2011_HKDC_1040.json,[2011] HKDC 1040,[2011] HKDC 1040,DCPI 654/2010,[2011] HKDC 1040,clean,8,NULL_ICD_OTHER;INJURY_MULTI_BODY_PART;UNLINKED_MANIFESTATION;UNLINKED_LOSS,,0.292,3,1,0,0,0,0,1,1,1,0,0,0,0,1,,
HKCFI_2012_1998.html.txt,2012_HKCFI_1998.json,[2012] HKCFI 1998,[2012] HKCFI 1998,HCPI 439/2007,[2012] HKCFI 1998,clean,8,COARSE_ICD_NODE;PSYCH_DETECTED,,0.208,1,0,1,1,0,0,0,0,0,0,0,0,0,0,,
HKCFI_2012_948.html.txt,2012_HKCFI_948.json,[2012] HKCFI 948,[2012] HKCFI 948,HCPI 495/2010,[2012] HKCFI 948,clean,8,RED_FLAG_NULL_MEDIUM;UNLINKED_MANIFESTATION;PSYCH_DETECTED,injuries.overall_category,0.333,2,0,1,0,0,0,0,3,0,0,0,0,0,0,,
HKCFI_2013_606.html.txt,2013_HKCFI_606.json,[2013] HKCFI 606,[2013] HKCFI 606,HCPI 643/2010,[2013] HKCFI 606,clean,8,NULL_ICD_PSYCH;UNLINKED_MANIFESTATION;PSYCH_DETECTED,,0.375,4,1,1,0,0,0,0,6,0,1,0,0,0,0,inj_004,
HKCFI_2014_1771.html.txt,2014_HKCFI_1771.json,[2014] HKCFI 1771,[2014] HKCFI 1771,HCPI 633/2011,[2014] HKCFI 1771,clean,8,ICD_STOPPED_EARLY;MULTI_PLAINTIFF,,0.333,2,0,0,0,1,0,0,0,0,0,0,0,0,0,,
HKCFI_2014_794.html.txt,2014_HKCFI_794.json,[2014] HKCFI 794,[2014] HKCFI 794,HCPI 691/2011,[2014] HKCFI 794,clean,8,NULL_ICD_BURN;INJURY_MULTI_BODY_PART,,0.208,2,2,0,0,0,0,2,0,0,0,0,2,0,0,,
HKCFI_2015_1238.html.txt,2015_HKCFI_1238.json,[2015] HKCFI 1238,[2015] HKCFI 1238,HCPI 913/2011,[2015] HKCFI 1238,clean,8,INJURY_MULTI_BODY_PART;NULL_ICD_PREEXISTING;PSYCH_DETECTED,,0.333,3,1,1,0,0,0,1,0,0,0,1,0,0,0,,
HKDC_2015_564.html.txt,2015_HKDC_564.json,[2015] HKDC 564,[2015] HKDC 564,DCPI 508/2012,[2015] HKDC 564,clean,8,NULL_RATIO_HIGH,plaintiff.age_at_accident,0.583,3,0,0,0,0,0,0,0,0,0,0,0,0,0,,
HKCFI_2016_1444.html.txt,2016_HKCFI_1444.json,[2016] HKCFI 1444,[2016] HKCFI 1444,HCPI 287/2012,[2016] HKCFI 1444,clean,8,NULL_ICD_PSYCH;UNLINKED_MANIFESTATION;PSYCH_DETECTED,plaintiff.age_at_accident,0.417,4,1,1,0,0,0,0,1,0,1,0,0,0,0,"inj_003,inj_004",
HKDC_2016_1322.html.txt,2016_HKDC_1322.json,[2016] HKDC 1322,[2016] HKDC 1322,DCPI 660/2013,[2016] HKDC 1322,clean,8,COARSE_ICD_NODE;NO_COMPARABLE,,0.292,2,0,0,1,0,0,0,0,0,0,0,0,0,0,,
HKDC_2017_1380.html.txt,2017_HKDC_1380.json,[2017] HKDC 1380,[2017] HKDC 1380,DCPI 857/2016,[2017] HKDC 1380,clean,8,RED_FLAG_NULL_MEDIUM;INJURY_MULTI_BODY_PART,injuries.overall_category,0.333,1,0,0,0,0,0,1,0,0,0,0,0,0,0,,
HKDC_2018_1071.html.txt,2018_HKDC_1071.json,[2018] HKDC 1071,[2018] HKDC 1071,DCPI 618/2017,[2018] HKDC 1071,clean,8,RED_FLAG_NULL_MEDIUM;INJURY_MULTI_BODY_PART,injuries.overall_category,0.458,3,0,0,0,0,0,3,0,0,0,0,0,0,0,,
HKCFI_1980_67.html.txt,1980_HKCFI_67.json,[1980] HKCFI 67,[1980] HKCFI 67,HCA 635/1979,[1980] HKCFI 67,clean,7,RED_FLAG_NULL_MEDIUM;PSYCH_DETECTED;NO_COMPARABLE,injuries.overall_category;plaintiff.occupation_before,0.417,4,0,1,0,0,0,0,0,0,0,0,0,0,0,,
HKCFI_1986_34.html.txt,1986_HKCFI_34.json,[1986] HKCFI 34,[1986] HKCFI 34,HCA 6035/1984,[1986] HKCFI 34,clean,7,COARSE_ICD_NODE,,0.375,1,0,0,1,0,0,0,0,0,0,0,0,0,0,,
HKCFI_1986_38.html.txt,1986_HKCFI_38.json,[1986] HKCFI 38,[1986] HKCFI 38,HCA 1547/1985,[1986] HKCFI 38,clean,7,RED_FLAG_NULL_MEDIUM;UNLINKED_MANIFESTATION,injuries.overall_category;plaintiff.occupation_before,0.333,4,0,0,0,0,0,0,5,0,0,0,0,0,0,,
HKCFI_1988_108.html.txt,1988_HKCFI_108.json,[1988] HKCFI 108,[1988] HKCFI 108,HCA 283/1985,[1988] HKCFI 108,clean,7,TREATMENT_CONTAMINATED,plaintiff.age_at_accident,0.375,4,0,0,0,0,0,0,0,0,0,0,0,0,0,,
HKCFI_1991_12.html.txt,1991_HKCFI_12.json,[1991] HKCFI 12,[1991] HKCFI 12,HCA 1266/1991,[1991] HKCFI 12,clean,7,INJURY_MULTI_BODY_PART;UNLINKED_MANIFESTATION;UNLINKED_LOSS,,0.375,2,0,0,0,0,0,1,2,3,0,0,0,0,0,,
HKCFI_1995_32.html.txt,1995_HKCFI_32.json,[1995] HKCFI 32,[1995] HKCFI 32,HCA 7286/1992,[1995] HKCFI 32,clean,7,ICD_STOPPED_EARLY,,0.458,4,0,0,0,1,0,0,0,0,0,0,0,0,0,,
HKCFI_1999_1208.html.txt,1999_HKCFI_1208.json,[1999] HKCFI 1208,[1999] HKCFI 1208,HCPI 644/1998,[1999] HKCFI 1208,clean,7,COARSE_ICD_NODE,,0.375,1,0,0,1,0,0,0,0,0,0,0,0,0,0,,
HKCFI_2000_1167.html.txt,2000_HKCFI_1167.json,[2000] HKCFI 1167,[2000] HKCFI 1167,HCPI 550/1995,[2000] HKCFI 1167,clean,7,COARSE_ICD_NODE,,0.375,1,0,0,1,0,0,0,0,0,0,0,0,0,0,,
HKCFI_2001_14.html.txt,2001_HKCFI_14.json,[2001] HKCFI 14,[2001] HKCFI 14,HCPI 6/2000,[2001] HKCFI 14,clean,7,INJURY_MULTI_BODY_PART;NULL_ICD_PREEXISTING,,0.333,3,1,0,0,0,0,2,0,0,0,1,0,0,0,,
HKCFI_2001_590.html.txt,2001_HKCFI_590.json,[2001] HKCFI 590,[2001] HKCFI 590,HCPI 616/1999,[2001] HKCFI 590,clean,7,RED_FLAG_NULL_MEDIUM;UNLINKED_MANIFESTATION,injuries.overall_category,0.375,2,0,0,0,0,0,0,2,0,0,0,0,0,0,,
HKCFI_2003_892.html.txt,2003_HKCFI_892.json,[2003] HKCFI 892,[2003] HKCFI 892,HCPI 826/2001,[2003] HKCFI 892,clean,7,NULL_ICD_SYMPTOM;NO_COMPARABLE,,0.333,4,1,0,0,0,0,0,0,0,0,0,0,1,0,,
HKCFI_2004_241.html.txt,2004_HKCFI_241.json,[2004] HKCFI 241,[2004] HKCFI 241,HCPI 219/2002,[2004] HKCFI 241,clean,7,COARSE_ICD_NODE,,0.250,2,0,0,1,0,0,0,0,0,0,0,0,0,0,,
HKCFI_2004_970.html.txt,2004_HKCFI_970.json,[2004] HKCFI 970,[2004] HKCFI 970,HCPI 377/2003,[2004] HKCFI 970,clean,7,NULL_ICD_PSYCH;PSYCH_DETECTED;NO_COMPARABLE,,0.292,3,1,1,0,0,0,0,0,0,1,0,0,0,0,inj_003,
HKDC_2004_131.html.txt,2004_HKDC_131.json,[2004] HKDC 131,[2004] HKDC 131,DCPI 429/2004,[2004] HKDC 131,clean,7,RED_FLAG_NULL_MEDIUM;UNLINKED_MANIFESTATION,injuries.overall_category,0.458,4,0,0,0,0,0,0,6,0,0,0,0,0,0,,
HKDC_2004_85.html.txt,2004_HKDC_85.json,[2004] HKDC 85,[2004] HKDC 85,DCPI 634/2003,[2004] HKDC 85,clean,7,COARSE_ICD_NODE,plaintiff.age_at_accident,0.458,3,0,0,1,0,0,0,0,0,0,0,0,0,0,,
HKCFI_2007_500.html.txt,2007_HKCFI_500.json,[2007] HKCFI 500,[2007] HKCFI 500,HCPI 149/2006,[2007] HKCFI 500,clean,7,RED_FLAG_NULL_MEDIUM;UNLINKED_MANIFESTATION,injuries.overall_category,0.375,2,0,0,0,0,0,0,1,0,0,0,0,0,0,,
HKDC_2007_136.html.txt,2007_HKDC_136.json,[2007] HKDC 136,[2007] HKDC 136,DCPI 864/2006,[2007] HKDC 136,clean,7,COARSE_ICD_NODE,,0.250,1,0,0,1,0,0,0,0,0,0,0,0,0,0,,
HKCFI_2008_498.html.txt,2008_HKCFI_498.json,[2008] HKCFI 498,[2008] HKCFI 498,HCPI 296/2007,[2008] HKCFI 498,clean,7,ICD_STOPPED_EARLY,,0.292,2,0,0,0,1,0,0,0,0,0,0,0,0,0,,
HKDC_2008_175.html.txt,2008_HKDC_175.json,[2008] HKDC 175,[2008] HKDC 175,DCPI 835/2005,[2008] HKDC 175,clean,7,RED_FLAG_NULL_MEDIUM;UNLINKED_MANIFESTATION,injuries.overall_category;plaintiff.age_at_accident,0.458,3,0,0,0,0,0,0,2,0,0,0,0,0,0,,
HKDC_2008_60.html.txt,2008_HKDC_60.json,[2008] HKDC 60,[2008] HKDC 60,DCPI 1306/2007,[2008] HKDC 60,clean,7,TREATMENT_CONTAMINATED,,0.208,2,0,0,0,0,0,0,0,0,0,0,0,0,0,,
HKDC_2008_95.html.txt,2008_HKDC_95.json,[2008] HKDC 95,[2008] HKDC 95,DCPI 2080/2006,[2008] HKDC 95,clean,7,TREATMENT_CONTAMINATED,,0.417,1,0,0,0,0,0,0,0,0,0,0,0,0,0,,
HKDC_2009_38.html.txt,2009_HKDC_38.json,[2009] HKDC 38,[2009] HKDC 38,DCPI 500/2008,[2009] HKDC 38,clean,7,RED_FLAG_NULL_MEDIUM;NULL_ICD_OTHER;NO_COMPARABLE,injuries.overall_category,0.375,3,1,0,0,0,0,0,0,0,0,0,0,0,1,,
HKDC_2010_309.html.txt,2010_HKDC_309.json,[2010] HKDC 309,[2010] HKDC 309,DCPI 57/2010,[2010] HKDC 309,clean,7,COARSE_ICD_NODE,,0.292,4,0,0,1,0,0,0,0,0,0,0,0,0,0,,
HKDC_2012_1612.html.txt,2012_HKDC_1612.json,[2012] HKDC 1612,[2012] HKDC 1612,DCPI 1568/2011,[2012] HKDC 1612,clean,7,RED_FLAG_NULL_MEDIUM;UNLINKED_MANIFESTATION,injuries.overall_category;plaintiff.age_at_accident,0.417,3,0,0,0,0,0,0,3,0,0,0,0,0,0,,
HKDC_2012_670.html.txt,2012_HKDC_670.json,[2012] HKDC 670,[2012] HKDC 670,DCPI 1671/2010,[2012] HKDC 670,clean,7,COARSE_ICD_NODE,,0.292,2,0,0,1,0,0,0,0,0,0,0,0,0,0,,
HKDC_2013_228.html.txt,2013_HKDC_228.json,[2013] HKDC 228,[2013] HKDC 228,DCPI 1930/2011,[2013] HKDC 228,clean,7,COARSE_ICD_NODE,,0.125,2,0,0,1,0,0,0,0,0,0,0,0,0,0,,
HKDC_2017_364.html.txt,2017_HKDC_364.json,[2017] HKDC 364,[2017] HKDC 364,DCPI 2243/2015,[2017] HKDC 364,clean,7,RED_FLAG_NULL_MEDIUM;UNLINKED_MANIFESTATION,injuries.overall_category,0.208,2,0,0,0,0,0,0,2,0,0,0,0,0,0,,
HKDC_2018_1016.html.txt,2018_HKDC_1016.json,[2018] HKDC 1016,[2018] HKDC 1016,DCPI 1697/2015,[2018] HKDC 1016,clean,7,ICD_STOPPED_EARLY,plaintiff.age_at_accident,0.292,2,0,0,0,1,0,0,0,0,0,0,0,0,0,,
HKDC_2019_657.html.txt,2019_HKDC_657.json,[2019] HKDC 657,[2019] HKDC 657,DCEC 1791/2015,[2019] HKDC 657,clean,7,COARSE_ICD_NODE,,0.250,1,0,0,1,0,0,0,0,0,0,0,0,0,0,,
HKCFI_1969_66.html.txt,1969_HKCFI_66.json,[1969] HKCFI 66,[1969] HKCFI 66,HCA 447/1968,[1969] HKCFI 66,clean,6,RED_FLAG_NULL_MEDIUM;NO_COMPARABLE,injuries.overall_category;plaintiff.age_at_accident,0.417,1,0,0,0,0,0,0,0,0,0,0,0,0,0,,
HKCFI_1982_2.html.txt,1982_HKCFI_2.json,[1982] HKCFI 2,[1982] HKCFI 2,HCA 4249/1982,[1982] HKCFI 2,clean,6,RED_FLAG_NULL_MEDIUM;NULL_ICD_OTHER,injuries.overall_category,0.458,2,2,0,0,0,0,0,0,0,0,0,0,0,2,,
HKCFI_1985_272.html.txt,1985_HKCFI_272.json,[1985] HKCFI 272,[1985] HKCFI 272,HCA 5115/1983,[1985] HKCFI 272,clean,6,INJURY_MULTI_BODY_PART;UNLINKED_MANIFESTATION;PSYCH_DETECTED,plaintiff.age_at_accident,0.250,4,0,1,0,0,0,2,1,0,0,0,0,0,0,,
HKCFI_1985_83.html.txt,1985_HKCFI_83.json,[1985] HKCFI 83,[1985] HKCFI 83,HCA 1947/1984,[1985] HKCFI 83,clean,6,RED_FLAG_NULL_MEDIUM;NO_COMPARABLE,injuries.overall_category;plaintiff.age_at_accident,0.417,1,0,0,0,0,0,0,0,0,0,0,0,0,0,,
HKCFI_1988_121.html.txt,1988_HKCFI_121.json,[1988] HKCFI 121,[1988] HKCFI 121,HCA 3723/1984,[1988] HKCFI 121,clean,6,RED_FLAG_NULL_MEDIUM;NO_COMPARABLE,injuries.overall_category,0.292,1,0,0,0,0,0,0,0,0,0,0,0,0,0,,
HKCFI_1993_204.html.txt,1993_HKCFI_204.json,[1993] HKCFI 204,[1993] HKCFI 204,HCA 6551/1986,[1993] HKCFI 204,clean,6,RED_FLAG_NULL_MEDIUM;NO_COMPARABLE,injuries.overall_category,0.250,1,0,0,0,0,0,0,0,0,0,0,0,0,0,,
HKCFI_1998_615.html.txt,1998_HKCFI_615.json,[1998] HKCFI 615,[1998] HKCFI 615,HCPI 1334/1996,[1998] HKCFI 615,clean,6,NULL_ICD_PSYCH;PSYCH_DETECTED,plaintiff.age_at_accident,0.375,2,1,1,0,0,0,0,0,0,1,0,0,0,0,inj_002,
HKCFI_1998_868.html.txt,1998_HKCFI_868.json,[1998] HKCFI 868,[1998] HKCFI 868,HCPI 436/1997,[1998] HKCFI 868,clean,6,RED_FLAG_NULL_MEDIUM;NO_COMPARABLE,injuries.overall_category,0.417,1,0,0,0,0,0,0,0,0,0,0,0,0,0,,
HKCFI_1999_209.html.txt,1999_HKCFI_209.json,[1999] HKCFI 209,[1999] HKCFI 209,HCPI 179/1998,[1999] HKCFI 209,clean,6,RED_FLAG_NULL_MEDIUM;NO_COMPARABLE,injuries.overall_category,0.292,2,0,0,0,0,0,0,0,0,0,0,0,0,0,,
HKCFI_2001_482.html.txt,2001_HKCFI_482.json,[2001] HKCFI 482,[2001] HKCFI 482,HCPI 1163/2000,[2001] HKCFI 482,clean,6,NULL_ICD_PREEXISTING;UNLINKED_MANIFESTATION,,0.333,3,1,0,0,0,0,0,1,0,0,1,0,0,0,,
HKDC_2001_127.html.txt,2001_HKDC_127.json,[2001] HKDC 127,[2001] HKDC 127,DCPI 48/2000,[2001] HKDC 127,clean,6,RED_FLAG_NULL_MEDIUM;NO_COMPARABLE,injuries.overall_category,0.417,1,0,0,0,0,0,0,0,0,0,0,0,0,0,,
HKCFI_2002_542.html.txt,2002_HKCFI_542.json,[2002] HKCFI 542,[2002] HKCFI 542,HCPI 852/1999,[2002] HKCFI 542,clean,6,RED_FLAG_NULL_MEDIUM;NO_COMPARABLE,injuries.overall_category;plaintiff.age_at_accident,0.375,3,0,0,0,0,0,0,0,0,0,0,0,0,0,,
HKCFI_2004_139.html.txt,2004_HKCFI_139.json,[2004] HKCFI 139,[2004] HKCFI 139,HCPI 628/2002,[2004] HKCFI 139,clean,6,RED_FLAG_NULL_MEDIUM;NO_COMPARABLE,injuries.overall_category,0.292,1,0,0,0,0,0,0,0,0,0,0,0,0,0,,
HKCFI_2005_1118.html.txt,2005_HKCFI_1118.json,[2005] HKCFI 1118,[2005] HKCFI 1118,HCPI 162/2005,[2005] HKCFI 1118,clean,6,RED_FLAG_NULL_MEDIUM;NO_COMPARABLE,injuries.overall_category,0.333,1,0,0,0,0,0,0,0,0,0,0,0,0,0,,
HKCFI_2006_70.html.txt,2006_HKCFI_70.json,[2006] HKCFI 70,[2006] HKCFI 70,HCPI 1176/2003,[2006] HKCFI 70,clean,6,NULL_ICD_OTHER;UNLINKED_MANIFESTATION;UNLINKED_LOSS;NO_COMPARABLE,,0.292,3,1,0,0,0,0,0,2,1,0,0,0,0,1,,
HKDC_2006_119.html.txt,2006_HKDC_119.json,[2006] HKDC 119,[2006] HKDC 119,DCPI 388/2003,[2006] HKDC 119,clean,6,RED_FLAG_NULL_MEDIUM;NULL_ICD_OTHER,injuries.overall_category;plaintiff.age_at_accident,0.417,4,1,0,0,0,0,0,0,0,0,0,0,0,1,,
HKCFI_2010_961.html.txt,2010_HKCFI_961.json,[2010] HKCFI 961,[2010] HKCFI 961,HCPI 486/2009,[2010] HKCFI 961,clean,6,RED_FLAG_NULL_MEDIUM;NO_COMPARABLE,injuries.overall_category,0.333,1,0,0,0,0,0,0,0,0,0,0,0,0,0,,
HKCFI_2016_1337.html.txt,2016_HKCFI_1337.json,[2016] HKCFI 1337,[2016] HKCFI 1337,HCPI 920/2013,[2016] HKCFI 1337,clean,6,NULL_ICD_PSYCH;PSYCH_DETECTED,,0.333,3,1,1,0,0,0,0,0,0,1,0,0,0,0,inj_003,
HKCFI_2016_490.html.txt,2016_HKCFI_490.json,[2016] HKCFI 490,[2016] HKCFI 490,HCPI 150/2011,[2016] HKCFI 490,clean,6,UNLINKED_MANIFESTATION;UNLINKED_LOSS;PSYCH_DETECTED;NO_COMPARABLE,,0.375,3,0,1,0,0,0,0,22,1,0,0,0,0,0,,
HKDC_2016_1140.html.txt,2016_HKDC_1140.json,[2016] HKDC 1140,[2016] HKDC 1140,DCPI 227/2013,[2016] HKDC 1140,clean,6,NULL_ICD_OTHER;INJURY_MULTI_BODY_PART;PSYCH_DETECTED;NO_COMPARABLE,plaintiff.age_at_accident,0.375,1,1,1,0,0,0,1,0,0,0,0,0,0,1,,
HKDC_2018_985.html.txt,2018_HKDC_985.json,[2018] HKDC 985,[2018] HKDC 985,DCPI 1436/2016,[2018] HKDC 985,clean,6,NULL_ICD_OTHER;INJURY_MULTI_BODY_PART;UNLINKED_MANIFESTATION,,0.333,5,1,0,0,0,0,1,2,0,0,0,0,0,1,,
HKCFI_1989_160.html.txt,1989_HKCFI_160.json,[1989] HKCFI 160,[1989] HKCFI 160,HCA 1247/1988,[1989] HKCFI 160,clean,5,RED_FLAG_NULL_MEDIUM,injuries.overall_category,0.333,3,0,0,0,0,0,0,0,0,0,0,0,0,0,,
HKCFI_1989_399.html.txt,1989_HKCFI_399.json,[1989] HKCFI 399,[1989] HKCFI 399,HCA 6408/1988,[1989] HKCFI 399,clean,5,RED_FLAG_NULL_MEDIUM,injuries.overall_category;plaintiff.age_at_accident,0.417,1,0,0,0,0,0,0,0,0,0,0,0,0,0,,
HKCFI_1995_250.html.txt,1995_HKCFI_250.json,[1995] HKCFI 250,[1995] HKCFI 250,HCA 769/1995,[1995] HKCFI 250,clean,5,RED_FLAG_NULL_MEDIUM,injuries.overall_category,0.458,2,0,0,0,0,0,0,0,0,0,0,0,0,0,,
HKCFI_2002_354.html.txt,2002_HKCFI_354.json,[2002] HKCFI 354,[2002] HKCFI 354,HCPI 164/2001,[2002] HKCFI 354,clean,5,RED_FLAG_NULL_MEDIUM,injuries.overall_category,0.375,2,0,0,0,0,0,0,0,0,0,0,0,0,0,,
HKCFI_2002_626.html.txt,2002_HKCFI_626.json,[2002] HKCFI 626,[2002] HKCFI 626,HCPI 106/2001,[2002] HKCFI 626,clean,5,UNLINKED_MANIFESTATION;UNLINKED_LOSS;NO_COMPARABLE,plaintiff.age_at_accident,0.375,3,0,0,0,0,0,0,3,1,0,0,0,0,0,,
HKDC_2002_34.html.txt,2002_HKDC_34.json,[2002] HKDC 34,[2002] HKDC 34,DCPI 309/2001,[2002] HKDC 34,clean,5,RED_FLAG_NULL_MEDIUM,injuries.overall_category,0.375,1,0,0,0,0,0,0,0,0,0,0,0,0,0,,
HKCFI_2003_407.html.txt,2003_HKCFI_407.json,[2003] HKCFI 407,[2003] HKCFI 407,HCPI 244/2002,[2003] HKCFI 407,clean,5,RED_FLAG_NULL_MEDIUM,injuries.overall_category,0.333,1,0,0,0,0,0,0,0,0,0,0,0,0,0,,
HKCFI_2005_396.html.txt,2005_HKCFI_396.json,[2005] HKCFI 396,[2005] HKCFI 396,HCPI 787/2000,[2005] HKCFI 396,clean,5,RED_FLAG_NULL_MEDIUM,injuries.overall_category,0.417,1,0,0,0,0,0,0,0,0,0,0,0,0,0,,
HKCFI_2006_370.html.txt,2006_HKCFI_370.json,[2006] HKCFI 370,[2006] HKCFI 370,HCPI 405/2005,[2006] HKCFI 370,clean,5,RED_FLAG_NULL_MEDIUM,injuries.overall_category;plaintiff.age_at_accident,0.417,2,0,0,0,0,0,0,0,0,0,0,0,0,0,,
HKDC_2006_123.html.txt,2006_HKDC_123.json,[2006] HKDC 123,[2006] HKDC 123,DCPI 501/2005,[2006] HKDC 123,clean,5,RED_FLAG_NULL_MEDIUM,injuries.overall_category,0.417,2,0,0,0,0,0,0,0,0,0,0,0,0,0,,
HKDC_2006_290.html.txt,2006_HKDC_290.json,[2006] HKDC 290,[2006] HKDC 290,DCPI 1453/2005,[2006] HKDC 290,clean,5,RED_FLAG_NULL_MEDIUM,injuries.overall_category;plaintiff.age_at_accident,0.375,3,0,0,0,0,0,0,0,0,0,0,0,0,0,,
HKCFI_2007_235.html.txt,2007_HKCFI_235.json,[2007] HKCFI 235,[2007] HKCFI 235,HCPI 43/2006,[2007] HKCFI 235,clean,5,NULL_ICD_PREEXISTING;NO_COMPARABLE,,0.250,2,1,0,0,0,0,0,0,0,0,1,0,0,0,,
HKCFI_2007_636.html.txt,2007_HKCFI_636.json,[2007] HKCFI 636,[2007] HKCFI 636,HCPI 54/2006,[2007] HKCFI 636,clean,5,RED_FLAG_NULL_MEDIUM,injuries.overall_category;plaintiff.age_at_accident,0.333,2,0,0,0,0,0,0,0,0,0,0,0,0,0,,
HKDC_2007_359.html.txt,2007_HKDC_359.json,[2007] HKDC 359,[2007] HKDC 359,DCPI 1025/2006,[2007] HKDC 359,clean,5,RED_FLAG_NULL_MEDIUM,injuries.overall_category,0.375,1,0,0,0,0,0,0,0,0,0,0,0,0,0,,
HKCFI_2008_305.html.txt,2008_HKCFI_305.json,[2008] HKCFI 305,[2008] HKCFI 305,HCPI 896/2006,[2008] HKCFI 305,clean,5,INJURY_MULTI_BODY_PART;UNLINKED_LOSS,plaintiff.age_at_accident,0.417,9,0,0,0,0,0,3,0,1,0,0,0,0,0,,
HKCFI_2008_395.html.txt,2008_HKCFI_395.json,[2008] HKCFI 395,[2008] HKCFI 395,HCPI 973/2006,[2008] HKCFI 395,clean,5,RED_FLAG_NULL_MEDIUM,injuries.overall_category,0.417,1,0,0,0,0,0,0,0,0,0,0,0,0,0,,
HKDC_2008_151.html.txt,2008_HKDC_151.json,[2008] HKDC 151,[2008] HKDC 151,DCPI 1378/2007,[2008] HKDC 151,clean,5,RED_FLAG_NULL_MEDIUM,injuries.overall_category;plaintiff.age_at_accident;plaintiff.occupation_before,0.458,2,0,0,0,0,0,0,0,0,0,0,0,0,0,,
HKDC_2008_284.html.txt,2008_HKDC_284.json,[2008] HKDC 284,[2008] HKDC 284,DCPI 1228/2007,[2008] HKDC 284,clean,5,RED_FLAG_NULL_MEDIUM,injuries.overall_category;plaintiff.age_at_accident,0.333,1,0,0,0,0,0,0,0,0,0,0,0,0,0,,
HKDC_2008_302.html.txt,2008_HKDC_302.json,[2008] HKDC 302,[2008] HKDC 302,DCPI 78/2006,[2008] HKDC 302,clean,5,RED_FLAG_NULL_MEDIUM,injuries.overall_category;plaintiff.age_at_accident,0.375,1,0,0,0,0,0,0,0,0,0,0,0,0,0,,
HKDC_2008_88.html.txt,2008_HKDC_88.json,[2008] HKDC 88,[2008] HKDC 88,DCPI 2136/2006,[2008] HKDC 88,clean,5,RED_FLAG_NULL_MEDIUM,injuries.overall_category,0.333,1,0,0,0,0,0,0,0,0,0,0,0,0,0,,
HKDC_2008_99.html.txt,2008_HKDC_99.json,[2008] HKDC 99,[2008] HKDC 99,DCPI 423/2006,[2008] HKDC 99,clean,5,RED_FLAG_NULL_MEDIUM,injuries.overall_category,0.375,1,0,0,0,0,0,0,0,0,0,0,0,0,0,,
HKCFI_2009_367.html.txt,2009_HKCFI_367.json,[2009] HKCFI 367,[2009] HKCFI 367,HCPI 444/2008,[2009] HKCFI 367,clean,5,RED_FLAG_NULL_MEDIUM,injuries.overall_category;plaintiff.age_at_accident,0.458,4,0,0,0,0,0,0,0,0,0,0,0,0,0,,
HKDC_2009_183.html.txt,2009_HKDC_183.json,[2009] HKDC 183,[2009] HKDC 183,DCPI 2054/2008,[2009] HKDC 183,clean,5,UNLINKED_MANIFESTATION;UNLINKED_LOSS;PSYCH_DETECTED,,0.458,3,0,1,0,0,0,0,7,1,0,0,0,0,0,,
HKDC_2009_26.html.txt,2009_HKDC_26.json,[2009] HKDC 26,[2009] HKDC 26,DCPI 412/2008,[2009] HKDC 26,clean,5,RED_FLAG_NULL_MEDIUM,injuries.overall_category,0.333,1,0,0,0,0,0,0,0,0,0,0,0,0,0,,
HKDC_2009_277.html.txt,2009_HKDC_277.json,[2009] HKDC 277,[2009] HKDC 277,DCPI 494/2009,[2009] HKDC 277,clean,5,INJURY_MULTI_BODY_PART;UNLINKED_LOSS,,0.292,3,0,0,0,0,0,2,0,1,0,0,0,0,0,,
HKDC_2009_89.html.txt,2009_HKDC_89.json,[2009] HKDC 89,[2009] HKDC 89,DCPI 300/2008,[2009] HKDC 89,clean,5,RED_FLAG_NULL_MEDIUM,injuries.overall_category,0.333,1,0,0,0,0,0,0,0,0,0,0,0,0,0,,
HKCFI_2010_322.html.txt,2010_HKCFI_322.json,[2010] HKCFI 322,[2010] HKCFI 322,HCPI 314/2008,[2010] HKCFI 322,clean,5,RED_FLAG_NULL_MEDIUM,injuries.overall_category,0.333,1,0,0,0,0,0,0,0,0,0,0,0,0,0,,
HKDC_2011_36.html.txt,2011_HKDC_36.json,[2011] HKDC 36,[2011] HKDC 36,DCPI 1876/2009,[2011] HKDC 36,clean,5,RED_FLAG_NULL_MEDIUM,injuries.overall_category;plaintiff.age_at_accident,0.458,1,0,0,0,0,0,0,0,0,0,0,0,0,0,,
HKCFI_2013_1679.html.txt,2013_HKCFI_1679.json,[2013] HKCFI 1679,[2013] HKCFI 1679,HCPI 303/2012,[2013] HKCFI 1679,clean,5,RED_FLAG_NULL_MEDIUM,injuries.overall_category;plaintiff.age_at_accident,0.375,1,0,0,0,0,0,0,0,0,0,0,0,0,0,,
HKDC_2013_1249.html.txt,2013_HKDC_1249.json,[2013] HKDC 1249,[2013] HKDC 1249,DCPI 671/2012,[2013] HKDC 1249,clean,5,INJURY_MULTI_BODY_PART;NULL_ICD_OTHER;MULTI_PLAINTIFF,,0.417,4,2,0,0,0,0,3,0,0,0,0,0,0,2,,
HKCFI_2014_1886.html.txt,2014_HKCFI_1886.json,[2014] HKCFI 1886,[2014] HKCFI 1886,HCPI 505/2011,[2014] HKCFI 1886,clean,5,NULL_ICD_PREEXISTING;NO_COMPARABLE,,0.250,2,1,0,0,0,0,0,0,0,0,1,0,0,0,,
HKCFI_2014_2052.html.txt,2014_HKCFI_2052.json,[2014] HKCFI 2052,[2014] HKCFI 2052,HCPI 953/2012,[2014] HKCFI 2052,clean,5,RED_FLAG_NULL_MEDIUM,injuries.overall_category,0.208,2,0,0,0,0,0,0,0,0,0,0,0,0,0,,
HKDC_2015_96.html.txt,2015_HKDC_96.json,[2015] HKDC 96,[2015] HKDC 96,DCPI 1905/2013,[2015] HKDC 96,clean,5,RED_FLAG_NULL_MEDIUM,injuries.overall_category,0.375,1,0,0,0,0,0,0,0,0,0,0,0,0,0,,
HKCFI_2016_1929.html.txt,2016_HKCFI_1929.json,[2016] HKCFI 1929,[2016] HKCFI 1929,HCPI 906/2014,[2016] HKCFI 1929,clean,5,RED_FLAG_NULL_MEDIUM,injuries.overall_category,0.333,6,0,0,0,0,0,0,0,0,0,0,0,0,0,,
HKCFI_2016_452.html.txt,2016_HKCFI_452.json,[2016] HKCFI 452,[2016] HKCFI 452,HCPI 196/2014,[2016] HKCFI 452,clean,5,RED_FLAG_NULL_MEDIUM,injuries.overall_category,0.250,2,0,0,0,0,0,0,0,0,0,0,0,0,0,,
HKCFI_2017_1211.html.txt,2017_HKCFI_1211.json,[2017] HKCFI 1211,[2017] HKCFI 1211,HCPI 646/2012,[2017] HKCFI 1211,clean,5,RED_FLAG_NULL_MEDIUM,injuries.overall_category,0.375,2,0,0,0,0,0,0,0,0,0,0,0,0,0,,
HKDC_2017_916.html.txt,2017_HKDC_916.json,[2017] HKDC 916,[2017] HKDC 916,DCPI 2039/2014,[2017] HKDC 916,clean,5,INJURY_MULTI_BODY_PART;UNLINKED_MANIFESTATION,,0.333,4,0,0,0,0,0,1,5,0,0,0,0,0,0,,
HKCFI_2018_356.html.txt,2018_HKCFI_356.json,[2018] HKCFI 356,[2018] HKCFI 356,HCPI 999/2015,[2018] HKCFI 356,clean,5,RED_FLAG_NULL_MEDIUM,injuries.overall_category,0.333,1,0,0,0,0,0,0,0,0,0,0,0,0,0,,
HKDC_2019_1110.html.txt,2019_HKDC_1110.json,[2019] HKDC 1110,[2019] HKDC 1110,DCPI 2479/2016,[2019] HKDC 1110,clean,5,RED_FLAG_NULL_MEDIUM,injuries.overall_category;plaintiff.age_at_accident,0.333,3,0,0,0,0,0,0,0,0,0,0,0,0,0,,
HKCA_1996_678.html.txt,1996_HKCA_678.json,[1996] HKCA 678,[1996] HKCA 678,CACV 263/1995,[1996] HKCA 678,clean,4,INJURY_MULTI_BODY_PART;NULL_ICD_OTHER,plaintiff.occupation_before,0.417,4,1,0,0,0,0,3,0,0,0,0,0,0,1,,
HKCFI_1997_564.html.txt,1997_HKCFI_564.json,[1997] HKCFI 564,[1997] HKCFI 564,HCPI 1184/1996,[1997] HKCFI 564,clean,4,INJURY_MULTI_BODY_PART;PSYCH_DETECTED,,0.458,2,0,1,0,0,0,1,0,0,0,0,0,0,0,,
HKCFI_1998_870.html.txt,1998_HKCFI_870.json,[1998] HKCFI 870,[1998] HKCFI 870,HCPI 1204/1996,[1998] HKCFI 870,clean,4,INJURY_MULTI_BODY_PART;NO_COMPARABLE,,0.208,3,0,0,0,0,0,2,0,0,0,0,0,0,0,,
HKCFI_2000_1310.html.txt,2000_HKCFI_1310.json,[2000] HKCFI 1310,[2000] HKCFI 1310,HCPI 436/1999,[2000] HKCFI 1310,clean,4,INJURY_MULTI_BODY_PART;PSYCH_DETECTED,,0.375,2,0,1,0,0,0,1,0,0,0,0,0,0,0,,
HKCFI_2002_254.html.txt,2002_HKCFI_254.json,[2002] HKCFI 254,[2002] HKCFI 254,HCPI 633/2000,[2002] HKCFI 254,clean,4,INJURY_MULTI_BODY_PART;NULL_ICD_OTHER,,0.333,3,1,0,0,0,0,2,0,0,0,0,0,0,1,,
HKCFI_2003_872.html.txt,2003_HKCFI_872.json,[2003] HKCFI 872,[2003] HKCFI 872,HCPI 1221/2000,[2003] HKCFI 872,clean,4,UNLINKED_MANIFESTATION;UNLINKED_LOSS,,0.250,6,0,0,0,0,0,0,3,2,0,0,0,0,0,,
HKCFI_2005_334.html.txt,2005_HKCFI_334.json,[2005] HKCFI 334,[2005] HKCFI 334,HCPI 183/2003,[2005] HKCFI 334,clean,4,UNLINKED_MANIFESTATION;PSYCH_DETECTED;NO_COMPARABLE,plaintiff.age_at_accident,0.458,5,0,1,0,0,0,0,1,0,0,0,0,0,0,,
HKCFI_2006_369.html.txt,2006_HKCFI_369.json,[2006] HKCFI 369,[2006] HKCFI 369,HCPI 90/2005,[2006] HKCFI 369,clean,4,INJURY_MULTI_BODY_PART;PSYCH_DETECTED,,0.250,8,0,1,0,0,0,6,0,0,0,0,0,0,0,,
HKDC_2007_326.html.txt,2007_HKDC_326.json,[2007] HKDC 326,[2007] HKDC 326,DCPI 1469/2006,[2007] HKDC 326,clean,4,UNLINKED_MANIFESTATION;UNLINKED_LOSS,plaintiff.age_at_accident,0.333,2,0,0,0,0,0,0,1,4,0,0,0,0,0,,
HKCFI_2008_752.html.txt,2008_HKCFI_752.json,[2008] HKCFI 752,[2008] HKCFI 752,HCPI 73/2007,[2008] HKCFI 752,clean,4,INJURY_MULTI_BODY_PART;NULL_ICD_OTHER,,0.208,3,1,0,0,0,0,2,0,0,0,0,0,0,1,,
HKDC_2008_348.html.txt,2008_HKDC_348.json,[2008] HKDC 348,[2008] HKDC 348,DCPI 2675/2007,[2008] HKDC 348,clean,4,INJURY_MULTI_BODY_PART;NULL_ICD_OTHER,,0.417,3,1,0,0,0,0,1,0,0,0,0,0,0,1,,
HKCFI_2014_1187.html.txt,2014_HKCFI_1187.json,[2014] HKCFI 1187,[2014] HKCFI 1187,HCPI 832/2013,[2014] HKCFI 1187,clean,4,UNLINKED_MANIFESTATION;UNLINKED_LOSS,,0.250,2,0,0,0,0,0,0,1,2,0,0,0,0,0,,
HKCFI_2015_1648.html.txt,2015_HKCFI_1648.json,[2015] HKCFI 1648,[2015] HKCFI 1648,HCPI 52/2014,[2015] HKCFI 1648,clean,4,NULL_ICD_OTHER;INJURY_MULTI_BODY_PART,plaintiff.occupation_before,0.458,5,1,0,0,0,0,1,0,0,0,0,0,0,1,,
HKCFI_1985_193.html.txt,1985_HKCFI_193.json,[1985] HKCFI 193,[1985] HKCFI 193,HCA 10098/1982,[1985] HKCFI 193,clean,3,INJURY_MULTI_BODY_PART,plaintiff.age_at_accident,0.375,1,0,0,0,0,0,1,0,0,0,0,0,0,0,,
HKCFI_1986_31.html.txt,1986_HKCFI_31.json,[1986] HKCFI 31,[1986] HKCFI 31,HCA 1180/1985,[1986] HKCFI 31,clean,3,INJURY_MULTI_BODY_PART,plaintiff.age_at_accident,0.333,4,0,0,0,0,0,2,0,0,0,0,0,0,0,,
HKCFI_1988_64.html.txt,1988_HKCFI_64.json,[1988] HKCFI 64,[1988] HKCFI 64,HCA 1183/1986,[1988] HKCFI 64,clean,3,INJURY_MULTI_BODY_PART,,0.417,5,0,0,0,0,0,1,0,0,0,0,0,0,0,,
HKCFI_1990_72.html.txt,1990_HKCFI_72.json,[1990] HKCFI 72,[1990] HKCFI 72,HCA 1524/1990,[1990] HKCFI 72,clean,3,INJURY_MULTI_BODY_PART,,0.417,1,0,0,0,0,0,1,0,0,0,0,0,0,0,,
HKCFI_1998_461.html.txt,1998_HKCFI_461.json,[1998] HKCFI 461,[1998] HKCFI 461,HCPI 910/1995,[1998] HKCFI 461,clean,3,INJURY_MULTI_BODY_PART,,0.292,1,0,0,0,0,0,1,0,0,0,0,0,0,0,,
HKDC_2003_147.html.txt,2003_HKDC_147.json,[2003] HKDC 147,[2003] HKDC 147,DCPI 183/2002,[2003] HKDC 147,clean,3,INJURY_MULTI_BODY_PART,plaintiff.age_at_accident,0.458,1,0,0,0,0,0,1,0,0,0,0,0,0,0,,
HKCFI_2005_1.html.txt,2005_HKCFI_1.json,[2005] HKCFI 1,[2005] HKCFI 1,HCPI 956/2003,[2005] HKCFI 1,clean,3,INJURY_MULTI_BODY_PART,,0.208,1,0,0,0,0,0,1,0,0,0,0,0,0,0,,
HKDC_2006_31.html.txt,2006_HKDC_31.json,[2006] HKDC 31,[2006] HKDC 31,DCPI 665/2005,[2006] HKDC 31,clean,3,INJURY_MULTI_BODY_PART,,0.458,1,0,0,0,0,0,1,0,0,0,0,0,0,0,,
HKDC_2008_136.html.txt,2008_HKDC_136.json,[2008] HKDC 136,[2008] HKDC 136,DCPI 1389/2007,[2008] HKDC 136,clean,3,INJURY_MULTI_BODY_PART,,0.375,1,0,0,0,0,0,1,0,0,0,0,0,0,0,,
HKCFI_2009_705.html.txt,2009_HKCFI_705.json,[2009] HKCFI 705,[2009] HKCFI 705,HCPI 721/2007,[2009] HKCFI 705,clean,3,INJURY_MULTI_BODY_PART,,0.250,1,0,0,0,0,0,1,0,0,0,0,0,0,0,,
HKCFI_2017_1477.html.txt,2017_HKCFI_1477.json,[2017] HKCFI 1477,[2017] HKCFI 1477,HCPI 335/2014,[2017] HKCFI 1477,clean,3,NULL_ICD_OTHER;UNLINKED_MANIFESTATION,,0.250,2,1,0,0,0,0,0,3,0,0,0,0,0,1,,
HKCFI_2018_956.html.txt,2018_HKCFI_956.json,[2018] HKCFI 956,[2018] HKCFI 956,HCPI 1370/2014,[2018] HKCFI 956,clean,3,INJURY_MULTI_BODY_PART,,0.208,1,0,0,0,0,0,1,0,0,0,0,0,0,0,,
HKCFI_1988_383.html.txt,1988_HKCFI_383.json,[1988] HKCFI 383,[1988] HKCFI 383,HCA 4338/1984,[1988] HKCFI 383,clean,2,UNLINKED_MANIFESTATION,,0.292,4,0,0,0,0,0,0,2,0,0,0,0,0,0,,
HKCFI_1989_128.html.txt,1989_HKCFI_128.json,[1989] HKCFI 128,[1989] HKCFI 128,HCA 6337/1987,[1989] HKCFI 128,clean,2,UNLINKED_MANIFESTATION,,0.417,3,0,0,0,0,0,0,4,0,0,0,0,0,0,,
HKCFI_2002_553.html.txt,2002_HKCFI_553.json,[2002] HKCFI 553,[2002] HKCFI 553,HCPI 753/2000,[2002] HKCFI 553,clean,2,UNLINKED_MANIFESTATION,,0.292,3,0,0,0,0,0,0,9,0,0,0,0,0,0,,
HKDC_2002_87.html.txt,2002_HKDC_87.json,[2002] HKDC 87,[2002] HKDC 87,DCEC 363/2001,[2002] HKDC 87,clean,2,NO_PSLA_AMOUNT;NO_COMPARABLE,psla.amount,0.417,1,0,0,0,0,0,0,0,0,0,0,0,0,0,,
HKCFI_2005_114.html.txt,2005_HKCFI_114.json,[2005] HKCFI 114,[2005] HKCFI 114,HCPI 1263/2003,[2005] HKCFI 114,clean,2,UNLINKED_MANIFESTATION,,0.375,5,0,0,0,0,0,0,1,0,0,0,0,0,0,,
HKCFI_2007_813.html.txt,2007_HKCFI_813.json,[2007] HKCFI 813,[2007] HKCFI 813,HCPI 924/2004,[2007] HKCFI 813,clean,2,UNLINKED_LOSS,,0.208,2,0,0,0,0,0,0,0,1,0,0,0,0,0,,
HKCFI_2008_530.html.txt,2008_HKCFI_530.json,[2008] HKCFI 530,[2008] HKCFI 530,HCPI 260/2007,[2008] HKCFI 530,clean,2,UNLINKED_LOSS,,0.375,3,0,0,0,0,0,0,0,1,0,0,0,0,0,,
HKDC_2010_475.html.txt,2010_HKDC_475.json,[2010] HKDC 475,[2010] HKDC 475,DCPI 1503/2007,[2010] HKDC 475,clean,2,NULL_ICD_OTHER;NO_COMPARABLE,plaintiff.age_at_accident,0.333,1,1,0,0,0,0,0,0,0,0,0,0,0,1,,
HKDC_2010_85.html.txt,2010_HKDC_85.json,[2010] HKDC 85,[2010] HKDC 85,DCPI 1521/2008,[2010] HKDC 85,clean,2,NULL_ICD_OTHER;MULTI_PLAINTIFF,,0.375,5,2,0,0,0,0,0,0,0,0,0,0,0,2,,
HKCFI_2011_1255.html.txt,2011_HKCFI_1255.json,[2011] HKCFI 1255,[2011] HKCFI 1255,HCPI 281/2009,[2011] HKCFI 1255,clean,2,UNLINKED_LOSS,,0.375,3,0,0,0,0,0,0,0,3,0,0,0,0,0,,
HKCFI_2012_216.html.txt,2012_HKCFI_216.json,[2012] HKCFI 216,[2012] HKCFI 216,HCPI 331/2010,[2012] HKCFI 216,clean,2,NO_PSLA_AMOUNT;NO_COMPARABLE,psla.amount,0.375,1,0,0,0,0,0,0,0,0,0,0,0,0,0,,
HKDC_2013_676.html.txt,2013_HKDC_676.json,[2013] HKDC 676,[2013] HKDC 676,DCEC 1272/2010,[2013] HKDC 676,clean,2,UNLINKED_MANIFESTATION,,0.292,2,0,0,0,0,0,0,1,0,0,0,0,0,0,,
HKDC_2019_1531.html.txt,2019_HKDC_1531.json,[2019] HKDC 1531,[2019] HKDC 1531,DCPI 2732/2017,[2019] HKDC 1531,clean,2,UNLINKED_MANIFESTATION,,0.333,2,0,0,0,0,0,0,9,0,0,0,0,0,0,,
HKCFI_1980_76.html.txt,1980_HKCFI_76.json,[1980] HKCFI 76,[1980] HKCFI 76,HCA 1062/1980,[1980] HKCFI 76,clean,1,NULL_ICD_OTHER,plaintiff.age_at_accident,0.458,2,1,0,0,0,0,0,0,0,0,0,0,0,1,,
HKCFI_1995_9.html.txt,1995_HKCFI_9.json,[1995] HKCFI 9,[1995] HKCFI 9,HCA 2413/1991,[1995] HKCFI 9,clean,1,PSYCH_DETECTED,,0.167,1,0,1,0,0,0,0,0,0,0,0,0,0,0,,
HKCFI_1999_762.html.txt,1999_HKCFI_762.json,[1999] HKCFI 762,[1999] HKCFI 762,HCPI 570/1998,[1999] HKCFI 762,clean,1,NO_COMPARABLE,plaintiff.age_at_accident,0.208,1,0,0,0,0,0,0,0,0,0,0,0,0,0,,
HKCFI_2000_845.html.txt,2000_HKCFI_845.json,[2000] HKCFI 845,[2000] HKCFI 845,HCPI 542/1999,[2000] HKCFI 845,clean,1,NO_COMPARABLE,,0.333,1,0,0,0,0,0,0,0,0,0,0,0,0,0,,
HKDC_2002_193.html.txt,2002_HKDC_193.json,[2002] HKDC 193,[2002] HKDC 193,DCPI 44/2001,[2002] HKDC 193,clean,1,NO_COMPARABLE,plaintiff.age_at_accident,0.333,2,0,0,0,0,0,0,0,0,0,0,0,0,0,,
HKCFI_2003_238.html.txt,2003_HKCFI_238.json,[2003] HKCFI 238,[2003] HKCFI 238,HCPI 755/2001,[2003] HKCFI 238,clean,1,NO_COMPARABLE,,0.250,1,0,0,0,0,0,0,0,0,0,0,0,0,0,,
HKCFI_2003_990.html.txt,2003_HKCFI_990.json,[2003] HKCFI 990,[2003] HKCFI 990,HCPI 872/2000,[2003] HKCFI 990,clean,1,NO_COMPARABLE,plaintiff.age_at_accident;plaintiff.occupation_before,0.458,1,0,0,0,0,0,0,0,0,0,0,0,0,0,,
HKDC_2004_83.html.txt,2004_HKDC_83.json,[2004] HKDC 83,[2004] HKDC 83,DCPI 355/2003,[2004] HKDC 83,clean,1,NO_COMPARABLE,plaintiff.age_at_accident,0.333,3,0,0,0,0,0,0,0,0,0,0,0,0,0,,
HKCFI_2005_566.html.txt,2005_HKCFI_566.json,[2005] HKCFI 566,[2005] HKCFI 566,HCPI 986/2003,[2005] HKCFI 566,clean,1,PSYCH_DETECTED,plaintiff.age_at_accident,0.167,3,0,1,0,0,0,0,0,0,0,0,0,0,0,inj_002,
HKCFI_2007_646.html.txt,2007_HKCFI_646.json,[2007] HKCFI 646,[2007] HKCFI 646,HCPI 566/2006,[2007] HKCFI 646,clean,1,NO_COMPARABLE,,0.417,1,0,0,0,0,0,0,0,0,0,0,0,0,0,,
HKCFI_2008_1052.html.txt,2008_HKCFI_1052.json,[2008] HKCFI 1052,[2008] HKCFI 1052,HCPI 979/2007,[2008] HKCFI 1052,clean,1,NO_COMPARABLE,plaintiff.age_at_accident,0.292,1,0,0,0,0,0,0,0,0,0,0,0,0,0,,
HKDC_2009_125.html.txt,2009_HKDC_125.json,[2009] HKDC 125,[2009] HKDC 125,DCPI 1508/2008,[2009] HKDC 125,clean,1,NULL_ICD_OTHER,plaintiff.age_at_accident,0.458,4,1,0,0,0,0,0,0,0,0,0,0,0,1,,
HKDC_2009_52.html.txt,2009_HKDC_52.json,[2009] HKDC 52,[2009] HKDC 52,DCPI 1145/2008,[2009] HKDC 52,clean,1,NO_COMPARABLE,,0.417,3,0,0,0,0,0,0,0,0,0,0,0,0,0,,
HKDC_2013_306.html.txt,2013_HKDC_306.json,[2013] HKDC 306,[2013] HKDC 306,DCPI 2570/2011,[2013] HKDC 306,clean,1,NO_COMPARABLE,,0.417,2,0,0,0,0,0,0,0,0,0,0,0,0,0,,
HKDC_2015_1204.html.txt,2015_HKDC_1204.json,[2015] HKDC 1204,[2015] HKDC 1204,DCPI 396/2013,[2015] HKDC 1204,clean,1,PSYCH_DETECTED,,0.333,2,0,1,0,0,0,0,0,0,0,0,0,0,0,,
HKCFI_2016_603.html.txt,2016_HKCFI_603.json,[2016] HKCFI 603,[2016] HKCFI 603,HCPI 779/2012,[2016] HKCFI 603,clean,1,NO_COMPARABLE,,0.333,1,0,0,0,0,0,0,0,0,0,0,0,0,0,,
HKCFI_1983_9.html.txt,1983_HKCFI_9.json,[1983] HKCFI 9,[1983] HKCFI 9,HCA 7602/1982,[1983] HKCFI 9,clean,0,,,0.375,1,0,0,0,0,0,0,0,0,0,0,0,0,0,,
HKCFI_1983_90.html.txt,1983_HKCFI_90.json,[1983] HKCFI 90,[1983] HKCFI 90,HCA 4865/1982,[1983] HKCFI 90,clean,0,,,0.458,1,0,0,0,0,0,0,0,0,0,0,0,0,0,,
HKCFI_1985_68.html.txt,1985_HKCFI_68.json,[1985] HKCFI 68,[1985] HKCFI 68,HCA 4500/1984,[1985] HKCFI 68,clean,0,,,0.333,2,0,0,0,0,0,0,0,0,0,0,0,0,0,,
HKCFI_1987_150.html.txt,1987_HKCFI_150.json,[1987] HKCFI 150,[1987] HKCFI 150,HCA 2734/1984,[1987] HKCFI 150,clean,0,,,0.292,2,0,0,0,0,0,0,0,0,0,0,0,0,0,,
HKCFI_1991_11.html.txt,1991_HKCFI_11.json,[1991] HKCFI 11,[1991] HKCFI 11,HCA 852/1989,[1991] HKCFI 11,clean,0,,,0.375,1,0,0,0,0,0,0,0,0,0,0,0,0,0,,
HKCFI_1995_12.html.txt,1995_HKCFI_12.json,[1995] HKCFI 12,[1995] HKCFI 12,HCA 3676/1994,[1995] HKCFI 12,clean,0,,,0.292,2,0,0,0,0,0,0,0,0,0,0,0,0,0,,
HKCFI_1996_523.html.txt,1996_HKCFI_523.json,[1996] HKCFI 523,[1996] HKCFI 523,HCPI 422/1995,[1996] HKCFI 523,clean,0,,,0.333,1,0,0,0,0,0,0,0,0,0,0,0,0,0,,
HKCFI_1999_473.html.txt,1999_HKCFI_473.json,[1999] HKCFI 473,[1999] HKCFI 473,HCPI 825/1998,[1999] HKCFI 473,clean,0,,,0.292,2,0,0,0,0,0,0,0,0,0,0,0,0,0,,
HKCFI_2000_498.html.txt,2000_HKCFI_498.json,[2000] HKCFI 498,[2000] HKCFI 498,HCPI 231/1999,[2000] HKCFI 498,clean,0,,,0.417,1,0,0,0,0,0,0,0,0,0,0,0,0,0,,
HKCFI_2000_601.html.txt,2000_HKCFI_601.json,[2000] HKCFI 601,[2000] HKCFI 601,HCPI 923/1996,[2000] HKCFI 601,clean,0,,plaintiff.age_at_accident,0.333,1,0,0,0,0,0,0,0,0,0,0,0,0,0,,
HKCFI_2001_817.html.txt,2001_HKCFI_817.json,[2001] HKCFI 817,[2001] HKCFI 817,HCPI 765/2000,[2001] HKCFI 817,clean,0,,,0.333,1,0,0,0,0,0,0,0,0,0,0,0,0,0,,
HKCFI_2005_1068.html.txt,2005_HKCFI_1068.json,[2005] HKCFI 1068,[2005] HKCFI 1068,HCPI 172/2004,[2005] HKCFI 1068,clean,0,,,0.417,1,0,0,0,0,0,0,0,0,0,0,0,0,0,,
HKCFI_2005_159.html.txt,2005_HKCFI_159.json,[2005] HKCFI 159,[2005] HKCFI 159,HCPI 391/2002,[2005] HKCFI 159,clean,0,,,0.250,1,0,0,0,0,0,0,0,0,0,0,0,0,0,,
HKDC_2005_101.html.txt,2005_HKDC_101.json,[2005] HKDC 101,[2005] HKDC 101,DCPI 916/2004,[2005] HKDC 101,clean,0,,plaintiff.age_at_accident,0.417,1,0,0,0,0,0,0,0,0,0,0,0,0,0,,
HKCFI_2006_672.html.txt,2006_HKCFI_672.json,[2006] HKCFI 672,[2006] HKCFI 672,HCPI 1025/2003,[2006] HKCFI 672,clean,0,,plaintiff.age_at_accident,0.333,2,0,0,0,0,0,0,0,0,0,0,0,0,0,,
HKDC_2007_402.html.txt,2007_HKDC_402.json,[2007] HKDC 402,[2007] HKDC 402,DCPI 355/2007,[2007] HKDC 402,clean,0,,,0.417,1,0,0,0,0,0,0,0,0,0,0,0,0,0,,
HKCFI_2008_436.html.txt,2008_HKCFI_436.json,[2008] HKCFI 436,[2008] HKCFI 436,HCPI 1173/2004,[2008] HKCFI 436,clean,0,,,0.375,1,0,0,0,0,0,0,0,0,0,0,0,0,0,,
HKDC_2008_168.html.txt,2008_HKDC_168.json,[2008] HKDC 168,[2008] HKDC 168,DCPI 231/2007,[2008] HKDC 168,clean,0,,,0.333,5,0,0,0,0,0,0,0,0,0,0,0,0,0,,
HKCFI_2009_478.html.txt,2009_HKCFI_478.json,[2009] HKCFI 478,[2009] HKCFI 478,HCPI 773/2007,[2009] HKCFI 478,clean,0,,,0.250,1,0,0,0,0,0,0,0,0,0,0,0,0,0,,
HKDC_2009_291.html.txt,2009_HKDC_291.json,[2009] HKDC 291,[2009] HKDC 291,DCPI 2530/2007,[2009] HKDC 291,clean,0,,plaintiff.age_at_accident,0.458,1,0,0,0,0,0,0,0,0,0,0,0,0,0,,
HKDC_2009_5.html.txt,2009_HKDC_5.json,[2009] HKDC 5,[2009] HKDC 5,DCPI 525/2007,[2009] HKDC 5,clean,0,,,0.458,2,0,0,0,0,0,0,0,0,0,0,0,0,0,,
HKCFI_2010_213.html.txt,2010_HKCFI_213.json,[2010] HKCFI 213,[2010] HKCFI 213,HCPI 489/2006,[2010] HKCFI 213,clean,0,,,0.333,3,0,0,0,0,0,0,0,0,0,0,0,0,0,,
HKCFI_2010_783.html.txt,2010_HKCFI_783.json,[2010] HKCFI 783,[2010] HKCFI 783,HCPI 254/2009,[2010] HKCFI 783,clean,0,,,0.167,4,0,0,0,0,0,0,0,0,0,0,0,0,0,,
HKCFI_2011_1211.html.txt,2011_HKCFI_1211.json,[2011] HKCFI 1211,[2011] HKCFI 1211,HCPI 333/2009,[2011] HKCFI 1211,clean,0,,,0.458,1,0,0,0,0,0,0,0,0,0,0,0,0,0,,
HKCFI_2011_1275.html.txt,2011_HKCFI_1275.json,[2011] HKCFI 1275,[2011] HKCFI 1275,HCPI 786/2009,[2011] HKCFI 1275,clean,0,,,0.292,2,0,0,0,0,0,0,0,0,0,0,0,0,0,,
HKCFI_2011_367.html.txt,2011_HKCFI_367.json,[2011] HKCFI 367,[2011] HKCFI 367,HCPI 530/2008,[2011] HKCFI 367,clean,0,,,0.333,2,0,0,0,0,0,0,0,0,0,0,0,0,0,,
HKDC_2011_1225.html.txt,2011_HKDC_1225.json,[2011] HKDC 1225,[2011] HKDC 1225,DCPI 636/2010,[2011] HKDC 1225,clean,0,,plaintiff.age_at_accident,0.417,3,0,0,0,0,0,0,0,0,0,0,0,0,0,,
HKDC_2011_1464.html.txt,2011_HKDC_1464.json,[2011] HKDC 1464,[2011] HKDC 1464,DCPI 1819/2010,[2011] HKDC 1464,clean,0,,,0.375,2,0,0,0,0,0,0,0,0,0,0,0,0,0,,
HKDC_2011_1761.html.txt,2011_HKDC_1761.json,[2011] HKDC 1761,[2011] HKDC 1761,DCPI 691/2010,[2011] HKDC 1761,clean,0,,plaintiff.age_at_accident,0.417,1,0,0,0,0,0,0,0,0,0,0,0,0,0,,
HKCFI_2015_693.html.txt,2015_HKCFI_693.json,[2015] HKCFI 693,[2015] HKCFI 693,HCPI 955/2013,[2015] HKCFI 693,clean,0,,plaintiff.age_at_accident,0.417,3,0,0,0,0,0,0,0,0,0,0,0,0,0,,
HKDC_2015_301.html.txt,2015_HKDC_301.json,[2015] HKDC 301,[2015] HKDC 301,DCPI 23/2012,[2015] HKDC 301,clean,0,,plaintiff.age_at_accident,0.375,1,0,0,0,0,0,0,0,0,0,0,0,0,0,,
HKDC_2015_625.html.txt,2015_HKDC_625.json,[2015] HKDC 625,[2015] HKDC 625,DCPI 1062/2013,[2015] HKDC 625,clean,0,,,0.417,1,0,0,0,0,0,0,0,0,0,0,0,0,0,,
HKCFI_2017_251.html.txt,2017_HKCFI_251.json,[2017] HKCFI 251,[2017] HKCFI 251,HCPI 715/2012,[2017] HKCFI 251,clean,0,,,0.292,2,0,0,0,0,0,0,0,0,0,0,0,0,0,,
HKCFI_2017_314.html.txt,2017_HKCFI_314.json,[2017] HKCFI 314,[2017] HKCFI 314,HCPI 1402/2015,[2017] HKCFI 314,clean,0,,,0.375,1,0,0,0,0,0,0,0,0,0,0,0,0,0,,
HKDC_2017_1037.html.txt,2017_HKDC_1037.json,[2017] HKDC 1037,[2017] HKDC 1037,DCPI 225/2016,[2017] HKDC 1037,clean,0,,,0.375,1,0,0,0,0,0,0,0,0,0,0,0,0,0,,
HKDC_2017_513.html.txt,2017_HKDC_513.json,[2017] HKDC 513,[2017] HKDC 513,DCPI 2640/2013,[2017] HKDC 513,clean,0,,,0.458,2,0,0,0,0,0,0,0,0,0,0,0,0,0,,
HKDC_2018_615.html.txt,2018_HKDC_615.json,[2018] HKDC 615,[2018] HKDC 615,DCPI 470/2014,[2018] HKDC 615,clean,0,,,0.417,2,0,0,0,0,0,0,0,0,0,0,0,0,0,,
