source_file,output_json_file,success,duration_ms,input_tokens,output_tokens,total_tokens,error
HKCA_1982_259.html.txt,1982_HKCA_259.json,True,22018,8217,3280,11497,
HKCA_1981_155.html.txt,1981_HKCA_155.json,True,26883,10413,4329,14742,
HKCA_1976_235.html.txt,1976_HKCA_235.json,True,38531,19422,7009,26431,
HKCA_1983_260.html.txt,1983_HKCA_260.json,True,23389,13934,3383,17317,
HKCA_1973_145.html.txt,1973_HKCA_145_CACV_6_1973.json,True,45695,18693,8096,26789,
HKCA_1974_153.html.txt,1974_HKCA_153.json,True,51447,17158,10173,27331,
HKCA_1984_201.html.txt,1984_HKCA_201.json,True,13204,9039,1227,10266,
HKCA_1983_297.html.txt,1983_HKCA_297.json,True,29046,9765,4673,14438,
HKCA_1987_5.html.txt,1987_HKCA_5_1987_3_HKC_194_CACV_44_1987.json,True,31626,13231,4697,17928,
HKCA_1991_275.html.txt,1991_HKCA_275_1991_2_HKC_73_CACV_45_1990_5_July_1991.json,True,22051,20045,4731,24776,
HKCA_1983_299.html.txt,1983_HKCA_299_1983_1_HKC_150.json,True,34520,12647,7008,19655,
HKCA_1988_241.html.txt,1988_HKCA_241_CACV_12_1988_22_July_1988.json,True,29364,10785,4173,14958,
HKCA_1991_287.html.txt,1991_HKCA_287_1991_2_HKC_63.json,True,50168,14539,9137,23676,
HKCA_1992_313.html.txt,1992_HKCA_313.json,True,32722,13995,5024,19019,
HKCA_1997_549.html.txt,1997_HKCA_549.json,True,30713,14475,5108,19583,
HKCA_1994_423.html.txt,1994_HKCA_423.json,True,51474,24507,8262,32769,
HKCA_1996_678.html.txt,CHAN_PUI_KI_v_LEUNG_ON_AND_ANOTHER_1996_HKCA_678_1996_2_HKLRD_401_1996_2_HKC_565_CACV_263_1995_19_July_1996.json,True,51099,28630,7735,36365,
HKCA_2016_753.html.txt,2016_HKCA_753.json,True,13116,7183,1759,8942,
HKCA_1998_485.html.txt,CHENG_SAM_PAK_v_THE_ATTORNEY_GENERAL_FOR_HONG_KONG_AND_ANOTHER_1998_HKCA_485_1998_2_HKC_551_CACV_247_1997_1_May_1998.json,True,28370,12130,5249,17379,
HKCA_2008_340.html.txt,2008_HKCA_340.json,True,31445,11536,4082,15618,
HKCA_2010_452.html.txt,2010_HKCA_452.json,True,37113,12170,5031,17201,
HKCA_2013_228.html.txt,2013_HKCA_228_2013_4_HKLRD_141_CACV_165_2012_13_May_2013.json,True,28647,10251,3379,13630,
HKCFI_1969_66.html.txt,1969_HKCFI_66_HCA_447_1968.json,True,29953,9947,4282,14229,
HKCFI_1974_53.html.txt,LAU_LEUNG_v_CHAN_CHIU_TONG_AND_ANOTHER_1974_HKCFI_53.json,True,27686,11418,6140,17558,
HKCFI_1975_17.html.txt,1975_HKCFI_17_HCA_1489_1973.json,True,33588,12909,7195,20104,
HKCFI_1972_47.html.txt,1972_HKCFI_47.json,True,43397,20291,9759,30050,
HKCFI_1975_14.html.txt,1975_HKCFI_14_HCA_1269_1974.json,True,54356,22070,10414,32484,
HKCFI_1975_5.html.txt,1975_HKCFI_5_HCA_819_1974_29_October_1975.json,True,52240,10610,7927,18537,
HKCFI_1976_12.html.txt,1976_HKCFI_12.json,True,37402,10284,6097,16381,
HKCFI_1976_106.html.txt,1976_HKCFI_106.json,True,44237,13391,8952,22343,
HKCFI_1976_101.html.txt,1976_HKCFI_101.json,True,51332,16263,10094,26357,
HKCFI_1976_22.html.txt,1976_HKCFI_22.json,True,48205,11217,8210,19427,
HKCFI_1976_33.html.txt,1976_HKCFI_33.json,True,33608,9424,4746,14170,
HKCFI_1976_32.html.txt,LUK_KA_WAI_v_LEE_YUK_CHUN_AND_ANOTHER_1976_HKCFI_32.json,True,55527,9711,7203,16914,
HKCFI_1976_34.html.txt,1976_HKCFI_34.json,True,39904,12362,7051,19413,
HKCFI_1976_63.html.txt,1976_HKCFI_63_HCA_960_1974.json,True,42489,10470,5846,16316,
HKCFI_1976_86.html.txt,,False,42721,0,0,0,Could not parse response content as the request was rejected by the content filter
HKCFI_1976_88.html.txt,1976_HKCFI_88.json,True,42791,11221,6860,18081,
HKCFI_1976_89.html.txt,1976_HKCFI_89.json,True,45678,9182,5418,14600,
HKCFI_1976_87.html.txt,1976_HKCFI_87.json,True,43609,11056,6870,17926,
HKCFI_1976_91.html.txt,1976_HKCFI_91.json,True,30388,10524,6109,16633,
HKCFI_1976_97.html.txt,1976_HKCFI_97_HCA_701_1976.json,True,43088,11896,8253,20149,
HKCFI_1977_118.html.txt,1977_HKCFI_118.json,True,37753,11265,5926,17191,
HKCFI_1977_122.html.txt,1977_HKCFI_122_HCA_1594_1977.json,True,37727,9881,5631,15512,
HKCFI_1977_31.html.txt,1977_HKCFI_31.json,True,36731,8867,5228,14095,
HKCFI_1977_133.html.txt,1977_HKCFI_133_HCA_3088_1975.json,True,36734,9479,6210,15689,
HKCFI_1978_10.html.txt,1978_HKCFI_10_HCA_433_1976_7_June_1978.json,True,32030,15431,6860,22291,
HKCFI_1978_117.html.txt,1978_HKCFI_117_HCA_1440_1978_13_October_1978.json,True,40883,10821,6693,17514,
HKCFI_1977_43.html.txt,1977_HKCFI_43.json,True,43641,15087,8148,23235,
HKCFI_1977_41.html.txt,1977_HKCFI_41_HCA_1829_1975_25_August_1977.json,True,47417,16107,8590,24697,
HKCFI_1977_32.html.txt,1977_HKCFI_32.json,True,70780,25446,15449,40895,
HKCFI_1978_16.html.txt,1978_HKCFI_16_HCA_937_1978.json,True,25358,8710,3626,12336,
HKCFI_1978_44.html.txt,LEUNG_YUI_KIN_v_LAI_PING_SUN_AND_ANOTHER_1978_HKCFI_44_HCA_2579_1976.json,True,30397,8307,4316,12623,
HKCFI_1978_29.html.txt,1978_HKCFI_29.json,True,40228,10884,6995,17879,
HKCFI_1978_5.html.txt,1978_HKCFI_5.json,True,39484,10785,6692,17477,
HKCFI_1978_54.html.txt,1978_HKCFI_54_HCA_2887_1977.json,True,41181,12366,7285,19651,
HKCFI_1978_56.html.txt,1978_HKCFI_56.json,True,49754,13693,10056,23749,
HKCFI_1978_64.html.txt,1978_HKCFI_64_HCA_3707_1977.json,True,35623,12901,6968,19869,
HKCFI_1978_79.html.txt,1978_HKCFI_79.json,True,38431,9260,5956,15216,
HKCFI_1978_92.html.txt,1978_HKCFI_92.json,True,40271,11883,7764,19647,
HKCFI_1978_93.html.txt,1978_HKCFI_93_HCA_2500_1977.json,True,33705,11854,7163,19017,
HKCFI_1979_106.html.txt,1979_HKCFI_106_HCA_3267_1978.json,True,29337,8525,3866,12391,
HKCFI_1978_95.html.txt,1978_HKCFI_95.json,True,31037,9940,7016,16956,
HKCFI_1979_115.html.txt,1979_HKCFI_115.json,True,44490,12726,8498,21224,
HKCFI_1979_128.html.txt,1979_HKCFI_128_HCA_3358_1978_11_August_1979.json,True,33274,11206,8211,19417,
HKCFI_1979_121.html.txt,1979_HKCFI_121.json,True,53310,12097,8080,20177,
HKCFI_1979_130.html.txt,1979_HKCFI_130.json,True,40040,9142,6838,15980,
HKCFI_1979_131.html.txt,1979_HKCFI_131.json,True,43013,22510,11846,34356,
HKCFI_1979_150.html.txt,1979_HKCFI_150.json,True,34516,9227,5685,14912,
HKCFI_1979_31.html.txt,1979_HKCFI_31_HCA_1681_1978.json,True,29818,9096,5606,14702,
HKCFI_1979_26.html.txt,1979_HKCFI_26.json,True,44131,14592,8748,23340,
HKCFI_1979_41.html.txt,1979_HKCFI_41.json,True,31416,8370,3573,11943,
HKCFI_1979_40.html.txt,1979_HKCFI_40.json,True,28964,9230,4362,13592,
HKCFI_1979_35.html.txt,1979_HKCFI_35.json,True,45857,12140,7122,19262,
HKCFI_1979_5.html.txt,1979_HKCFI_5.json,True,42163,16484,9945,26429,
HKCFI_1979_51.html.txt,1979_HKCFI_51_HCA_3489_1978_26_June_1979.json,True,40085,12651,7428,20079,
HKCFI_1979_58.html.txt,1979_HKCFI_58_HCA_4009_1978_2_October_1979.json,True,34367,11892,6754,18646,
HKCFI_1979_54.html.txt,1979_HKCFI_54_HCA_3634_1978_17_October_1979.json,True,36044,13967,7746,21713,
HKCFI_1979_59.html.txt,1979_HKCFI_59.json,True,39393,12697,7425,20122,
HKCFI_1979_7.html.txt,LAM_MEI_LAN_v_LEUNG_YUK_AND_OTHERS_1979_HKCFI_7_HCA_676_1979.json,True,26189,17516,5783,23299,
HKCFI_1979_97.html.txt,1979_HKCFI_97.json,True,38737,9827,5603,15430,
HKCFI_1979_68.html.txt,1979_HKCFI_68.json,True,43462,17367,10774,28141,
HKCFI_1979_96.html.txt,1979_HKCFI_96.json,True,45511,12597,8773,21370,
HKCFI_1980_101.html.txt,1980_HKCFI_101.json,True,50596,16238,7586,23824,
HKCFI_1980_108.html.txt,1980_HKCFI_108_HCA_1257_1980.json,True,46472,15649,7746,23395,
HKCFI_1980_137.html.txt,1980_HKCFI_137_HCA_2844_1980.json,True,30994,14984,7006,21990,
HKCFI_1980_139.html.txt,1980_HKCFI_139_HCA_3007_1979.json,True,33287,14532,4811,19343,
HKCFI_1980_13.html.txt,1980_HKCFI_13.json,True,40733,14654,9931,24585,
HKCFI_1980_163.html.txt,1980_HKCFI_163.json,True,28432,9940,5156,15096,
HKCFI_1980_15.html.txt,1980_HKCFI_15.json,True,41174,16467,8895,25362,
HKCFI_1980_20.html.txt,1980_HKCFI_20_HCA_4633_1979_6_November_1980.json,True,23235,10346,4516,14862,
HKCFI_1980_2.html.txt,,False,40101,0,0,0,Could not parse response content as the request was rejected by the content filter
HKCFI_1980_21.html.txt,1980_HKCFI_21_HCA_4716_1979.json,True,37779,10347,6132,16479,
HKCFI_1980_24.html.txt,CHIOK_WAH_MING_v_KOWLOON_MOTOR_BUS_CO_1933_LTD_AND_ANOTHER_1980_HKCFI_24.json,True,37142,12668,5731,18399,
HKCFI_1980_66.html.txt,1980_HKCFI_66.json,True,35572,11154,7229,18383,
HKCFI_1980_67.html.txt,1980_HKCFI_67.json,True,36821,13268,7890,21158,
HKCFI_1980_5.html.txt,1980_HKCFI_5_HCA_3256_1978.json,True,52846,14048,8980,23028,
HKCFI_1980_72.html.txt,1980_HKCFI_72_HCA_885_1980_27_October_1980.json,True,28534,10317,4975,15292,
HKCFI_1980_74.html.txt,NG_KAM_CHOU_v_CHUNG_YOI_CHIU_AND_ANOTHER_1980_HKCFI_74_HCA_968_1978.json,True,28212,18208,7668,25876,
HKCFI_1980_76.html.txt,1980_HKCFI_76.json,True,29935,8351,4663,13014,
HKCFI_1980_73.html.txt,1980_HKCFI_73_HCA_898_1978_22_December_1980.json,True,39153,20717,9281,29998,
HKCFI_1980_94.html.txt,1980_HKCFI_94_HCA_2528_1978.json,True,36710,18153,7970,26123,
HKCFI_1980_86.html.txt,1980_HKCFI_86_HCA_1732_1978.json,True,50638,10652,7151,17803,
HKCFI_1981_3.html.txt,1981_HKCFI_3_HCA_4529_1979.json,True,26176,10531,4301,14832,
HKCFI_1981_5.html.txt,CHAN_WAI_MAN_v_LUK_SHUET_KING_T_A_HING_FAT_PLASTIC_AND_ANOTHER_1981_HKCFI_5_HCA_5088_1979_18_June_1981.json,True,37533,15107,8084,23191,
HKCFI_1981_93.html.txt,1981_HKCFI_93.json,True,26719,8635,4272,12907,
HKCFI_1981_54.html.txt,1981_HKCFI_54.json,True,42444,19994,9993,29987,
HKCFI_1981_7.html.txt,1981_HKCFI_7.json,True,38189,9181,6878,16059,
HKCFI_1982_110.html.txt,1982_HKCFI_110.json,True,26665,9355,4591,13946,
HKCFI_1981_88.html.txt,1981_HKCFI_88.json,True,43186,27431,10738,38169,
HKCFI_1982_146.html.txt,1982_HKCFI_146.json,True,42558,11682,6068,17750,
HKCFI_1982_158.html.txt,1982_HKCFI_158_HCA_5018_1981_7_May_1982.json,True,44933,8015,6812,14827,
HKCFI_1982_157.html.txt,1982_HKCFI_157.json,True,46597,18766,8436,27202,
HKCFI_1982_160.html.txt,1982_HKCFI_160_HCA_2190_1982.json,True,25647,10324,6202,16526,
HKCFI_1982_161.html.txt,1982_HKCFI_161.json,True,33093,7350,5520,12870,
HKCFI_1982_163.html.txt,1982_HKCFI_163.json,True,33165,10090,6903,16993,
HKCFI_1982_2.html.txt,1982_HKCFI_2_HCA_4249_1982.json,True,42380,7370,5091,12461,
HKCFI_1982_162.html.txt,1982_HKCFI_162.json,True,50840,10087,7522,17609,
HKCFI_1982_23.html.txt,YU_MAN_CHUI_v_CHOW_CHI_FUN_1982_HKCFI_23_HCA_2518_1981_13_August_1982.json,True,49180,11106,6275,17381,
HKCFI_1982_24.html.txt,1982_HKCFI_24.json,True,44673,11932,8017,19949,
HKCFI_1982_26.html.txt,1982_HKCFI_26.json,True,38151,9989,5577,15566,
HKCFI_1982_27.html.txt,1982_HKCFI_27.json,True,42718,9494,5955,15449,
HKCFI_1982_4.html.txt,1982_HKCFI_4.json,True,37203,11185,7387,18572,
HKCFI_1982_6.html.txt,1982_HKCFI_6.json,True,29859,6924,4248,11172,
HKCFI_1982_5.html.txt,1982_HKCFI_5.json,True,35761,9297,6287,15584,
HKCFI_1982_7.html.txt,1982_HKCFI_7.json,True,50469,8503,8081,16584,
HKCFI_1983_102.html.txt,1983_HKCFI_102.json,True,46433,7984,5448,13432,
HKCFI_1983_189.html.txt,1983_HKCFI_189.json,True,31694,14737,6977,21714,
HKCFI_1983_101.html.txt,1983_HKCFI_101_HCA_8039_1983.json,True,42473,10779,6793,17572,
HKCFI_1983_161.html.txt,TSANG_LOY_FUK_v_KONG_AND_HALVORSEM_MARINE_AND_ENGINEERING_CO_LTD_1983_HKCFI_161_HCA_1393_1981_18_March_1983.json,True,42330,15459,6738,22197,
HKCFI_1983_191.html.txt,1983_HKCFI_191.json,True,18246,7881,3203,11084,
HKCFI_1983_2.html.txt,1983_HKCFI_2.json,True,20519,9160,3257,12417,
HKCFI_1983_190.html.txt,1983_HKCFI_190.json,True,31241,8416,5616,14032,
HKCFI_1983_192.html.txt,1983_HKCFI_192.json,True,32517,9727,6949,16676,
HKCFI_1983_199.html.txt,1983_HKCFI_199.json,True,41315,11799,5724,17523,
HKCFI_1983_242.html.txt,1983_HKCFI_242_HCA_9188_1982_1_November_1983.json,True,31326,7636,3692,11328,
HKCFI_1983_240.html.txt,1983_HKCFI_240_HCA_4314_1982.json,True,38439,9073,6125,15198,
HKCFI_1983_266.html.txt,1983_HKCFI_266.json,True,25352,10509,5466,15975,
HKCFI_1983_3.html.txt,1983_HKCFI_3.json,True,34956,7864,5122,12986,
HKCFI_1983_300.html.txt,1983_HKCFI_300.json,True,46773,11708,8759,20467,
HKCFI_1983_301.html.txt,1983_HKCFI_301_HCA_4930_1981.json,True,38228,11594,8235,19829,
HKCFI_1983_42.html.txt,1983_HKCFI_42.json,True,32204,7214,4652,11866,
HKCFI_1983_4.html.txt,1983_HKCFI_4.json,True,30979,8973,4960,13933,
HKCFI_1983_5.html.txt,LAM_CHOI_TAI_v_KWOK_MAN_CHEUNG_AND_ANOTHER_1983_HKCFI_5_HCA_5114_1983.json,True,39824,8642,6064,14706,
HKCFI_1983_78.html.txt,1983_HKCFI_78.json,True,26970,7857,5089,12946,
HKCFI_1983_80.html.txt,1983_HKCFI_80_HCA_1427_1983.json,True,40360,13551,8461,22012,
HKCFI_1983_82.html.txt,1983_HKCFI_82.json,True,42520,11945,7212,19157,
HKCFI_1983_85.html.txt,1983_HKCFI_85.json,True,44224,8898,6090,14988,
HKCFI_1983_86.html.txt,1983_HKCFI_86_HCA_3712_1981_31_August_1983.json,True,45911,10491,5880,16371,
HKCFI_1983_88.html.txt,1983_HKCFI_88.json,True,25606,8766,3914,12680,
HKCFI_1983_9.html.txt,1983_HKCFI_9_HCA_7602_1982.json,True,32708,9265,4339,13604,
HKCFI_1983_90.html.txt,1983_HKCFI_90.json,True,43856,9469,5058,14527,
HKCFI_1983_95.html.txt,1983_HKCFI_95.json,True,26080,9667,4514,14181,
HKCFI_1983_92.html.txt,1983_HKCFI_92.json,True,44724,11860,7509,19369,
HKCFI_1983_97.html.txt,1983_HKCFI_97.json,True,31679,11990,6792,18782,
HKCFI_1984_155.html.txt,1984_HKCFI_155_1985_2_HKC_528.json,True,17276,8493,1942,10435,
HKCFI_1983_94.html.txt,1983_HKCFI_94.json,True,49400,13607,8451,22058,
HKCFI_1983_99.html.txt,MAK_KWOK_PING_v_LUI_NAM_T_A_NAM_YING_CREASING_PAPER_BOX_FACTORY_1983_HKCFI_99_HCA_7084_1983_24_October_1983.json,True,35054,8570,5663,14233,
HKCFI_1984_301.html.txt,1984_HKCFI_301.json,True,28186,6977,3048,10025,
HKCFI_1984_254.html.txt,1984_HKCFI_254_HCA_864_1982_4_January_1984.json,True,24040,9174,3297,12471,
HKCFI_1984_1.html.txt,1984_HKCFI_1_HCA_6071_1981_26_October_1984.json,True,45534,11753,6552,18305,
HKCFI_1984_347.html.txt,1984_HKCFI_347.json,True,33955,7998,4386,12384,
HKCFI_1984_366.html.txt,1984_HKCFI_366.json,True,26227,10010,3715,13725,
HKCFI_1984_387.html.txt,1984_HKCFI_387.json,True,26125,6905,3823,10728,
HKCFI_1984_360.html.txt,1984_HKCFI_360_HCA_823_1983.json,True,39507,13111,7351,20462,
HKCFI_1984_395.html.txt,1984_HKCFI_395.json,True,41873,7935,5776,13711,
HKCFI_1984_396.html.txt,1984_HKCFI_396_HCA_3619_1982_22_February_1984.json,True,42371,11595,6657,18252,
HKCFI_1984_402.html.txt,1984_HKCFI_402_HCA_4123_1982.json,True,43728,9824,8016,17840,
HKCFI_1984_41.html.txt,1984_HKCFI_41.json,True,30176,9925,5115,15040,
HKCFI_1984_404.html.txt,1984_HKCFI_404.json,True,37850,10193,7468,17661,
HKCFI_1984_403.html.txt,HKCFI_403_HCA_12597_1982_8_November_1984.json,True,50827,16220,11042,27262,
HKCFI_1984_45.html.txt,1984_HKCFI_45_HCA_3660_1984.json,True,35432,7888,4951,12839,
HKCFI_1984_397.html.txt,HKCFI_397_HCA_3811_1980_6_June_1984.json,True,85243,32253,15748,48001,
HKCFI_1984_50.html.txt,1984_HKCFI_50.json,True,34085,9715,5440,15155,
HKCFI_1984_51.html.txt,POON_ON_LAM_v_CHAN_SHU_CHOI_1984_HKCFI_51_HCA_6764_1981_19_July_1984.json,True,34046,9438,5976,15414,
HKCFI_1985_135.html.txt,1985_HKCFI_135.json,True,37773,19850,5775,25625,
HKCFI_1985_144.html.txt,1985_HKCFI_144.json,True,31797,9586,4548,14134,
HKCFI_1985_193.html.txt,1985_HKCFI_193.json,True,42733,9861,4960,14821,
HKCFI_1985_205.html.txt,1985_HKCFI_205.json,True,34489,10839,6693,17532,
HKCFI_1985_203.html.txt,1985_HKCFI_203.json,True,38443,10053,5872,15925,
HKCFI_1985_206.html.txt,1985_HKCFI_206.json,True,34491,10093,4639,14732,
HKCFI_1985_207.html.txt,LEE_CHUNG_AND_ANOTHER_v_PANG_LAP_HUNG_AND_ANOTHER_1985_HKCFI_207_HCA_2764_1985_6_November_1985.json,True,30708,10159,5605,15764,
HKCFI_1985_223.html.txt,1985_HKCFI_223.json,True,28876,8212,4408,12620,
HKCFI_1985_219.html.txt,1985_HKCFI_219_HCA_11640_1982.json,True,33829,15255,7957,23212,
HKCFI_1985_209.html.txt,1985_HKCFI_209.json,True,52350,14283,12358,26641,
HKCFI_1985_226.html.txt,1985_HKCFI_226.json,True,42345,16421,8381,24802,
HKCFI_1985_220.html.txt,1985_HKCFI_220.json,True,65464,22075,13229,35304,
HKCFI_1985_229.html.txt,1985_HKCFI_229.json,True,34459,13403,6039,19442,
HKCFI_1985_227.html.txt,1985_HKCFI_227_HCA_3642_1983.json,True,41656,11560,7459,19019,
HKCFI_1985_402.html.txt,1985_HKCFI_402.json,True,29555,7837,4536,12373,
HKCFI_1985_272.html.txt,1985_HKCFI_272_HCA_5115_1983.json,True,48778,18262,9933,28195,
HKCFI_1985_404.html.txt,1985_HKCFI_404_HCA_7865_1983.json,True,37957,13401,8398,21799,
HKCFI_1985_323.html.txt,1985_HKCFI_323_HCA_1959_1984.json,True,52573,13084,10104,23188,
HKCFI_1985_524.html.txt,1985_HKCFI_524.json,True,38713,14329,8590,22919,
HKCFI_1985_63.html.txt,1985_HKCFI_63_HCA_204_1984.json,True,35072,9924,5913,15837,
HKCFI_1985_69.html.txt,1985_HKCFI_69_HCA_4881_1981.json,True,33723,10011,4920,14931,
HKCFI_1985_564.html.txt,1985_HKCFI_564.json,True,54486,16405,9511,25916,
HKCFI_1985_67.html.txt,1985_HKCFI_67_HCA_4434_1984.json,True,45895,15214,9663,24877,
HKCFI_1985_68.html.txt,TANG_PUI_WAH_v_YIU_YAT_FAN_T_A_DAO_PONG_UNITED_GOODS_MANUFACTORY_1985_HKCFI_68_HCA_4500_1984_28_March_1985.json,True,46823,11226,7411,18637,
HKCFI_1985_72.html.txt,1985_HKCFI_72_HCA_7007_1983_10_May_1985.json,True,20189,8573,2959,11532,
HKCFI_1985_74.html.txt,1985_HKCFI_74.json,True,23638,10025,4447,14472,
HKCFI_1985_70.html.txt,1985_HKCFI_70_HCA_4882_1981_27_March_1985.json,True,41011,10059,5968,16027,
HKCFI_1985_71.html.txt,1985_HKCFI_71_HCA_5913_1984.json,True,38715,14162,7473,21635,
HKCFI_1985_83.html.txt,1985_HKCFI_83_HCA_1947_1984.json,True,25140,9659,3257,12916,
HKCFI_1985_82.html.txt,1985_HKCFI_82_HCA_1788_1984.json,True,27382,9071,4594,13665,
HKCFI_1985_80.html.txt,1985_HKCFI_80.json,True,54224,17162,10181,27343,
HKCFI_1985_81.html.txt,1985_HKCFI_81.json,True,47868,10954,6475,17429,
HKCFI_1986_124.html.txt,1986_HKCFI_124_HCA_2006_1984.json,True,53123,25740,14772,40512,
HKCFI_1986_268.html.txt,1986_HKCFI_268_HCA_7735_1985.json,True,45066,10871,6916,17787,
HKCFI_1986_21.html.txt,1986_HKCFI_21.json,True,40484,18138,10342,28480,
HKCFI_1986_267.html.txt,1986_HKCFI_267_HCA_4183_1985.json,True,45520,18752,10836,29588,
HKCFI_1986_31.html.txt,1986_HKCFI_31.json,True,48742,16018,9830,25848,
HKCFI_1986_325.html.txt,1986_HKCFI_325_HCA_13230_1983_2_January_1986.json,True,31172,8468,4628,13096,
HKCFI_1986_34.html.txt,1986_HKCFI_34.json,True,30237,8745,4494,13239,
HKCFI_1986_32.html.txt,1986_HKCFI_32_HCA_2823_1983.json,True,44079,15088,7290,22378,
HKCFI_1986_35.html.txt,1986_HKCFI_35.json,True,44356,12699,8203,20902,
HKCFI_1986_326.html.txt,1986_HKCFI_326_HCA_11720_1982.json,True,51496,21709,11993,33702,
HKCFI_1986_394.html.txt,1986_HKCFI_394_HCA_6239_1984_30_April_1986.json,True,34135,13303,6559,19862,
HKCFI_1986_38.html.txt,1986_HKCFI_38_HCA_1547_1985_10_October_1986.json,True,41166,13473,7821,21294,
HKCFI_1986_359.html.txt,1986_HKCFI_359.json,True,58627,29470,14279,43749,
HKCFI_1986_399.html.txt,1986_HKCFI_399.json,True,43415,16015,8175,24190,
HKCFI_1986_408.html.txt,1986_HKCFI_408.json,True,33071,16740,5488,22228,
HKCFI_1986_404.html.txt,1986_HKCFI_404.json,True,52610,11965,8324,20289,
HKCFI_1986_41.html.txt,1986_HKCFI_41_HCA_5331_1985.json,True,37402,16182,7084,23266,
HKCFI_1986_421.html.txt,1986_HKCFI_421_HCA_14011_1983_8_December_1986.json,True,28062,16731,4803,21534,
HKCFI_1986_416.html.txt,MA_CHI_FU_v_LAW_TIT_WING_AND_ANOTHER_1986_HKCFI_416_HCA_3551_1981_11_April_1986.json,True,29408,10202,5039,15241,
HKCFI_1986_415.html.txt,1986_HKCFI_415_HCA_3466_1985_14_March_1986.json,True,55365,13330,8700,22030,
HKCFI_1986_54.html.txt,1986_HKCFI_54_1987_1_HKC_373_HCA_9864_1983_15_January_1986.json,True,21274,12407,4030,16437,
HKCFI_1986_429.html.txt,1986_HKCFI_429_HCA_6818_1981_15_April_1986.json,True,46424,16788,6135,22923,
HKCFI_1986_426.html.txt,1986_HKCFI_426.json,True,63002,25578,14203,39781,
HKCFI_1987_115.html.txt,1987_HKCFI_115.json,True,46577,10047,7672,17719,
HKCFI_1987_120.html.txt,1987_HKCFI_120.json,True,28512,8705,4651,13356,
HKCFI_1987_118.html.txt,1987_HKCFI_118.json,True,45737,11857,8054,19911,
HKCFI_1987_133.html.txt,1987_HKCFI_133.json,True,43542,13873,7506,21379,
HKCFI_1987_134.html.txt,1987_HKCFI_134.json,True,30384,8956,4591,13547,
HKCFI_1987_140.html.txt,,False,39088,0,0,0,Could not parse response content as the request was rejected by the content filter
HKCFI_1987_138.html.txt,1987_HKCFI_138_HCA_2495_1977.json,True,55193,19217,11543,30760,
HKCFI_1987_141.html.txt,1987_HKCFI_141.json,True,36898,9977,7457,17434,
HKCFI_1987_139.html.txt,1987_HKCFI_139_HCA_2496_1977.json,True,51333,17885,9353,27238,
HKCFI_1987_164.html.txt,1987_HKCFI_164.json,True,43005,11551,6952,18503,
HKCFI_1987_150.html.txt,1987_HKCFI_150.json,True,49942,13502,7852,21354,
HKCFI_1987_20.html.txt,1987_HKCFI_20_HCA_957_1984_13_February_1987.json,True,36477,12839,6255,19094,
HKCFI_1987_21.html.txt,1987_HKCFI_21.json,True,39560,15288,8970,24258,
HKCFI_1987_24.html.txt,1987_HKCFI_24.json,True,45468,10913,7609,18522,
HKCFI_1987_25.html.txt,1987_HKCFI_25_HCA_7100_1984_13_March_1987.json,True,41177,15489,6643,22132,
HKCFI_1987_76.html.txt,1987_HKCFI_76.json,True,33459,9609,5467,15076,
HKCFI_1987_87.html.txt,TRAN_VAN_NHO_v_CHEUK_S_INDUSTRIES_CO_LTD_1987_HKCFI_87.json,True,26937,7796,4041,11837,
HKCFI_1987_79.html.txt,1987_HKCFI_79_1987_2_HKC_509_HCA_4433_1985_31_March_1987.json,True,52092,14168,9102,23270,
HKCFI_1988_121.html.txt,1988_HKCFI_121.json,True,27623,9543,4350,13893,
HKCFI_1987_88.html.txt,1987_HKCFI_88.json,True,41794,13068,7322,20390,
HKCFI_1988_108.html.txt,1988_HKCFI_108.json,True,42201,16874,7790,24664,
HKCFI_1988_125.html.txt,1988_HKCFI_125.json,True,34277,8868,3403,12271,
HKCFI_1988_123.html.txt,1988_HKCFI_123_1989_1_HKC_572_HCA_4267_1987_14_December_1988.json,True,47059,17036,8614,25650,
HKCFI_1988_160.html.txt,1988_HKCFI_160.json,True,26328,12002,6128,18130,
HKCFI_1988_127.html.txt,1988_HKCFI_127.json,True,39003,13609,7520,21129,
HKCFI_1988_168.html.txt,1988_HKCFI_168_HCA_1720_1986.json,True,36882,10351,5230,15581,
HKCFI_1988_131.html.txt,1988_HKCFI_131_HCA_8495_1984_10_June_1988.json,True,57158,25213,14693,39906,
HKCFI_1988_196.html.txt,1988_HKCFI_196.json,True,50290,13507,8581,22088,
HKCFI_1988_200.html.txt,1988_HKCFI_200.json,True,33276,9027,4616,13643,
HKCFI_1988_383.html.txt,1988_HKCFI_383.json,True,39877,21499,7396,28895,
HKCFI_1988_461.html.txt,1988_HKC_795.json,True,49202,16550,7842,24392,
HKCFI_1988_64.html.txt,1988_HKCFI_64.json,True,40795,15969,12092,28061,
HKCFI_1988_89.html.txt,1988_HKCFI_89.json,True,42155,14792,8319,23111,
HKCFI_1989_128.html.txt,1989_HKCFI_128.json,True,42891,11147,6112,17259,
HKCFI_1989_160.html.txt,1989_HKCFI_160.json,True,33311,15012,7040,22052,
HKCFI_1989_182.html.txt,1989_HKCFI_182_1989_2_HKC_459_HCA_1597_1989.json,True,36803,15690,7891,23581,
HKCFI_1989_415.html.txt,1989_HKCFI_415.json,True,37696,13695,5504,19199,
HKCFI_1989_399.html.txt,1989_HKCFI_399.json,True,36295,10995,5925,16920,
HKCFI_1989_400.html.txt,1989_HKCFI_400.json,True,52840,15055,10347,25402,
HKCFI_1989_191.html.txt,1989_HKCFI_191_HCAJ_209_1984_10_November_1989.json,True,50445,44311,17455,61766,
HKCFI_1989_64.html.txt,1989_HKCFI_64_HCA_6171_1986.json,True,54057,17776,10686,28462,
HKCFI_1989_72.html.txt,1989_HKCFI_72.json,True,56054,17212,9168,26380,
HKCFI_1989_73.html.txt,1989_HKCFI_73.json,True,52860,21437,7119,28556,
HKCFI_1989_416.html.txt,HKCFI_416_HCA_2623_1988_22_June_1989.json,True,73680,14373,10972,25345,
HKCFI_1990_143.html.txt,1990_HKCFI_143.json,True,21186,7877,2893,10770,
HKCFI_1989_75.html.txt,WONG_HUNG_FAN_v_TSE_HON_SHING_1989_HKCFI_75_1989_2_HKC_285.json,True,57551,19036,12806,31842,
HKCFI_1990_121.html.txt,1990_HKCFI_121.json,True,38027,15290,6926,22216,
HKCFI_1990_117.html.txt,1990_HKCFI_117.json,True,45123,32842,7424,40266,
HKCFI_1990_142.html.txt,1990_HKCFI_142.json,True,54323,21552,10368,31920,
HKCFI_1990_314.html.txt,1990_HKCFI_314.json,True,41224,10479,6992,17471,
HKCFI_1990_72.html.txt,1990_HKCFI_72.json,True,49872,9330,5422,14752,
HKCFI_1990_76.html.txt,1990_HKCFI_76_1990_2_HKC_485.json,True,54391,17974,11395,29369,
HKCFI_1990_332.html.txt,1990_HKCFI_332.json,True,61810,21915,12117,34032,
HKCFI_1990_78.html.txt,1990_HKCFI_78_1990_2_HKC_381.json,True,51195,16357,9637,25994,
HKCFI_1991_11.html.txt,1991_HKCFI_11_1991_2_HKC_322_HCA_852_1989_13_March_1991.json,True,52382,10124,5733,15857,
HKCFI_1991_16.html.txt,1991_HKCFI_16.json,True,36312,15601,5230,20831,
HKCFI_1991_86.html.txt,1991_HKCFI_86_HCA_1105_1989.json,True,30260,11195,5366,16561,
HKCFI_1991_12.html.txt,1991_HKCFI_12_1991_2_HKC_480.json,True,41883,11212,7688,18900,
HKCFI_1990_80.html.txt,1990_HKCFI_80.json,True,87454,34070,17124,51194,
HKCFI_1993_204.html.txt,1993_HKCFI_204_HCA_6551_1986_12_May_1993.json,True,23908,10510,4906,15416,
HKCFI_1992_100.html.txt,CHAN_KWAI_NGOR_v_LEUNG_FAT_HANG_AND_ANOTHER_1992_HKCFI_100_1992_1_HKC_408_HCA_4053_1990_3_April_1992.json,True,46025,11998,7082,19080,
HKCFI_1992_301.html.txt,1992_HKCFI_301_1992_1_HKC_389_HCA_2498_1991_26_March_1992.json,True,42845,18505,7527,26032,
HKCFI_1995_11.html.txt,1995_HKCFI_11_HCA_3177_1989_2_March_1995.json,True,41926,9966,5828,15794,
HKCFI_1995_12.html.txt,1995_HKCFI_12_HCA_3676_1994.json,True,28982,9937,5286,15223,
HKCFI_1995_24.html.txt,1995_HKCFI_24.json,True,36613,20054,6086,26140,
HKCFI_1995_15.html.txt,LEE_HON_CHEUNG_v_CHAN_TANG_KAI_LAN_AND_ANOTHER_1995_HKCFI_15_1995_3_HKC_640_HCA_4522_1991_30_October_1995.json,True,45009,27104,9255,36359,
HKCFI_1995_22.html.txt,1995_HKCFI_22.json,True,48793,9970,7039,17009,
HKCFI_1995_249.html.txt,1995_HKCFI_249.json,True,21797,8011,4213,12224,
HKCFI_1995_248.html.txt,1995_HKCFI_248.json,True,51900,11849,9476,21325,
HKCFI_1995_250.html.txt,1995_HKCFI_250.json,True,41463,9219,5932,15151,
HKCFI_1995_267.html.txt,CHAN_PUI_KI_v_LEUNG_ON_AND_ANOTHER_1995_HKCFI_267_1995_3_HKC_732_HCA_2006_1992_30_October_1995.json,True,36588,35673,5332,41005,
HKCFI_1995_30.html.txt,1995_HKCFI_30.json,True,34735,22384,7819,30203,
HKCFI_1995_32.html.txt,1995_HKCFI_32.json,True,31448,12382,6754,19136,
HKCFI_1995_36.html.txt,1995_HKCFI_36_1995_3_HKC_581.json,True,30259,20336,6199,26535,
HKCFI_1995_399.html.txt,1995_HKCFI_399.json,True,34176,9272,6147,15419,
HKCFI_1995_39.html.txt,1995_HKCFI_39.json,True,45391,13725,7275,21000,
HKCFI_1995_518.html.txt,1995_HKCFI_518.json,True,43420,9605,6108,15713,
HKCFI_1995_537.html.txt,YU_KWOK_SHING_v_COLOR_CELLS_FAR_EAST_LTD_1995_HKCFI_537_HCA_3482_1993.json,True,37742,10543,6008,16551,
HKCFI_1995_424.html.txt,1995_HKCFI_424.json,True,63028,20052,10408,30460,
HKCFI_1995_565.html.txt,LAM_CHI_FAT_v_SO_KAM_SUI_KENNETH_AND_ANOTHER_1995_HKCFI_565_HCPI_167_1994_26_October_1995.json,True,39256,11999,7194,19193,
HKCFI_1996_232.html.txt,1996_HKCFI_232_HCPI_577_1995_27_February_1996.json,True,30917,16816,5301,22117,
HKCFI_1995_9.html.txt,1995_HKCFI_9.json,True,46664,9278,5879,15157,
HKCFI_1996_233.html.txt,1996_HKCFI_233.json,True,46663,14280,7947,22227,
HKCFI_1996_236.html.txt,NG_KWOK_WING_v_LAU_PING_KWAN_AND_OTHERS_1996_HKCFI_236_1996_4_HKC_667_HCPI_1013_1995_23_May_1996.json,True,39210,27515,9666,37181,
HKCFI_1996_237.html.txt,1996_HKCFI_237.json,True,40088,11816,5958,17774,
HKCFI_1996_336.html.txt,1996_HKCFI_336_HCPI_199_1995.json,True,37743,11585,7597,19182,
HKCFI_1996_353.html.txt,1996_HKCFI_353.json,True,33422,8606,5413,14019,
HKCFI_1996_354.html.txt,1996_HKCFI_354.json,True,33567,9046,4976,14022,
HKCFI_1996_523.html.txt,1996_HKCFI_523_1996_2_HKC_44_HCPI_422_1995.json,True,38933,13423,5553,18976,
HKCFI_1996_505.html.txt,1996_HKCFI_505.json,True,45446,17754,8271,26025,
HKCFI_1996_524.html.txt,1996_HKCFI_524.json,True,43594,12725,5827,18552,
HKCFI_1996_525.html.txt,1996_HKCFI_525.json,True,50168,9653,6754,16407,
HKCFI_1996_526.html.txt,1996_HKCFI_526.json,True,47217,16746,8633,25379,
HKCFI_1996_770.html.txt,1996_HKCFI_770.json,True,22478,7744,3786,11530,
HKCFI_1996_762.html.txt,1996_HKCFI_762.json,True,40578,18132,7061,25193,
HKCFI_1997_181.html.txt,1997_HKCFI_181.json,True,34908,8181,4767,12948,
HKCFI_1997_187.html.txt,1997_HKCFI_187_HCPI_797_1996_11_April_1997.json,True,22317,14793,4421,19214,
HKCFI_1997_184.html.txt,1997_HKCFI_184.json,True,38991,27286,9346,36632,
HKCFI_1997_186.html.txt,CHOI_MEI_HO_v_CHUNG_CHIU_YING_T_A_KIN_KEE_AND_OTHERS_1997_HKCFI_186_1997_2_HKC_706_HCPI_784_1995_20_March_1997.json,True,37441,20940,8240,29180,
HKCFI_1997_188.html.txt,1997_HKCFI_188.json,True,28613,10838,5168,16006,
HKCFI_1997_183.html.txt,1997_HKCFI_183_1997_2_HKC_21_HCPI_536_1995.json,True,61848,22181,15066,37247,
HKCFI_1997_286.html.txt,1997_HKCFI_286.json,True,29282,8968,4245,13213,
HKCFI_1997_284.html.txt,1997_HKCFI_284.json,True,34855,9125,5790,14915,
HKCFI_1997_290.html.txt,1997_HKCFI_290.json,True,38945,16688,5691,22379,
HKCFI_1997_289.html.txt,1997_HKCFI_289.json,True,51673,15223,6139,21362,
HKCFI_1997_291.html.txt,1997_HKCFI_291.json,True,31945,22479,7980,30459,
HKCFI_1997_356.html.txt,1997_HKCFI_356.json,True,32512,12461,6569,19030,
HKCFI_1997_355.html.txt,1997_HKCFI_355.json,True,46467,17740,10125,27865,
HKCFI_1997_404.html.txt,1997_HKCFI_404.json,True,34195,11570,5334,16904,
HKCFI_1997_359.html.txt,1997_HKCFI_359.json,True,49284,15400,9427,24827,
HKCFI_1997_561.html.txt,1997_HKCFI_561.json,True,27685,7871,4738,12609,
HKCFI_1997_557.html.txt,TA_XUONG_v_THE_INCORPORATED_OWNERS_OF_SUN_HING_BUILDING_1997_HKCFI_557_1997_4_HKC_171_HCPI_496_1995_30_October_1997.json,True,42880,21114,6157,27271,
HKCFI_1997_378.html.txt,1997_HKCFI_378.json,True,68067,42284,12938,55222,
HKCFI_1997_564.html.txt,1997_HKCFI_564.json,True,34990,16041,7409,23450,
HKCFI_1997_766.html.txt,1997_3_HKC_655_HKCFI_766.json,True,37845,18193,8962,27155,
HKCFI_1997_767.html.txt,1997_HKCFI_767.json,True,40573,8652,5469,14121,
HKCFI_1997_768.html.txt,1997_HKCFI_768_HCPI_934_1995_18_April_1997.json,True,30207,8275,5431,13706,
HKCFI_1997_839.html.txt,1997_HKCFI_839.json,True,36778,16439,9613,26052,
HKCFI_1997_790.html.txt,LAI_CHI_PON_v_TOTO_STEEL_IRON_WORKS_LTD_AND_OTHERS_1997_HKCFI_790_1997_2_HKC_741_HCPI_1149_1995_18_July_1997.json,True,46584,16371,7748,24119,
HKCFI_1998_1020.html.txt,1998_HKCFI_1020.json,True,35907,17723,7047,24770,
HKCFI_1998_221.html.txt,1998_HKCFI_221.json,True,22606,8450,4189,12639,
HKCFI_1998_218.html.txt,1998_HKCFI_218.json,True,31844,16076,5703,21779,
HKCFI_1998_314.html.txt,1998_HKCFI_314.json,True,15975,6324,1990,8314,
HKCFI_1998_293.html.txt,1998_HKCFI_293.json,True,24607,12212,3692,15904,
HKCFI_1998_296.html.txt,1998_HKCFI_296.json,True,39163,20491,6964,27455,
HKCFI_1998_345.html.txt,1998_HKCFI_345.json,True,33272,11572,6767,18339,
HKCFI_1998_395.html.txt,1998_HKCFI_395.json,True,25861,17231,4874,22105,
HKCFI_1998_315.html.txt,1998_HKCFI_315.json,True,45487,12504,6443,18947,
HKCFI_1998_397.html.txt,1998_HKCFI_397_1998_2_HKLRD_354.json,True,34781,18744,6651,25395,
HKCFI_1998_459.html.txt,1998_HKCFI_459.json,True,26332,14434,4073,18507,
HKCFI_1998_463.html.txt,1998_HKCFI_463.json,True,22935,8677,3920,12597,
HKCFI_1998_461.html.txt,1998_HKCFI_461.json,True,29337,9730,4296,14026,
HKCFI_1998_458.html.txt,HKCFI_458_HCPI_374_1997_23_September_1998.json,True,36337,13382,6744,20126,
HKCFI_1998_52.html.txt,1998_HKCFI_52.json,True,32566,13921,6681,20602,
HKCFI_1998_464.html.txt,1998_HKCFI_464.json,True,42266,23832,11062,34894,
HKCFI_1998_615.html.txt,1998_HKCFI_615.json,True,30180,11584,5006,16590,
HKCFI_1998_55.html.txt,1998_HKCFI_55.json,True,41463,12778,7385,20163,
HKCFI_1998_612.html.txt,1998_HKCFI_612.json,True,45303,16011,9784,25795,
HKCFI_1998_809.html.txt,1998_HKCFI_809.json,True,35839,12121,6294,18415,
HKCFI_1998_870.html.txt,1998_HKCFI_870.json,True,30035,17370,5677,23047,
HKCFI_1998_868.html.txt,1998_HKCFI_868.json,True,29253,15438,5043,20481,
HKCFI_1998_911.html.txt,1998_HKCFI_911.json,True,39381,11035,6719,17754,
HKCFI_1998_912.html.txt,1998_HKCFI_912.json,True,43762,19714,9520,29234,
HKCFI_1999_1055.html.txt,YIM_FAT_FONG_v_WONG_KIM_HUNG_AND_ANOTHER_1999_HKCFI_1055_HCPI_1173_1996_24_June_1999.json,True,36615,16954,7098,24052,
HKCFI_1999_1063.html.txt,1999_HKCFI_1063.json,True,41630,15599,5742,21341,
HKCFI_1999_1197.html.txt,1999_HKCFI_1197.json,True,30418,9833,4609,14442,
HKCFI_1999_1067.html.txt,1999_HKCFI_1067.json,True,39760,12196,7342,19538,
HKCFI_1999_1208.html.txt,1999_HKCFI_1208.json,True,31461,9371,4636,14007,
HKCFI_1999_1258.html.txt,1999_HKCFI_1258.json,True,20370,9783,2905,12688,
HKCFI_1999_1392.html.txt,,False,31735,0,0,0,Could not parse response content as the request was rejected by the content filter
HKCFI_1999_1218.html.txt,1999_HKCFI_1218.json,True,38179,12009,5173,17182,
HKCFI_1999_1209.html.txt,1999_HKCFI_1209.json,True,47862,13075,8937,22012,
HKCFI_1999_1217.html.txt,1999_HKCFI_1217.json,True,57200,17195,10521,27716,
HKCFI_1999_1395.html.txt,1999_HKCFI_1395.json,True,33072,14385,5398,19783,
HKCFI_1999_1535.html.txt,1999_HKCFI_1535.json,True,35462,16826,4285,21111,
HKCFI_1999_205.html.txt,1999_HKCFI_205.json,True,38931,19514,7029,26543,
HKCFI_1999_206.html.txt,1999_HKCFI_206.json,True,47754,11288,6190,17478,
HKCFI_1999_209.html.txt,1999_HKCFI_209.json,True,34902,14675,5667,20342,
HKCFI_1999_207.html.txt,1999_HKCFI_207.json,True,53069,15824,7827,23651,
HKCFI_1999_213.html.txt,1999_HKCFI_213.json,True,35755,14978,6108,21086,
HKCFI_1999_214.html.txt,1999_HKCFI_214_2000_1_HKLRD_856_HCPI_763_1997_21_December_1999.json,True,39334,23247,9683,32930,
HKCFI_1999_216.html.txt,1999_HKCFI_216.json,True,35879,18546,7545,26091,
HKCFI_1999_364.html.txt,LEE_YUK_LAN_v_ROYALTELLE_INTERNATIONAL_LTD_T_A_THE_ROYAL_GARDEN_1999_HKCFI_364_HCPI_187_1995_5_August_1999.json,True,36053,14273,5865,20138,
HKCFI_1999_439.html.txt,1999_HKCFI_439.json,True,26478,14470,3730,18200,
HKCFI_1999_363.html.txt,1999_HKCFI_363.json,True,57939,19025,8860,27885,
HKCFI_1999_42.html.txt,1999_HKCFI_42.json,True,51190,13427,8523,21950,
HKCFI_1999_458.html.txt,1999_HKCFI_458.json,True,34654,9754,4386,14140,
HKCFI_1999_473.html.txt,1999_HKCFI_473.json,True,33073,10536,5000,15536,
HKCFI_1999_523.html.txt,1999_HKCFI_523.json,True,43142,19996,9557,29553,
HKCFI_1999_759.html.txt,1999_HKCFI_759.json,True,38096,13624,6728,20352,
HKCFI_1999_671.html.txt,1999_HKCFI_671.json,True,55034,15058,9658,24716,
HKCFI_1999_762.html.txt,1999_HKCFI_762.json,True,45821,13266,5204,18470,
HKCFI_1999_830.html.txt,1999_HKCFI_830_1999_3_HKLRD_190_1999_4_HKC_373.json,True,29258,8798,3895,12693,
HKCFI_1999_539.html.txt,1999_HKCFI_539.json,True,72697,28349,10939,39288,
HKCFI_1999_857.html.txt,1999_HKCFI_857.json,True,38307,12459,4309,16768,
HKCFI_1999_859.html.txt,1999_HKCFI_859.json,True,30931,12462,3691,16153,
HKCFI_1999_858.html.txt,1999_HKCFI_858.json,True,41564,11862,5841,17703,
HKCFI_1999_896.html.txt,1999_HKCFI_896.json,True,39936,15105,7163,22268,
HKCFI_1999_899.html.txt,1999_HKCFI_899.json,True,47036,10236,5510,15746,
HKCFI_2000_1167.html.txt,2000_HKCFI_1167_2000_3_HKLRD_241.json,True,26157,12129,4380,16509,
HKCFI_2000_1090.html.txt,2000_HKCFI_1090.json,True,39969,19419,12126,31545,
HKCFI_2000_1296.html.txt,2000_HKCFI_1296_HCPI_408_1999_12_September_2000.json,True,39517,12924,8091,21015,
HKCFI_2000_1346.html.txt,2000_HKCFI_1346.json,True,28484,11315,4373,15688,
HKCFI_2000_1345.html.txt,2000_HKCFI_1345.json,True,37285,9035,6083,15118,
HKCFI_2000_1310.html.txt,2000_HKCFI_1310.json,True,54048,16298,5679,21977,
HKCFI_2000_1406.html.txt,2000_HKCFI_1406.json,True,32987,12857,5530,18387,
HKCFI_2000_1411.html.txt,2000_HKCFI_1411.json,True,29819,20959,5217,26176,
HKCFI_2000_189.html.txt,2000_HKCFI_189.json,True,25172,8915,4285,13200,
HKCFI_2000_1389.html.txt,2000_HKCFI_1389.json,True,46834,16372,9878,26250,
HKCFI_2000_1441.html.txt,2000_HKCFI_1441.json,True,36495,14783,7245,22028,
HKCFI_2000_224.html.txt,2000_HKCFI_224.json,True,28335,8033,3137,11170,
HKCFI_2000_190.html.txt,YIP_PIU_v_CHUNG_KAM_FEI_CATHERINE_AND_ANOTHER_2000_HKCFI_190.json,True,39571,15954,8582,24536,
HKCFI_2000_26.html.txt,2000_HKCFI_26.json,True,47528,11287,8693,19980,
HKCFI_2000_317.html.txt,2000_HKCFI_317.json,True,42804,19953,10037,29990,
HKCFI_2000_318.html.txt,2000_HKCFI_318.json,True,47296,15856,7687,23543,
HKCFI_2000_433.html.txt,2000_HKCFI_433.json,True,33475,22103,6597,28700,
HKCFI_2000_448.html.txt,2000_HKCFI_448.json,True,40550,14026,4878,18904,
HKCFI_2000_498.html.txt,2000_HKCFI_498.json,True,38799,10617,5128,15745,
HKCFI_2000_499.html.txt,2000_HKCFI_499_HCPI_1085_1999.json,True,35776,12200,6276,18476,
HKCFI_2000_585.html.txt,2000_HKCFI_585.json,True,34946,13291,4313,17604,
HKCFI_2000_529.html.txt,2000_HKCFI_529.json,True,46650,14784,8025,22809,
HKCFI_2000_601.html.txt,2000_HKCFI_601.json,True,23372,16715,3628,20343,
HKCFI_2000_586.html.txt,2000_HKCFI_586.json,True,33772,12445,4807,17252,
HKCFI_2000_670.html.txt,2000_HKCFI_670.json,True,27674,12969,6968,19937,
HKCFI_2000_810.html.txt,2000_HKCFI_810.json,True,26728,9652,3635,13287,
HKCFI_2000_740.html.txt,2000_HKCFI_740.json,True,41578,16151,6974,23125,
HKCFI_2000_745.html.txt,2000_HKCFI_745.json,True,38377,13228,6624,19852,
HKCFI_2000_759.html.txt,2000_HKCFI_759.json,True,35546,12740,7338,20078,
HKCFI_2000_844.html.txt,2000_HKCFI_844.json,True,41217,18970,7066,26036,
HKCFI_2000_845.html.txt,2000_HKCFI_845_2000_3_HKLRD_198.json,True,28481,12691,4652,17343,
HKCFI_2001_1156.html.txt,2001_HKCFI_1156.json,True,36120,15028,6398,21426,
HKCFI_2001_1124.html.txt,2001_HKCFI_1124.json,True,49996,17898,8620,26518,
HKCFI_2001_1150.html.txt,2001_HKCFI_1150_2001_3_HKLRD_1_HCPI_570_1999_5_March_2001.json,True,45415,19273,7189,26462,
HKCFI_2001_1184.html.txt,2001_HKCFI_1184.json,True,42902,13415,6908,20323,
HKCFI_2001_1206.html.txt,2001_HKCFI_1206.json,True,31891,19757,5689,25446,
HKCFI_2001_1380.html.txt,2001_HKCFI_1380.json,True,31919,11640,4542,16182,
HKCFI_2001_14.html.txt,YEUNG_SZE_v_WIN_ART_DESIGN_AMP_DECORATION_CO_LTD_2001_HKCFI_14.json,True,39486,13784,6206,19990,
HKCFI_2001_1236.html.txt,2001_HKCFI_1236.json,True,43450,10283,6238,16521,
HKCFI_2001_142.html.txt,2001_HKCFI_142.json,True,37462,9959,6363,16322,
HKCFI_2001_1446.html.txt,2001_HKCFI_1446.json,True,49001,9435,8141,17576,
HKCFI_2001_188.html.txt,2001_HKCFI_188.json,True,35236,12740,5874,18614,
HKCFI_2001_26.html.txt,2001_HKCFI_26_HCPI_521_2000_3_July_2001.json,True,41163,11654,6045,17699,
HKCFI_2001_289.html.txt,2001_HKCFI_289_2001_1_HKLRD_540.json,True,51297,18874,6783,25657,
HKCFI_2001_478.html.txt,2001_HKCFI_478.json,True,37536,14845,6241,21086,
HKCFI_2001_481.html.txt,2001_HKCFI_481.json,True,31016,11566,4708,16274,
HKCFI_2001_477.html.txt,2001_HKCFI_477.json,True,50121,20052,8510,28562,
HKCFI_2001_288.html.txt,2001_HKCFI_288.json,True,89084,23745,17837,41582,
HKCFI_2001_556.html.txt,2001_HKCFI_556_2001_3_HKLRD_1.json,True,33915,19271,6991,26262,
HKCFI_2001_482.html.txt,2001_HKCFI_482.json,True,54754,13587,6915,20502,
HKCFI_2001_483.html.txt,2001_HKCFI_483_HCPI_1176_2000.json,True,62416,11955,6941,18896,
HKCFI_2001_555.html.txt,2001_HKCFI_555.json,True,61929,23551,8021,31572,
HKCFI_2001_567.html.txt,2001_HKCFI_567.json,True,33219,15270,7111,22381,
HKCFI_2001_557.html.txt,HUI_DIN_FUN_v_TONG_CHUNG_HOI_2001_HKCFI_557.json,True,50491,16191,9076,25267,
HKCFI_2001_589.html.txt,2001_HKCFI_589.json,True,32533,8252,4597,12849,
HKCFI_2001_569.html.txt,2001_HKCFI_569.json,True,41218,19414,9774,29188,
HKCFI_2001_590.html.txt,2001_HKCFI_590.json,True,39897,13863,6178,20041,
HKCFI_2001_668.html.txt,2001_HKCFI_668.json,True,41157,12443,8001,20444,
HKCFI_2001_667.html.txt,2001_HKCFI_667.json,True,53611,17860,8419,26279,
HKCFI_2001_75.html.txt,2001_HKCFI_75_2002_1_HKLRD_125_HCPI_244_1998_27_September_2001.json,True,43487,17076,8638,25714,
HKCFI_2001_816.html.txt,2001_HKCFI_816_HCPI_422_2000_12_October_2001.json,True,38159,10948,5574,16522,
HKCFI_2001_817.html.txt,2001_HKCFI_817.json,True,35372,17302,5229,22531,
HKCFI_2001_90.html.txt,2001_HKCFI_90.json,True,31569,8254,4202,12456,
HKCFI_2001_898.html.txt,2001_HKCFI_898.json,True,35504,11572,5175,16747,
HKCFI_2001_76.html.txt,2001_HKCFI_76.json,True,80252,32075,17466,49541,
HKCFI_2001_98.html.txt,2001_HKCFI_98.json,True,40088,13061,6583,19644,
HKCFI_2002_1012.html.txt,2002_HKCFI_1012.json,True,33182,14461,6140,20601,
HKCFI_2002_1023.html.txt,2002_HKCFI_1023.json,True,42136,10144,4850,14994,
HKCFI_2002_1050.html.txt,2002_HKCFI_1050.json,True,37947,11156,4885,16041,
HKCFI_2002_1034.html.txt,2002_HKCFI_1034.json,True,57760,25927,14343,40270,
HKCFI_2002_1069.html.txt,2002_HKCFI_1069.json,True,46053,17297,8346,25643,
HKCFI_2002_1046.html.txt,HKCFI_1046_HCPI_1287_1999_3_May_2002.json,True,64811,16106,10931,27037,
HKCFI_2002_1164.html.txt,2002_HKCFI_1164_2002_4_HKC_76_HCPI_130_2001_16_July_2002.json,True,50404,22685,12340,35025,
HKCFI_2002_1249.html.txt,2002_HKCFI_1249.json,True,31966,13087,6379,19466,
HKCFI_2002_1426.html.txt,2002_HKCFI_1426.json,True,30599,12551,5391,17942,
HKCFI_2002_180.html.txt,2002_HKCFI_180_2002_3_HKLRD_185.json,True,38470,14340,6030,20370,
HKCFI_2002_188.html.txt,2002_HKCFI_188_HCPI_201_1999_27_August_2002.json,True,42085,26322,8299,34621,
HKCFI_2002_20.html.txt,2002_HKCFI_20_2002_2_HKLRD_754.json,True,30747,18175,7932,26107,
HKCFI_2002_233.html.txt,2002_HKCFI_233.json,True,39112,17256,7621,24877,
HKCFI_2002_236.html.txt,2002_HKCFI_236.json,True,30635,11899,4881,16780,
HKCFI_2002_254.html.txt,2002_HKCFI_254.json,True,41643,11832,6923,18755,
HKCFI_2002_354.html.txt,2002_HKCFI_354.json,True,34445,16056,5234,21290,
HKCFI_2002_365.html.txt,2002_HKCFI_365.json,True,33354,14043,4593,18636,
HKCFI_2002_355.html.txt,2002_HKCFI_355.json,True,30419,13241,6803,20044,
HKCFI_2002_347.html.txt,2002_HKCFI_347.json,True,55682,12472,6975,19447,
HKCFI_2002_44.html.txt,2002_HKCFI_44_HCPI_522_2001_12_April_2002.json,True,19119,9757,2439,12196,
HKCFI_2002_376.html.txt,2002_HKCFI_376.json,True,36566,13102,6029,19131,
HKCFI_2002_409.html.txt,HKCFI_409_HCPI_913_2000.json,True,30848,10029,4341,14370,
HKCFI_2002_366.html.txt,2002_HKCFI_366.json,True,59346,20309,8237,28546,
HKCFI_2002_446.html.txt,2002_HKCFI_446.json,True,46979,13318,7887,21205,
HKCFI_2002_478.html.txt,2002_HKCFI_478.json,True,38680,13455,5559,19014,
HKCFI_2002_542.html.txt,2002_HKCFI_542.json,True,34879,26344,5739,32083,
HKCFI_2002_543.html.txt,2002_HKCFI_543_2003_1_HKLRD_343_HCPI_853_1999_30_May_2002.json,True,43629,26078,6643,32721,
HKCFI_2002_553.html.txt,2002_HKCFI_553.json,True,41017,17552,6055,23607,
HKCFI_2002_566.html.txt,2002_HKCFI_566_2002_2_HKLRD_738.json,True,42030,15564,6402,21966,
HKCFI_2002_626.html.txt,2002_HKCFI_626.json,True,32934,17749,6203,23952,
HKCFI_2002_690.html.txt,2002_HKCFI_690.json,True,34651,17698,6241,23939,
HKCFI_2002_619.html.txt,2002_HKCFI_619.json,True,52978,20700,9624,30324,
HKCFI_2002_699.html.txt,2002_HKCFI_699.json,True,36926,16833,4297,21130,
HKCFI_2002_772.html.txt,2002_HKCFI_772.json,True,24851,7012,3050,10062,
HKCFI_2002_709.html.txt,2002_HKCFI_709_2003_1_HKLRD_82.json,True,49178,17287,8130,25417,
HKCFI_2002_761.html.txt,2002_HKCFI_761.json,True,37762,11948,6599,18547,
HKCFI_2002_758.html.txt,2002_HKCFI_758.json,True,43853,15604,7857,23461,
HKCFI_2002_775.html.txt,2002_HKCFI_775.json,True,48984,15580,7592,23172,
HKCFI_2002_784.html.txt,2002_HKCFI_784.json,True,43550,10369,4865,15234,
HKCFI_2002_794.html.txt,2002_HKCFI_794.json,True,35600,11641,5846,17487,
HKCFI_2002_795.html.txt,2002_HKCFI_795.json,True,31563,9620,4638,14258,
HKCFI_2002_816.html.txt,2002_HKCFI_816.json,True,38111,12965,6376,19341,
HKCFI_2002_833.html.txt,2002_HKCFI_833.json,True,36139,21553,9159,30712,
HKCFI_2002_860.html.txt,2002_HKCFI_860.json,True,34954,11564,5842,17406,
HKCFI_2002_851.html.txt,2002_HKCFI_851.json,True,41672,14182,6316,20498,
HKCFI_2002_838.html.txt,2002_HKCFI_838.json,True,48679,10794,6398,17192,
HKCFI_2002_885.html.txt,2002_HKCFI_885.json,True,42049,13868,6968,20836,
HKCFI_2002_958.html.txt,2002_HKCFI_958.json,True,18586,15083,3283,18366,
HKCFI_2002_914.html.txt,2002_HKCFI_914.json,True,37921,13987,7061,21048,
HKCFI_2002_915.html.txt,2002_HKCFI_915.json,True,30128,7981,4467,12448,
HKCFI_2002_921.html.txt,2002_HKCFI_921.json,True,42072,13250,6467,19717,
HKCFI_2002_982.html.txt,2002_HKCFI_982.json,True,32583,14334,5328,19662,
HKCFI_2002_996.html.txt,2002_HKCFI_996.json,True,45063,15962,6587,22549,
HKCFI_2003_1038.html.txt,2003_HKCFI_1038.json,True,44615,13988,8611,22599,
HKCFI_2003_1047.html.txt,2003_HKCFI_1047.json,True,36905,17527,5181,22708,
HKCFI_2003_1004.html.txt,2003_HKCFI_1004.json,True,57261,18531,11375,29906,
HKCFI_2003_112.html.txt,2003_HKCFI_112.json,True,32542,18166,6173,24339,
HKCFI_2003_238.html.txt,2003_HKCFI_238.json,True,31432,13525,4787,18312,
HKCFI_2003_176.html.txt,2003_HKCFI_176.json,True,48707,17611,6530,24141,
HKCFI_2003_166.html.txt,2003_HKCFI_166.json,True,41947,18022,10080,28102,
HKCFI_2003_147.html.txt,2003_HKCFI_147_2003_1_HKLRD_404_HCPI_1039_2001.json,True,51059,24598,9584,34182,
HKCFI_2003_20.html.txt,2003_HKCFI_20.json,True,51655,11781,6219,18000,
HKCFI_2003_270.html.txt,2003_HKCFI_270.json,True,29968,12678,6601,19279,
HKCFI_2003_298.html.txt,2003_HKCFI_298.json,True,25759,18224,4369,22593,
HKCFI_2003_488.html.txt,2003_HKCFI_488.json,True,33295,9645,4136,13781,
HKCFI_2003_407.html.txt,2003_HKCFI_407.json,True,34464,12833,4530,17363,
HKCFI_2003_278.html.txt,2003_HKCFI_278.json,True,33376,15475,7022,22497,
HKCFI_2003_556.html.txt,2003_HKCFI_556_HCPI_320_2002_24_December_2003.json,True,32608,11957,4843,16800,
HKCFI_2003_557.html.txt,2003_HKCFI_557.json,True,31959,19807,4314,24121,
HKCFI_2003_489.html.txt,2003_HKCFI_489.json,True,50601,15468,7468,22936,
HKCFI_2003_72.html.txt,2003_HKCFI_72.json,True,43560,16919,4986,21905,
HKCFI_2003_707.html.txt,2003_HKCFI_707.json,True,56586,16298,9690,25988,
HKCFI_2003_811.html.txt,2003_HKCFI_811.json,True,36945,11413,5120,16533,
HKCFI_2003_732.html.txt,2003_HKCFI_732_2003_2_HKLRD_546_2003_3_HKC_69_HCPI_422_2002_30_May_2003.json,True,44579,24006,11546,35552,
HKCFI_2003_839.html.txt,2003_HKCFI_839.json,True,40460,12776,4135,16911,
HKCFI_2003_866.html.txt,2003_HKCFI_866.json,True,33637,12024,5162,17186,
HKCFI_2003_837.html.txt,FUNG_KWOK_KI_v_WING_SANG_CONSTRUCTION_CO_LTD_AND_OTHERS_2003_HKCFI_837_2003_3_HKLRD_201_HCPI_757_2002_1_August_2003.json,True,67844,20033,10633,30666,
HKCFI_2003_872.html.txt,2003_HKCFI_872_HCPI_1221_2000_15_April_2003.json,True,50010,18538,8832,27370,
HKCFI_2003_892.html.txt,2003_HKCFI_892.json,True,38650,17551,7497,25048,
HKCFI_2003_893.html.txt,2003_HKCFI_893_2004_2_HKLRD_54_HCPI_827_2001_17_October_2003.json,True,48444,15659,5799,21458,
HKCFI_2003_958.html.txt,2003_HKCFI_958.json,True,29905,9122,5047,14169,
HKCFI_2003_9.html.txt,2003_HKCFI_9.json,True,54896,13194,6445,19639,
HKCFI_2003_990.html.txt,2003_HKCFI_990.json,True,29205,13391,4736,18127,
HKCFI_2003_982.html.txt,2003_HKCFI_982.json,True,48267,14359,7429,21788,
HKCFI_2004_1017.html.txt,2004_HKCFI_1017.json,True,55043,13165,7278,20443,
HKCFI_2003_962.html.txt,2003_HKCFI_962_2004_1_HKLRD_57.json,True,83314,23040,11109,34149,
HKCFI_2004_1055.html.txt,2004_HKCFI_1055.json,True,59161,18037,11101,29138,
HKCFI_2004_1107.html.txt,2004_HKCFI_1107.json,True,47714,10865,6500,17365,
HKCFI_2004_1059.html.txt,2004_HKCFI_1059.json,True,55788,14038,8548,22586,
HKCFI_2004_1131.html.txt,2004_HKCFI_1131.json,True,47160,14322,6210,20532,
HKCFI_2004_1152.html.txt,2004_HKCFI_1152.json,True,34255,13362,4770,18132,
HKCFI_2004_139.html.txt,2004_HKCFI_139.json,True,37067,12112,3899,16011,
HKCFI_2004_190.html.txt,2004_HKCFI_190.json,True,28145,15689,5566,21255,
HKCFI_2004_193.html.txt,2004_HKCFI_193.json,True,35890,18940,9460,28400,
HKCFI_2004_300.html.txt,HKCFI_300_HCPI_153_2003_10_May_2004.json,True,25937,12671,4225,16896,
HKCFI_2004_241.html.txt,2004_HKCFI_241.json,True,45067,15563,5441,21004,
HKCFI_2004_222.html.txt,2004_HKCFI_222.json,True,45548,12404,7353,19757,
HKCFI_2004_448.html.txt,2004_HKCFI_448.json,True,43354,11464,4243,15707,
HKCFI_2004_461.html.txt,2004_HKCFI_461.json,True,25054,8587,3415,12002,
HKCFI_2004_462.html.txt,2004_HKCFI_462.json,True,26559,12429,4848,17277,
HKCFI_2004_463.html.txt,2004_HKCFI_463.json,True,26899,12589,4479,17068,
HKCFI_2004_546.html.txt,2004_HKCFI_546.json,True,35838,8289,4606,12895,
HKCFI_2004_465.html.txt,2004_HKCFI_465.json,True,31940,12852,5557,18409,
HKCFI_2004_464.html.txt,2004_HKCFI_464.json,True,50207,14362,8275,22637,
HKCFI_2004_616.html.txt,2004_HKCFI_616.json,True,34559,13322,6529,19851,
HKCFI_2004_659.html.txt,2004_HKCFI_659.json,True,50527,13165,7098,20263,
HKCFI_2004_678.html.txt,HKCFI_678_HCPI_1167_2003.json,True,28377,12099,4636,16735,
HKCFI_2004_688.html.txt,2004_HKCFI_688.json,True,38683,14247,6818,21065,
HKCFI_2004_74.html.txt,2004_HKCFI_74.json,True,36852,10120,5160,15280,
HKCFI_2004_75.html.txt,2004_HKCFI_75.json,True,40558,14905,6613,21518,
HKCFI_2004_752.html.txt,2004_HKCFI_752.json,True,53113,11341,7216,18557,
HKCFI_2004_765.html.txt,2004_HKCFI_765.json,True,37506,18344,6726,25070,
HKCFI_2004_762.html.txt,2004_HKCFI_762.json,True,42526,15905,8190,24095,
HKCFI_2004_760.html.txt,2004_HKCFI_760_2004_3_HKLRD_421.json,True,58828,26823,12784,39607,
HKCFI_2004_785.html.txt,2004_HKCFI_785.json,True,30225,15033,4444,19477,
HKCFI_2004_782.html.txt,2004_HKCFI_782_2005_2_HKLRD_729.json,True,52348,18890,10068,28958,
HKCFI_2004_852.html.txt,2004_HKCFI_852.json,True,44787,18910,9145,28055,
HKCFI_2004_87.html.txt,2004_HKCFI_87.json,True,41572,15156,6633,21789,
HKCFI_2004_907.html.txt,2004_HKCFI_907.json,True,37189,15971,5342,21313,
HKCFI_2004_970.html.txt,2004_HKCFI_970.json,True,41698,26541,6639,33180,
HKCFI_2004_985.html.txt,2004_HKCFI_985.json,True,48225,21660,9112,30772,
HKCFI_2005_1068.html.txt,2005_HKCFI_1068.json,True,27184,11233,4371,15604,
HKCFI_2005_1.html.txt,2005_HKCFI_1.json,True,35756,11659,4415,16074,
HKCFI_2005_1069.html.txt,2005_HKCFI_1069.json,True,52982,13838,7026,20864,
HKCFI_2005_1113.html.txt,2005_HKCFI_1113.json,True,43304,15342,6861,22203,
HKCFI_2005_1118.html.txt,2005_HKCFI_1118.json,True,36208,10026,4546,14572,
HKCFI_2005_1126.html.txt,2005_HKCFI_1126.json,True,44483,19276,7063,26339,
HKCFI_2005_1135.html.txt,2005_HKCFI_1135.json,True,32058,16374,6222,22596,
HKCFI_2005_113.html.txt,2005_HKCFI_113.json,True,52927,17110,8179,25289,
HKCFI_2005_1219.html.txt,2005_HKCFI_1219.json,True,34480,14602,5005,19607,
HKCFI_2005_114.html.txt,2005_HKCFI_114.json,True,49890,17660,9664,27324,
HKCFI_2005_1257.html.txt,2005_HKCFI_1257.json,True,34146,12370,5556,17926,
HKCFI_2005_1234.html.txt,2005_HKCFI_1234.json,True,43096,21778,7701,29479,
HKCFI_2005_159.html.txt,2005_HKCFI_159.json,True,40218,20046,4949,24995,
HKCFI_2005_207.html.txt,2005_HKCFI_207_HCPI_342_2004_22_March_2005.json,True,32417,17223,7157,24380,
HKCFI_2005_214.html.txt,2005_HKCFI_214.json,True,41967,12740,5231,17971,
HKCFI_2005_249.html.txt,2005_HKCFI_249.json,True,43275,16615,6210,22825,
HKCFI_2005_274.html.txt,2005_HKCFI_274_2005_4_HKLRD_1.json,True,34227,14672,6673,21345,
HKCFI_2005_248.html.txt,HKCFI_248_HCPI_684_2002.json,True,49962,16705,7558,24263,
HKCFI_2005_292.html.txt,HKCFI_292_HCPI_488_2004.json,True,30136,14043,5123,19166,
HKCFI_2005_282.html.txt,2005_HKCFI_282.json,True,53557,13894,6688,20582,
HKCFI_2005_295.html.txt,2005_HKCFI_295.json,True,35365,15439,6672,22111,
HKCFI_2005_313.html.txt,2005_HKCFI_313.json,True,37046,14431,5827,20258,
HKCFI_2005_330.html.txt,2005_HKCFI_330.json,True,42654,10526,6541,17067,
HKCFI_2005_374.html.txt,2005_HKCFI_374.json,True,32621,10048,5599,15647,
HKCFI_2005_334.html.txt,2005_HKCFI_334.json,True,48194,19030,9068,28098,
HKCFI_2005_300.html.txt,2005_HKCFI_300.json,True,78864,16227,14037,30264,
HKCFI_2005_395.html.txt,2005_HKCFI_395.json,True,42760,16116,7001,23117,
HKCFI_2005_396.html.txt,2005_HKCFI_396.json,True,37233,13751,5185,18936,
HKCFI_2005_399.html.txt,2005_HKCFI_399.json,True,32303,11761,4175,15936,
HKCFI_2005_507.html.txt,2005_HKCFI_507_HCPI_760_2003_30_June_2005.json,True,41742,18716,5185,23901,
HKCFI_2005_476.html.txt,2005_HKCFI_476.json,True,44730,19563,7463,27026,
HKCFI_2005_531.html.txt,2005_HKCFI_531.json,True,36997,14521,4982,19503,
HKCFI_2005_566.html.txt,2005_HKCFI_566.json,True,48459,16147,6709,22856,
HKCFI_2005_568.html.txt,2005_HKCFI_568.json,True,44858,15411,8075,23486,
HKCFI_2005_639.html.txt,2005_HKCFI_639.json,True,29071,14591,4960,19551,
HKCFI_2005_622.html.txt,2005_HKCFI_622.json,True,27643,16927,5255,22182,
HKCFI_2005_779.html.txt,2005_HKCFI_779.json,True,13061,7938,1301,9239,
HKCFI_2005_733.html.txt,2005_HKCFI_733.json,True,20952,7199,2366,9565,
HKCFI_2005_67.html.txt,2005_HKCFI_67.json,True,40808,20998,5497,26495,
HKCFI_2005_64.html.txt,2005_HKCFI_64.json,True,60052,20667,9793,30460,
HKCFI_2005_810.html.txt,2005_HKCFI_810.json,True,43882,10952,5323,16275,
HKCFI_2005_831.html.txt,2005_HKCFI_831.json,True,38707,16003,7004,23007,
HKCFI_2005_783.html.txt,2005_HKCFI_783.json,True,50968,22189,12452,34641,
HKCFI_2005_868.html.txt,2005_HKCFI_868.json,True,45623,12705,5743,18448,
HKCFI_2005_891.html.txt,2005_HKCFI_891.json,True,43911,18988,8680,27668,
HKCFI_2005_91.html.txt,2005_HKCFI_91.json,True,27644,9318,4156,13474,
HKCFI_2005_919.html.txt,2005_HKCFI_919.json,True,31409,11991,5752,17743,
HKCFI_2005_915.html.txt,2005_HKCFI_915.json,True,56683,24296,15593,39889,
HKCFI_2005_961.html.txt,2005_HKCFI_961.json,True,40434,16796,8351,25147,
HKCFI_2005_972.html.txt,2005_HKCFI_972.json,True,36189,9369,5094,14463,
HKCFI_2005_920.html.txt,2005_HKCFI_920.json,True,58393,24769,11155,35924,
HKCFI_2006_1018.html.txt,2006_HKCFI_1018.json,True,29750,14630,5336,19966,
HKCFI_2006_1105.html.txt,2006_HKCFI_1105.json,True,44224,14991,8672,23663,
HKCFI_2005_921.html.txt,2005_HKCFI_921.json,True,80210,29532,16823,46355,
HKCFI_2006_1294.html.txt,2006_HKCFI_1294.json,True,32904,19142,7065,26207,
HKCFI_2006_1108.html.txt,2006_HKCFI_1108.json,True,41848,23930,9221,33151,
HKCFI_2006_131.html.txt,2006_HKCFI_131.json,True,32519,21068,9067,30135,
HKCFI_2006_1398.html.txt,2006_HKCFI_1398.json,True,31719,20667,5518,26185,
HKCFI_2006_1401.html.txt,2006_HKCFI_1401.json,True,32170,10137,4795,14932,
HKCFI_2006_1443.html.txt,2006_HKCFI_1443.json,True,17261,8341,2607,10948,
HKCFI_2006_1428.html.txt,2006_HKCFI_1428.json,True,33811,12059,5909,17968,
HKCFI_2006_1358.html.txt,2006_HKCFI_1358.json,True,55144,26295,10785,37080,
HKCFI_2006_163.html.txt,2006_HKCFI_163.json,True,29892,11849,6893,18742,
HKCFI_2006_153.html.txt,2006_HKCFI_153.json,True,45274,11296,7079,18375,
HKCFI_2006_145.html.txt,HKCFI_145_HCPI_116_2005_14_February_2006.json,True,42157,16131,7527,23658,
HKCFI_2006_164.html.txt,2006_HKCFI_164.json,True,37137,13980,6025,20005,
HKCFI_2006_181.html.txt,2006_HKCFI_181.json,True,40966,12256,6496,18752,
HKCFI_2006_284.html.txt,2006_HKCFI_284.json,True,22655,9152,3411,12563,
HKCFI_2006_27.html.txt,2006_HKCFI_27.json,True,37545,15786,6966,22752,
HKCFI_2006_265.html.txt,2006_HKCFI_265.json,True,43323,18704,7040,25744,
HKCFI_2006_240.html.txt,2006_HKCFI_240.json,True,55476,14715,8597,23312,
HKCFI_2006_31.html.txt,2006_HKCFI_31.json,True,37068,13039,4653,17692,
HKCFI_2006_370.html.txt,2006_HKCFI_370.json,True,38746,16977,5783,22760,
HKCFI_2006_354.html.txt,2006_HKCFI_354.json,True,52304,14461,7762,22223,
HKCFI_2006_4.html.txt,2006_HKCFI_4_HCPI_1186_2004_4_January_2006.json,True,36763,11976,4755,16731,
HKCFI_2006_473.html.txt,2006_HKCFI_473.json,True,20922,9726,2527,12253,
HKCFI_2006_439.html.txt,2006_HKCFI_439.json,True,45607,17381,5721,23102,
HKCFI_2006_369.html.txt,2006_HKCFI_369.json,True,62554,18780,12418,31198,
HKCFI_2006_448.html.txt,2006_HKCFI_448.json,True,32507,17011,6440,23451,
HKCFI_2006_498.html.txt,2006_HKCFI_498.json,True,28755,11236,5470,16706,
HKCFI_2006_633.html.txt,2006_HKCFI_633.json,True,32265,12921,6173,19094,
HKCFI_2006_507.html.txt,2006_HKCFI_507.json,True,42969,12318,4923,17241,
HKCFI_2006_486.html.txt,2006_HKCFI_486.json,True,69367,17510,9291,26801,
HKCFI_2006_672.html.txt,2006_HKCFI_672.json,True,41867,21697,5563,27260,
HKCFI_2006_698.html.txt,2006_HKCFI_698.json,True,30395,15556,6247,21803,
HKCFI_2006_709.html.txt,2006_HKCFI_709.json,True,31410,15583,6306,21889,
HKCFI_2006_70.html.txt,2006_HKCFI_70.json,True,33962,16503,6846,23349,
HKCFI_2006_794.html.txt,2006_HKCFI_794.json,True,36291,20078,4648,24726,
HKCFI_2006_824.html.txt,2006_HKCFI_824.json,True,39517,16276,9290,25566,
HKCFI_2006_837.html.txt,2006_HKCFI_837.json,True,35956,16219,5379,21598,
HKCFI_2006_889.html.txt,2006_HKCFI_889.json,True,33722,12641,5696,18337,
HKCFI_2006_939.html.txt,2006_HKCFI_939_2006_4_HKC_616_HCPI_416_2005_22_June_2006.json,True,15580,7420,2152,9572,
HKCFI_2006_876.html.txt,2006_HKCFI_876.json,True,38281,16572,7342,23914,
HKCFI_2006_899.html.txt,2006_HKCFI_899.json,True,30303,9737,4439,14176,
HKCFI_2007_1106.html.txt,2007_HKCFI_1106.json,True,20743,7817,2882,10699,
HKCFI_2007_1183.html.txt,2007_HKCFI_1183.json,True,39186,9847,6562,16409,
HKCFI_2007_1005.html.txt,2007_HKCFI_1005.json,True,50786,14391,8267,22658,
HKCFI_2006_94.html.txt,2006_HKCFI_94.json,True,61232,19828,9041,28869,
HKCFI_2007_110.html.txt,2007_HKCFI_110.json,True,53971,26155,13428,39583,
HKCFI_2007_1208.html.txt,2007_HKCFI_1208.json,True,33549,15368,7397,22765,
HKCFI_2007_1209.html.txt,2007_HKCFI_1209.json,True,45966,13907,8313,22220,
HKCFI_2007_1211.html.txt,2007_HKCFI_1211.json,True,57129,17832,8848,26680,
HKCFI_2007_1766.html.txt,2007_HKCFI_1766.json,True,45205,19062,8695,27757,
HKCFI_2007_159.html.txt,2007_HKCFI_159.json,True,43292,13104,7899,21003,
HKCFI_2007_147.html.txt,2007_HKCFI_147.json,True,62090,20262,10962,31224,
HKCFI_2007_188.html.txt,2007_HKCFI_188.json,True,29823,17221,5311,22532,
HKCFI_2007_325.html.txt,2007_HKCFI_325.json,True,30818,10962,4711,15673,
HKCFI_2007_235.html.txt,2007_HKCFI_235.json,True,31505,12875,5363,18238,
HKCFI_2007_392.html.txt,2007_HKCFI_392.json,True,26391,7146,3861,11007,
HKCFI_2007_335.html.txt,2007_HKCFI_335.json,True,33535,13063,5155,18218,
HKCFI_2007_292.html.txt,2007_HKCFI_292.json,True,57761,14000,7522,21522,
HKCFI_2007_418.html.txt,2007_HKCFI_418.json,True,24580,8409,3826,12235,
HKCFI_2007_402.html.txt,2007_HKCFI_402_HCPI_234_2002.json,True,37334,21616,6444,28060,
HKCFI_2007_453.html.txt,2007_HKCFI_453.json,True,30685,20810,5217,26027,
HKCFI_2007_500.html.txt,2007_HKCFI_500.json,True,32397,12011,5020,17031,
HKCFI_2007_507.html.txt,2007_HKCFI_507.json,True,34176,15052,3945,18997,
HKCFI_2007_646.html.txt,2007_HKCFI_646.json,True,23600,10174,2920,13094,
HKCFI_2007_636.html.txt,2007_HKCFI_636.json,True,31243,10667,5937,16604,
HKCFI_2007_479.html.txt,2007_HKCFI_479.json,True,61421,16823,8169,24992,
HKCFI_2007_647.html.txt,2007_HKCFI_647.json,True,52129,16640,6288,22928,
HKCFI_2007_692.html.txt,2007_HKCFI_692.json,True,37577,16139,8032,24171,
HKCFI_2007_652.html.txt,2007_HKCFI_652_HCPI_679_2004_27_June_2007.json,True,32487,23565,11775,35340,
HKCFI_2007_752.html.txt,2007_HKCFI_752.json,True,31682,7576,3566,11142,
HKCFI_2007_704.html.txt,2007_HKCFI_704.json,True,37229,13510,6091,19601,
HKCFI_2007_799.html.txt,2007_HKCFI_799.json,True,39820,25672,4675,30347,
HKCFI_2007_887.html.txt,2007_HKCFI_887.json,True,41033,18203,5894,24097,
HKCFI_2007_813.html.txt,2007_HKCFI_813.json,True,45672,11738,6244,17982,
HKCFI_2007_923.html.txt,2007_HKCFI_923.json,True,52487,17860,9902,27762,
HKCFI_2007_874.html.txt,2007_HKCFI_874.json,True,58077,15627,6221,21848,
HKCFI_2007_991.html.txt,2007_HKCFI_991.json,True,45014,13646,7293,20939,
HKCFI_2007_998.html.txt,2007_HKCFI_998.json,True,40224,16826,5921,22747,
HKCFI_2008_1.html.txt,2008_HKCFI_1.json,True,43953,18554,10432,28986,
HKCFI_2008_1052.html.txt,2008_HKCFI_1052.json,True,38713,10073,5480,15553,
HKCFI_2008_1046.html.txt,2008_HKCFI_1046.json,True,33801,19664,7572,27236,
HKCFI_2008_14.html.txt,2008_HKCFI_14_2008_3_HKC_196.json,True,43253,18760,7155,25915,
HKCFI_2008_246.html.txt,2008_HKCFI_246.json,True,39054,10338,5153,15491,
HKCFI_2008_1105.html.txt,2008_HKCFI_1105.json,True,50218,22781,10923,33704,
HKCFI_2008_1971.html.txt,2008_HKCFI_1971.json,True,60889,22082,7460,29542,
HKCFI_2008_1825.html.txt,2008_HKCFI_1825.json,True,63188,25357,9896,35253,
HKCFI_2008_283.html.txt,2008_HKCFI_283.json,True,35608,19844,7414,27258,
HKCFI_2008_292.html.txt,2008_HKCFI_292.json,True,49429,15625,6941,22566,
HKCFI_2008_360.html.txt,2008_HKCFI_360.json,True,45008,13515,5588,19103,
HKCFI_2008_338.html.txt,2008_HKCFI_338.json,True,47381,16005,8904,24909,
HKCFI_2008_305.html.txt,2008_HKCFI_305.json,True,57030,24968,15864,40832,
HKCFI_2008_372.html.txt,2008_HKCFI_372.json,True,39329,13235,4804,18039,
HKCFI_2008_395.html.txt,2008_HKCFI_395.json,True,27110,15383,3217,18600,
HKCFI_2008_436.html.txt,2008_HKCFI_436.json,True,34365,12474,4128,16602,
HKCFI_2008_460.html.txt,HKCFI_460_HCPI_894_2006_28_April_2008.json,True,22484,6409,2818,9227,
HKCFI_2008_451.html.txt,2008_HKCFI_451.json,True,50728,17410,9324,26734,
HKCFI_2008_437.html.txt,2008_HKCFI_437_HCPI_176_2007.json,True,54181,19554,13503,33057,
HKCFI_2008_471.html.txt,2008_HKCFI_471.json,True,35384,11477,5210,16687,
HKCFI_2008_482.html.txt,2008_HKCFI_482.json,True,26548,7669,3164,10833,
HKCFI_2008_498.html.txt,2008_HKCFI_498.json,True,30729,17918,5911,23829,
HKCFI_2008_530.html.txt,2008_HKCFI_530.json,True,37004,20120,6999,27119,
HKCFI_2008_552.html.txt,YEUNG_LOK_SZE_v_HONG_YIP_SERVICE_CO_LTD_2008_HKCFI_552.json,True,30681,14683,5462,20145,
HKCFI_2008_557.html.txt,2008_HKCFI_557_HCPI_672_2006_7_July_2008.json,True,43158,19464,12650,32114,
HKCFI_2008_574.html.txt,2008_HKCFI_574_2008_4_HKLRD_604.json,True,39237,23171,7081,30252,
HKCFI_2008_59.html.txt,2008_HKCFI_59_2008_4_HKLRD_649.json,True,41068,18675,5690,24365,
HKCFI_2008_578.html.txt,2008_HKCFI_578.json,True,59864,20927,9466,30393,
HKCFI_2008_603.html.txt,2008_HKCFI_603.json,True,45132,15195,5451,20646,
HKCFI_2008_63.html.txt,2008_HKCFI_63.json,True,33593,8855,4581,13436,
HKCFI_2008_607.html.txt,2008_HKCFI_607.json,True,35410,15878,8579,24457,
HKCFI_2008_670.html.txt,LI_YIK_WING_v_SECRETARY_FOR_JUSTICE_2008_HKCFI_670.json,True,32230,20045,7605,27650,
HKCFI_2008_652.html.txt,2008_HKCFI_652.json,True,45703,14059,7817,21876,
HKCFI_2008_653.html.txt,2008_HKCFI_653.json,True,47288,13233,8468,21701,
HKCFI_2008_706.html.txt,2008_HKCFI_706.json,True,40280,13592,5513,19105,
HKCFI_2008_724.html.txt,2008_HKCFI_724.json,True,37924,14631,6177,20808,
HKCFI_2008_764.html.txt,2008_HKCFI_764.json,True,12144,5606,1237,6843,
HKCFI_2008_725.html.txt,2008_HKCFI_725.json,True,49386,17173,8538,25711,
HKCFI_2008_752.html.txt,2008_HKCFI_752.json,True,44082,19879,7232,27111,
HKCFI_2008_748.html.txt,2008_HKCFI_748.json,True,64333,18709,11236,29945,
HKCFI_2008_776.html.txt,2008_HKCFI_776.json,True,29255,17328,3856,21184,
HKCFI_2008_772.html.txt,2008_HKCFI_772.json,True,31124,17140,5434,22574,
HKCFI_2008_765.html.txt,2008_HKCFI_765.json,True,39748,12173,5165,17338,
HKCFI_2008_78.html.txt,2008_HKCFI_78.json,True,22543,10012,3398,13410,
HKCFI_2008_859.html.txt,2008_HKCFI_859.json,True,28091,10702,5188,15890,
HKCFI_2008_855.html.txt,2008_HKCFI_855.json,True,44944,16609,9335,25944,
HKCFI_2008_794.html.txt,2008_HKCFI_794.json,True,49564,15901,8900,24801,
HKCFI_2008_918.html.txt,2008_HKCFI_918.json,True,45196,9942,5446,15388,
HKCFI_2008_860.html.txt,2008_HKCFI_860.json,True,69938,22463,13121,35584,
HKCFI_2008_951.html.txt,2008_HKCFI_951.json,True,49611,20650,12018,32668,
HKCFI_2008_975.html.txt,2008_HKCFI_975.json,True,41662,9070,6404,15474,
HKCFI_2008_976.html.txt,2008_HKCFI_976.json,True,43747,14446,8188,22634,
HKCFI_2009_1000.html.txt,2009_HKCFI_1000.json,True,35376,9500,4246,13746,
HKCFI_2008_974.html.txt,2008_HKCFI_974.json,True,76139,21270,11983,33253,
HKCFI_2009_1053.html.txt,2009_HKCFI_1053.json,True,28519,14821,3100,17921,
HKCFI_2009_1169.html.txt,2009_HKCFI_1169.json,True,31322,15540,5529,21069,
HKCFI_2009_1159.html.txt,2009_HKCFI_1159.json,True,39935,21019,9265,30284,
HKCFI_2009_125.html.txt,2009_HKCFI_125.json,True,35549,14891,6092,20983,
HKCFI_2009_17.html.txt,2009_HKCFI_17.json,True,62554,18689,8574,27263,
HKCFI_2009_181.html.txt,2009_HKCFI_181.json,True,50740,17940,6462,24402,
HKCFI_2009_182.html.txt,2009_HKCFI_182.json,True,44686,18788,7531,26319,
HKCFI_2009_2062.html.txt,2009_HKCFI_2062_2009_3_HKLRD_44_2009_2_HKC_452_HCAL_11_2007_2009-03-03.json,True,22852,22624,2339,24963,
HKCFI_2009_367.html.txt,2009_HKCFI_367.json,True,44805,17247,6543,23790,
HKCFI_2009_189.html.txt,2009_HKCFI_189.json,True,54046,18819,10013,28832,
HKCFI_2009_368.html.txt,2009_HKCFI_368.json,True,48979,13344,9435,22779,
HKCFI_2009_379.html.txt,2009_HKCFI_379.json,True,55952,16316,8848,25164,
HKCFI_2009_402.html.txt,2009_HKCFI_402.json,True,56971,26732,6784,33516,
HKCFI_2009_403.html.txt,2009_HKCFI_403.json,True,32074,14205,7195,21400,
HKCFI_2008_394.html.txt,2008_HKCFI_394.json,True,858964,8068,4695,12763,
HKCFI_2009_440.html.txt,2009_HKCFI_440.json,True,21695,8034,2798,10832,
HKCFI_2009_478.html.txt,2009_HKCFI_478.json,True,39228,14977,5024,20001,
HKCFI_2009_483.html.txt,2009_HKCFI_483.json,True,32466,24293,8223,32516,
HKCFI_2009_434.html.txt,2009_HKCFI_434.json,True,49856,23607,10595,34202,
HKCFI_2009_499.html.txt,2009_HKCFI_499.json,True,33818,10249,4350,14599,
HKCFI_2009_510.html.txt,2009_HKCFI_510.json,True,29364,9132,4454,13586,
HKCFI_2009_621.html.txt,2009_HKCFI_621.json,True,34435,16465,6304,22769,
HKCFI_2009_563.html.txt,2009_HKCFI_563.json,True,41624,11750,6480,18230,
HKCFI_2009_646.html.txt,2009_HKCFI_646.json,True,32619,14527,6984,21511,
HKCFI_2009_705.html.txt,2009_HKCFI_705.json,True,33278,11327,4630,15957,
HKCFI_2009_745.html.txt,2009_HKCFI_745.json,True,22494,15314,4757,20071,
HKCFI_2009_821.html.txt,2009_HKCFI_821.json,True,42109,8777,5218,13995,
HKCFI_2009_837.html.txt,2009_HKCFI_837.json,True,47275,24687,11895,36582,
HKCFI_2009_85.html.txt,2009_HKCFI_85.json,True,36837,22522,6501,29023,
HKCFI_2009_841.html.txt,2009_HKCFI_841.json,True,44703,22736,15019,37755,
HKCFI_2009_880.html.txt,2009_HKCFI_880.json,True,54750,7966,6315,14281,"Stage 2 ICD-11 classification failed: LLM call failed at node 'root': Error code: 400 - {'error': {'message': ""The response was filtered due to the prompt triggering Azure OpenAI's content management policy. Please modify your prompt and retry. To learn more about our content filtering policies please read our documentation: https://go.microsoft.com/fwlink/?linkid=2198766"", 'type': None, 'param': 'prompt', 'code': 'content_filter', 'status': 400, 'innererror': {'code': 'ResponsibleAIPolicyViolation', 'content_filter_result': {'hate': {'filtered': False, 'severity': 'safe'}, 'jailbreak': {'detected': False, 'filtered': False}, 'self_harm': {'filtered': False, 'severity': 'safe'}, 'sexual': {'filtered': False, 'severity': 'safe'}, 'violence': {'filtered': True, 'severity': 'high'}}}}}"
HKCFI_2009_945.html.txt,2009_HKCFI_945.json,True,30411,14506,4332,18838,
HKCFI_2009_931.html.txt,2009_HKCFI_931.json,True,37430,21669,7769,29438,
HKCFI_2009_999.html.txt,2009_HKCFI_999.json,True,42227,13911,7582,21493,
HKCFI_2010_1034.html.txt,2010_HKCFI_1034.json,True,25772,13491,5115,18606,
HKCFI_2010_224.html.txt,2010_HKCFI_224.json,True,15966,8731,1829,10560,
HKCFI_2010_123.html.txt,2010_HKCFI_123.json,True,44043,14271,7843,22114,
HKCFI_2010_18.html.txt,2010_HKCFI_18.json,True,45630,13945,8399,22344,
HKCFI_2010_213.html.txt,2010_HKCFI_213.json,True,33042,18817,7133,25950,
HKCFI_2008_912.html.txt,2008_HKCFI_912.json,True,723786,18406,8017,26423,
HKCFI_2010_249.html.txt,2010_HKCFI_249.json,True,36787,10198,5688,15886,
HKCFI_2010_244.html.txt,2010_HKCFI_244.json,True,53909,15288,7884,23172,
HKCFI_2010_322.html.txt,2010_HKCFI_322.json,True,26990,11029,4929,15958,
HKCFI_2010_271.html.txt,2010_HKCFI_271.json,True,49171,20189,11493,31682,
HKCFI_2010_32.html.txt,2010_HKCFI_32.json,True,46348,12665,5976,18641,
HKCFI_2010_264.html.txt,2010_HKCFI_264.json,True,67832,27529,13769,41298,
HKCFI_2010_329.html.txt,2010_HKCFI_329.json,True,38162,16702,6212,22914,
HKCFI_2010_389.html.txt,2010_HKCFI_389.json,True,13899,8632,1495,10127,
HKCFI_2010_388.html.txt,2010_HKCFI_388_2010_2_HKLRD_1108.json,True,34306,20573,8249,28822,
HKCFI_2010_414.html.txt,2010_HKCFI_414.json,True,31833,12779,4150,16929,
HKCFI_2010_397.html.txt,2010_HKCFI_397.json,True,37527,14509,6614,21123,
HKCFI_2010_331.html.txt,2010_HKCFI_331.json,True,55020,31179,9606,40785,
HKCFI_2010_330.html.txt,2010_HKCFI_330.json,True,66200,46440,14031,60471,
HKCFI_2010_44.html.txt,2010_HKCFI_44.json,True,44102,30698,7288,37986,
HKCFI_2010_478.html.txt,2010_HKCFI_478.json,True,35260,12403,5450,17853,
HKCFI_2010_514.html.txt,2010_HKCFI_514.json,True,21588,13744,2924,16668,
HKCFI_2010_491.html.txt,2010_HKCFI_491.json,True,37025,17001,6194,23195,
HKCFI_2010_448.html.txt,2010_HKCFI_448.json,True,49242,11466,7011,18477,
HKCFI_2010_54.html.txt,2010_HKCFI_54.json,True,27934,10601,4255,14856,
HKCFI_2010_773.html.txt,2010_HKCFI_773.json,True,24452,10618,3863,14481,
HKCFI_2010_584.html.txt,2010_HKCFI_584.json,True,40679,12892,6620,19512,
HKCFI_2010_712.html.txt,2010_HKCFI_712.json,True,39520,13487,6228,19715,
HKCFI_2010_548.html.txt,2010_HKCFI_548.json,True,56488,22266,8581,30847,
HKCFI_2010_783.html.txt,2010_HKCFI_783.json,True,43932,20443,8606,29049,
HKCFI_2010_856.html.txt,2010_HKCFI_856.json,True,41367,14836,8918,23754,
HKCFI_2010_961.html.txt,2010_HKCFI_961.json,True,29604,17347,3900,21247,
HKCFI_2010_908.html.txt,2010_HKCFI_908.json,True,55862,16459,6696,23155,
HKCFI_2010_904.html.txt,2010_HKCFI_904_2010_5_HKLRD_599_2011_1_HKC_463_HCPI_144_2009.json,True,62220,21107,8168,29275,
HKCFI_2010_988.html.txt,2010_HKCFI_988.json,True,39983,18557,5627,24184,
HKCFI_2010_987.html.txt,2010_HKCFI_987.json,True,51921,15763,6081,21844,
HKCFI_2010_991.html.txt,2010_HKCFI_991.json,True,35628,15249,8277,23526,
HKCFI_2011_1211.html.txt,2011_HKCFI_1211.json,True,35431,15729,3942,19671,
HKCFI_2011_1255.html.txt,2011_HKCFI_1255.json,True,42708,25708,7876,33584,
HKCFI_2011_1275.html.txt,2011_HKCFI_1275.json,True,35514,11786,5443,17229,
HKCFI_2011_157.html.txt,2011_HKCFI_157.json,True,34044,10834,4242,15076,
HKCFI_2011_144.html.txt,2011_HKCFI_144.json,True,52172,25853,10102,35955,
HKCFI_2011_1508.html.txt,2011_HKCFI_1508.json,True,40817,37298,11055,48353,
HKCFI_2011_1591.html.txt,2011_HKCFI_1591.json,True,34051,14460,8160,22620,
HKCFI_2011_250.html.txt,2011_HKCFI_250.json,True,29462,17806,3786,21592,
HKCFI_2011_206.html.txt,2011_HKCFI_206.json,True,38318,27708,7009,34717,
HKCFI_2011_1637.html.txt,2011_HKCFI_1637.json,True,58430,15379,7737,23116,
HKCFI_2011_214.html.txt,2011_HKCFI_214.json,True,38133,11195,5794,16989,
HKCFI_2011_274.html.txt,2011_HKCFI_274.json,True,36637,12993,5328,18321,
HKCFI_2011_361.html.txt,2011_HKCFI_361.json,True,38208,13806,5724,19530,
HKCFI_2011_295.html.txt,2011_HKCFI_295.json,True,45918,28266,8007,36273,
HKCFI_2011_362.html.txt,2011_HKCFI_362.json,True,39236,14082,6685,20767,
HKCFI_2011_379.html.txt,2011_HKCFI_379.json,True,43166,9613,5719,15332,
HKCFI_2011_367.html.txt,2011_HKCFI_367.json,True,55989,18348,7490,25838,
HKCFI_2011_416.html.txt,2011_HKCFI_416.json,True,26766,15417,3186,18603,
HKCFI_2011_484.html.txt,2011_HKCFI_484.json,True,18078,11355,2192,13547,
HKCFI_2011_417.html.txt,2011_HKCFI_417.json,True,46021,21846,8832,30678,
HKCFI_2011_550.html.txt,2011_HKCFI_550.json,True,19698,8733,2391,11124,
HKCFI_2011_476.html.txt,2011_HKCFI_476_2011_4_HKLRD_395.json,True,48514,27477,9337,36814,
HKCFI_2011_513.html.txt,2011_HKCFI_513.json,True,47799,14897,7166,22063,
HKCFI_2011_500.html.txt,2011_HKCFI_500.json,True,51495,21776,7356,29132,
HKCFI_2011_628.html.txt,2011_HKCFI_628.json,True,29851,10619,5202,15821,
HKCFI_2011_630.html.txt,2011_HKCFI_630.json,True,49401,31610,12236,43846,
HKCFI_2011_650.html.txt,2011_HKCFI_650.json,True,50192,27086,9878,36964,
HKCFI_2012_1004.html.txt,2012_HKCFI_1004.json,True,47042,19768,6857,26625,
HKCFI_2012_1072.html.txt,2012_HKCFI_1072.json,True,52294,37931,9468,47399,
HKCFI_2012_1353.html.txt,2012_HKCFI_1353.json,True,57833,23421,10976,34397,
HKCFI_2012_1354.html.txt,2012_HKCFI_1354.json,True,43413,12228,6918,19146,
HKCFI_2012_1398.html.txt,,False,49025,0,0,0,Could not parse response content as the request was rejected by the content filter
HKCFI_2012_1735.html.txt,2012_HKCFI_1735.json,True,23255,9520,3550,13070,
HKCFI_2012_1355.html.txt,2012_HKCFI_1355.json,True,58094,23771,10323,34094,
HKCFI_2012_1692.html.txt,2012_HKCFI_1692.json,True,34982,12857,4762,17619,
HKCFI_2012_1679.html.txt,2012_HKCFI_1679.json,True,49370,18648,8616,27264,
HKCFI_2012_1997.html.txt,2012_HKCFI_1997.json,True,24579,9686,4228,13914,
HKCFI_2012_1948.html.txt,2012_HKCFI_1948.json,True,32625,16323,5309,21632,
HKCFI_2012_1829.html.txt,2012_HKCFI_1829.json,True,44419,21270,8074,29344,
HKCFI_2012_515.html.txt,2012_HKCFI_515_2012_2_HKC_249.json,True,10395,12483,1200,13683,
HKCFI_2012_1998.html.txt,2012_HKCFI_1998.json,True,45822,23569,6272,29841,
HKCFI_2012_216.html.txt,2012_HKCFI_216.json,True,34802,18445,5220,23665,
HKCFI_2012_4.html.txt,2012_HKCFI_4.json,True,31337,26546,4640,31186,
HKCFI_2012_506.html.txt,2012_HKCFI_506.json,True,47548,21925,7616,29541,
HKCFI_2012_73.html.txt,2012_HKCFI_73.json,True,38549,20205,5678,25883,
HKCFI_2012_684.html.txt,2012_HKCFI_684.json,True,42575,18879,7772,26651,
HKCFI_2013_1097.html.txt,2013_HKCFI_1097.json,True,15930,8246,1835,10081,
HKCFI_2012_948.html.txt,2012_HKCFI_948.json,True,64535,13660,9145,22805,
HKCFI_2013_1082.html.txt,2013_HKCFI_1082.json,True,55548,11227,8662,19889,
HKCFI_2013_1223.html.txt,2013_HKCFI_1223.json,True,31622,14876,5560,20436,
HKCFI_2013_1679.html.txt,2013_HKCFI_1679.json,True,35806,20221,5225,25446,
HKCFI_2013_1650.html.txt,2013_HKCFI_1650.json,True,50501,14054,10024,24078,
HKCFI_2013_1815.html.txt,2013_HKCFI_1815.json,True,29862,21018,6327,27345,
HKCFI_2013_168.html.txt,2013_HKCFI_168.json,True,58008,16011,11588,27599,
HKCFI_2013_1908.html.txt,2013_HKCFI_1908.json,True,37625,29639,7295,36934,
HKCFI_2013_20.html.txt,2013_HKCFI_20.json,True,22732,17552,4332,21884,
HKCFI_2013_1949.html.txt,2013_HKCFI_1949.json,True,43674,18107,7381,25488,
HKCFI_2013_1834.html.txt,2013_HKCFI_1834.json,True,48326,27189,14815,42004,
HKCFI_2013_2053.html.txt,2013_HKCFI_2053.json,True,39483,24489,6701,31190,
HKCFI_2013_2173.html.txt,2013_HKCFI_2173.json,True,31157,15619,5201,20820,
HKCFI_2013_2281.html.txt,2013_HKCFI_2281.json,True,33191,11844,6412,18256,
HKCFI_2013_2134.html.txt,2013_HKCFI_2134.json,True,41473,14813,7677,22490,
HKCFI_2013_26.html.txt,2013_HKCFI_26.json,True,33013,25780,6088,31868,
HKCFI_2013_246.html.txt,2013_HKCFI_246.json,True,66181,20862,10465,31327,
HKCFI_2013_372.html.txt,2013_HKCFI_372.json,True,34516,8592,5590,14182,
HKCFI_2013_392.html.txt,2013_HKCFI_392.json,True,55574,23453,9118,32571,
HKCFI_2013_463.html.txt,2013_HKCFI_463.json,True,46822,20636,11421,32057,
HKCFI_2013_516.html.txt,2013_HKCFI_516.json,True,39847,17439,6910,24349,
HKCFI_2013_606.html.txt,2013_HKCFI_606.json,True,40756,31834,8339,40173,
HKCFI_2013_714.html.txt,2013_HKCFI_714.json,True,37713,16590,8198,24788,
HKCFI_2013_794.html.txt,2013_HKCFI_794.json,True,42922,13098,6248,19346,
HKCFI_2013_841.html.txt,2013_HKCFI_841.json,True,31951,10572,5349,15921,
HKCFI_2013_991.html.txt,2013_HKCFI_991.json,True,29795,8071,4593,12664,
HKCFI_2014_1114.html.txt,2014_HKCFI_1114.json,True,35914,10299,5160,15459,
HKCFI_2013_958.html.txt,2013_HKCFI_958.json,True,48157,11163,9094,20257,
HKCFI_2014_1121.html.txt,2014_HKCFI_1121.json,True,32868,15974,5121,21095,
HKCFI_2014_1234.html.txt,2014_HKCFI_1234.json,True,34956,13875,4815,18690,
HKCFI_2014_1138.html.txt,2014_HKCFI_1138.json,True,55859,25758,8846,34604,
HKCFI_2014_1187.html.txt,2014_HKCFI_1187.json,True,42356,12468,6326,18794,
HKCFI_2014_1277.html.txt,2014_HKCFI_1277.json,True,43501,15580,8682,24262,
HKCFI_2014_1431.html.txt,2014_HKCFI_1431.json,True,30465,32168,5142,37310,
HKCFI_2014_1278.html.txt,2014_HKCFI_1278.json,True,32117,16269,8237,24506,
HKCFI_2014_1516.html.txt,2014_HKCFI_1516.json,True,24409,7233,2916,10149,
HKCFI_2014_1421.html.txt,2014_HKCFI_1421.json,True,57785,19923,8792,28715,
HKCFI_2014_1523.html.txt,2014_HKCFI_1523.json,True,25707,9328,3611,12939,
HKCFI_2014_1463.html.txt,2014_HKCFI_1463.json,True,34439,12072,6235,18307,
HKCFI_2014_1720.html.txt,2014_HKCFI_1720.json,True,19186,6221,1997,8218,
HKCFI_2014_180.html.txt,2014_HKCFI_180_HCPI_100_2009.json,True,22890,9314,2916,12230,
HKCFI_2014_1877.html.txt,2014_HKCFI_1877.json,True,34953,10772,3871,14643,
HKCFI_2014_1886.html.txt,2014_HKCFI_1886.json,True,31436,15703,5671,21374,
HKCFI_2014_1907.html.txt,LI_TAT_CHUEN_v_YIP_WING_CHUEN_JACKY_AND_OTHERS_2014_HKCFI_1907.json,True,33053,16573,6520,23093,
HKCFI_2014_1949.html.txt,2014_HKCFI_1949.json,True,16142,6565,1689,8254,
HKCFI_2014_1910.html.txt,2014_HKCFI_1910.json,True,36225,13569,5060,18629,
HKCFI_2014_2010.html.txt,2014_HKCFI_2010_2016_1_HKC_491_HCPI_254_2011_7_November_2014.json,True,24362,11047,2453,13500,
HKCFI_2014_1986.html.txt,2014_HKCFI_1986.json,True,26856,8550,3809,12359,
HKCFI_2014_2156.html.txt,2014_HKCFI_2156.json,True,15475,12277,1692,13969,
HKCFI_2014_2052.html.txt,2014_HKCFI_2052.json,True,39631,18393,5686,24079,
HKCFI_2014_695.html.txt,2014_HKCFI_695_2014_3_HKLRD_21_2014_3_HKC_114_HCPI_301_2012_16_April_2014.json,True,33793,21515,4622,26137,
HKCFI_2014_696.html.txt,2014_HKCFI_696.json,True,26725,21108,3353,24461,
HKCFI_2014_986.html.txt,2014_HKCFI_986_2014_6_HKC_361_HCPI_18_2012_30_May_2014.json,True,17825,21124,2135,23259,
HKCFI_2014_697.html.txt,2014_HKCFI_697.json,True,17046,21064,2462,23526,
HKCFI_2014_794.html.txt,2014_HKCFI_794.json,True,41314,12849,5462,18311,
HKCFI_2015_1102.html.txt,2015_HKCFI_1102.json,True,25532,17412,4320,21732,
HKCFI_2015_1144.html.txt,2015_HKCFI_1144.json,True,37109,28567,7328,35895,
HKCFI_2015_1238.html.txt,2015_HKCFI_1238.json,True,32138,21863,6002,27865,
HKCFI_2015_1254.html.txt,2015_HKCFI_1254.json,True,33829,15854,4843,20697,
HKCFI_2015_1338.html.txt,2015_HKCFI_1338.json,True,47022,25626,8654,34280,
HKCFI_2015_1492.html.txt,2015_HKCFI_1492.json,True,32083,11433,4845,16278,
HKCFI_2015_1421.html.txt,2015_HKCFI_1421.json,True,47966,20822,9231,30053,
HKCFI_2015_1513.html.txt,2015_HKCFI_1513.json,True,31898,22232,8452,30684,
HKCFI_2015_1517.html.txt,2015_HKCFI_1517.json,True,44459,23300,7258,30558,
HKCFI_2015_1599.html.txt,2015_HKCFI_1599.json,True,50690,17780,8118,25898,
HKCFI_2015_1648.html.txt,2015_HKCFI_1648.json,True,41304,16047,8921,24968,
HKCFI_2015_1894.html.txt,2015_HKCFI_1894.json,True,36721,11629,7750,19379,
HKCFI_2015_1699.html.txt,2015_HKCFI_1699.json,True,48769,18939,10455,29394,
HKCFI_2015_326.html.txt,2015_HKCFI_326_2015_2_HKLRD_402.json,True,22570,12088,3064,15152,
HKCFI_2015_255.html.txt,2015_HKCFI_255.json,True,36498,15446,6199,21645,
HKCFI_2015_834.html.txt,2015_HKCFI_834.json,True,26745,9454,3465,12919,
HKCFI_2015_693.html.txt,2015_HKCFI_693.json,True,46261,13099,7501,20600,
HKCFI_2015_848.html.txt,2015_HKCFI_848_2015_3_HKLRD_271_2015_3_HKC_443_HCPI_917_2014_22_May_2015.json,True,39705,14078,5963,20041,
HKCFI_2015_942.html.txt,2015_HKCFI_942.json,True,37576,9195,5951,15146,
HKCFI_2015_953.html.txt,2015_HKCFI_953.json,True,41224,36039,8618,44657,
HKCFI_2016_1109.html.txt,2016_HKCFI_1109_HCPI_239_2014_4_July_2016.json,True,30186,12429,3368,15797,
HKCFI_2016_1008.html.txt,2016_HKCFI_1008.json,True,38994,20727,10093,30820,
HKCFI_2016_1322.html.txt,2016_HKCFI_1322.json,True,46585,12591,6652,19243,
HKCFI_2016_1421.html.txt,2016_HKCFI_1421.json,True,34054,9975,4582,14557,
HKCFI_2016_1337.html.txt,2016_HKCFI_1337.json,True,42713,28425,7092,35517,
HKCFI_2016_1444.html.txt,2016_HKCFI_1444.json,True,38618,11944,7416,19360,
HKCFI_2016_1709.html.txt,2016_HKCFI_1709.json,True,34134,39193,7568,46761,
HKCFI_2016_1642.html.txt,2016_HKCFI_1642.json,True,46268,14154,7760,21914,
HKCFI_2014_1247.html.txt,2014_HKCFI_1247.json,True,765260,16232,5185,21417,
HKCFI_2016_1788.html.txt,2016_HKCFI_1788.json,True,48251,12146,7247,19393,
HKCFI_2016_1868.html.txt,2016_HKCFI_1868.json,True,47754,20725,6427,27152,
HKCFI_2016_1925.html.txt,2016_HKCFI_1925.json,True,48591,18853,8455,27308,
HKCFI_2016_196.html.txt,2016_HKCFI_196.json,True,28632,13337,3903,17240,
HKCFI_2016_1929.html.txt,2016_HKCFI_1929.json,True,48758,18643,7489,26132,
HKCFI_2016_197.html.txt,2016_HKCFI_197.json,True,34113,11545,5118,16663,
HKCFI_2016_311.html.txt,2016_HKCFI_311.json,True,29126,39743,5948,45691,
HKCFI_2016_452.html.txt,2016_HKCFI_452.json,True,37763,29753,5650,35403,
HKCFI_2016_490.html.txt,2016_HKCFI_490.json,True,39582,19566,7225,26791,
HKCFI_2016_603.html.txt,2016_HKCFI_603.json,True,28007,35717,3508,39225,
HKCFI_2016_616.html.txt,2016_HKCFI_616_HCPI_14_2013.json,True,27483,6460,3088,9548,
HKCFI_2016_720.html.txt,2016_HKCFI_720.json,True,35163,11044,3588,14632,
HKCFI_2016_601.html.txt,2016_HKCFI_601.json,True,82940,24692,11167,35859,
HKCFI_2016_619.html.txt,2016_HKCFI_619.json,True,57280,18877,9012,27889,
HKCFI_2016_919.html.txt,2016_HKCFI_919.json,True,54249,24231,9091,33322,
HKCFI_2017_101.html.txt,2017_HKCFI_101.json,True,59804,24798,6008,30806,
HKCFI_2017_1049.html.txt,2017_HKCFI_1049.json,True,50597,13491,6800,20291,
HKCFI_2017_1130.html.txt,2017_HKCFI_1130.json,True,41123,14823,5947,20770,
HKCFI_2017_1131.html.txt,2017_HKCFI_1131.json,True,45865,18344,5568,23912,
HKCFI_2017_1139.html.txt,2017_HKCFI_1139.json,True,38567,19823,6252,26075,
HKCFI_2017_1200.html.txt,2017_HKCFI_1200.json,True,42405,22432,4585,27017,
HKCFI_2017_1211.html.txt,2017_HKCFI_1211.json,True,36410,23048,5880,28928,
HKCFI_2017_1296.html.txt,2017_HKCFI_1296.json,True,22896,12083,1912,13995,
HKCFI_2017_1170.html.txt,2017_HKCFI_1170.json,True,69797,15562,8159,23721,
HKCFI_2017_1338.html.txt,2017_HKCFI_1338.json,True,38705,9692,4070,13762,
HKCFI_2017_1336.html.txt,2017_HKCFI_1336.json,True,46159,18849,8190,27039,
HKCFI_2017_1353.html.txt,2017_HKCFI_1353.json,True,43374,13660,6131,19791,
HKCFI_2017_1692.html.txt,2017_HKCFI_1692.json,True,10087,7685,1175,8860,
HKCFI_2017_1405.html.txt,2017_HKCFI_1405.json,True,38373,11347,4687,16034,
HKCFI_2017_1477.html.txt,2017_HKCFI_1477.json,True,47936,18779,6227,25006,
HKCFI_2017_1491.html.txt,2017_HKCFI_1491.json,True,40531,16408,6829,23237,
HKCFI_2017_1808.html.txt,2017_HKCFI_1808.json,True,38807,12316,5591,17907,
HKCFI_2017_1944.html.txt,2017_HKCFI_1944.json,True,21620,18479,2661,21140,
HKCFI_2017_1693.html.txt,2017_HKCFI_1693.json,True,46807,15851,8615,24466,
HKCFI_2017_1816.html.txt,2017_HKCFI_1816.json,True,25232,12485,3929,16414,
HKCFI_2017_2319.html.txt,2017_HKCFI_2319.json,True,24366,9199,3160,12359,
HKCFI_2017_251.html.txt,2017_HKCFI_251.json,True,40313,13183,6552,19735,
HKCFI_2017_314.html.txt,2017_HKCFI_314.json,True,42654,10018,5585,15603,
HKCFI_2017_781.html.txt,2017_HKCFI_781.json,True,37873,35541,7921,43462,
HKCFI_2017_756.html.txt,2017_HKCFI_756.json,True,55629,23735,11352,35087,
HKCFI_2018_1024.html.txt,2018_HKCFI_1024.json,True,22524,36904,2914,39818,
HKCFI_2018_1084.html.txt,2018_HKCFI_1084.json,True,36646,10494,4112,14606,
HKCFI_2018_1107.html.txt,2018_HKCFI_1107.json,True,31620,12443,5882,18325,
HKCFI_2018_1086.html.txt,2018_HKCFI_1086.json,True,54287,14021,8069,22090,
HKCFI_2017_936.html.txt,2017_HKCFI_936.json,True,71392,21434,11699,33133,
HKCFI_2018_1284.html.txt,2018_HKCFI_1284.json,True,32500,10356,4532,14888,
HKCFI_2018_1446.html.txt,2018_HKCFI_1446.json,True,32268,14447,4113,18560,
HKCFI_2018_1463.html.txt,2018_HKCFI_1463.json,True,34591,19023,6477,25500,
HKCFI_2018_1663.html.txt,2018_HKCFI_1663.json,True,31689,27438,4882,32320,
HKCFI_2018_149.html.txt,2018_HKCFI_149.json,True,33812,14720,5530,20250,
HKCFI_2018_1685.html.txt,2018_HKCFI_1685.json,True,38910,27964,6299,34263,
HKCFI_2018_2461.html.txt,2018_HKCFI_2461.json,True,37221,15490,6273,21763,
HKCFI_2018_1912.html.txt,2018_HKCFI_1912.json,True,42471,12533,5769,18302,
HKCFI_2018_2174.html.txt,2018_HKCFI_2174.json,True,63534,34072,9894,43966,
HKCFI_2018_356.html.txt,2018_HKCFI_356.json,True,29825,13880,4137,18017,
HKCFI_2018_2723.html.txt,2018_HKCFI_2723.json,True,65968,15072,7335,22407,
HKCFI_2018_327.html.txt,2018_HKCFI_327.json,True,39049,17876,7558,25434,
HKCFI_2018_956.html.txt,2018_HKCFI_956.json,True,27851,15683,4358,20041,
HKCFI_2018_870.html.txt,2018_HKCFI_870.json,True,47048,31962,4578,36540,
HKCFI_2018_569.html.txt,2018_HKCFI_569.json,True,45682,12697,7850,20547,
HKCFI_2018_737.html.txt,2018_HKCFI_737.json,True,49796,36727,9316,46043,
HKDC_1979_25.html.txt,1979_HKDC_25.json,True,29687,8869,4292,13161,
HKDC_1999_2.html.txt,1999_HKDC_2.json,True,31093,12988,3953,16941,
HKDC_2001_127.html.txt,2001_HKDC_127.json,True,30016,10392,3021,13413,
HKDC_2001_52.html.txt,SIT_KA_YEE_v_LAI_WAI_HO_2001_HKDC_52.json,True,13326,6755,1563,8318,
HKDC_1979_6.html.txt,1979_HKDC_6_DCCJ_3117_1978.json,True,43731,14180,7246,21426,
HKDC_2001_88.html.txt,2001_HKDC_88.json,True,36391,10697,4734,15431,
HKDC_2002_11.html.txt,2002_HKDC_11.json,True,33225,10894,5731,16625,
HKDC_2002_104.html.txt,2002_HKDC_104.json,True,31009,8423,5048,13471,
HKDC_2002_113.html.txt,2002_HKDC_113.json,True,39559,10155,5289,15444,
HKDC_2002_134.html.txt,2002_HKDC_134.json,True,21086,11843,2417,14260,
HKDC_2002_130.html.txt,2002_HKDC_130.json,True,38742,9415,6188,15603,
HKDC_2002_193.html.txt,2002_HKDC_193.json,True,46918,12062,5603,17665,
HKDC_2002_204.html.txt,2002_HKDC_204.json,True,40148,9770,6503,16273,
HKDC_2002_34.html.txt,2002_HKDC_34.json,True,38492,9295,3902,13197,
HKDC_2002_87.html.txt,2002_HKDC_87_DCEC_363_2001_2_April_2002.json,True,20544,9391,3408,12799,
HKDC_2003_147.html.txt,2003_HKDC_147.json,True,27169,10821,3669,14490,
HKDC_2003_126.html.txt,2003_HKDC_126.json,True,50708,11109,7099,18208,
HKDC_2003_161.html.txt,2003_HKDC_161_2003_2_HKLRD_195.json,True,38168,14013,5164,19177,
HKDC_2003_107.html.txt,2003_HKDC_107.json,True,57150,13991,5856,19847,
HKDC_2003_191.html.txt,2003_HKDC_191.json,True,38218,10200,5751,15951,
HKDC_2003_56.html.txt,2003_HKDC_56.json,True,29805,15088,3332,18420,
HKDC_2003_64.html.txt,2003_HKDC_64.json,True,41727,14764,4538,19302,
HKDC_2003_82.html.txt,2003_HKDC_82.json,True,49025,11146,6786,17932,
HKDC_2003_87.html.txt,2003_HKDC_87.json,True,44423,9118,5469,14587,
HKDC_2004_115.html.txt,2004_HKDC_115.json,True,55923,12414,7263,19677,
HKDC_2004_131.html.txt,2004_HKDC_131.json,True,36079,11253,6945,18198,
HKDC_2004_145.html.txt,2004_HKDC_145.json,True,40243,13525,6665,20190,
HKDC_2004_163.html.txt,2004_HKDC_163.json,True,39920,15130,6522,21652,
HKDC_2004_82.html.txt,2004_HKDC_82.json,True,31105,16876,7809,24685,
HKDC_2004_169.html.txt,2004_HKDC_169.json,True,41932,14770,5733,20503,
HKDC_2004_167.html.txt,2004_HKDC_167.json,True,64560,19044,7721,26765,
HKDC_2004_83.html.txt,2004_HKDC_83.json,True,34387,11276,5981,17257,
HKDC_2004_84.html.txt,2004_HKDC_84.json,True,24552,11909,3792,15701,
HKDC_2005_101.html.txt,2005_HKDC_101.json,True,23816,7978,3509,11487,
HKDC_2004_85.html.txt,2004_HKDC_85.json,True,53432,19847,6263,26110,
HKDC_2005_190.html.txt,2005_HKDC_190.json,True,40900,11887,7663,19550,
HKDC_2005_202.html.txt,2005_HKDC_202.json,True,34194,8689,5774,14463,
HKDC_2005_277.html.txt,2005_HKDC_277.json,True,37670,11161,4814,15975,
HKDC_2005_262.html.txt,SZETO_MING_v_LO_MAN_KAM_2005_HKDC_262.json,True,50977,11677,10233,21910,
HKDC_2005_279.html.txt,2005_HKDC_279.json,True,38592,8557,4660,13217,
HKDC_2005_286.html.txt,2005_HKDC_286.json,True,53481,21457,10119,31576,
HKDC_2005_49.html.txt,2005_HKDC_49.json,True,35495,8122,4881,13003,
HKDC_2005_6.html.txt,2005_HKDC_6.json,True,31825,7532,4002,11534,
HKDC_2005_52.html.txt,2005_HKDC_52.json,True,52193,26088,7074,33162,
HKDC_2005_438.html.txt,2005_HKDC_438.json,True,79645,17692,11561,29253,
HKDC_2005_67.html.txt,2005_HKDC_67.json,True,38690,12372,6499,18871,
HKDC_2005_8.html.txt,AHMED_MASOOD_v_CHUNG_KAU_ENGINEERING_CO_LTD_2005_HKDC_8.json,True,25055,22365,3908,26273,
HKDC_2005_71.html.txt,2005_HKDC_71.json,True,31708,12521,5876,18397,
HKDC_2006_113.html.txt,2006_HKDC_113.json,True,23694,8741,3074,11815,
HKDC_2005_94.html.txt,2005_HKDC_94.json,True,36465,8231,4001,12232,
HKDC_2006_123.html.txt,2006_HKDC_123.json,True,39347,18097,5312,23409,
HKDC_2006_129.html.txt,2006_HKDC_129.json,True,30788,8485,4584,13069,
HKDC_2006_146.html.txt,2006_HKDC_146.json,True,33641,9847,4399,14246,
HKDC_2006_119.html.txt,2006_HKDC_119_2006_2_HKLRD_698.json,True,52564,18000,8773,26773,
HKDC_2006_194.html.txt,2006_HKDC_194.json,True,30365,12287,8059,20346,
HKDC_2006_176.html.txt,2006_HKDC_176.json,True,38461,14426,6006,20432,
HKDC_2006_196.html.txt,2006_HKDC_196.json,True,47249,10881,6038,16919,
HKDC_2006_149.html.txt,2006_HKDC_149.json,True,63930,19538,9783,29321,
HKDC_2006_204.html.txt,2006_HKDC_204.json,True,38356,8976,4433,13409,
HKDC_2006_207.html.txt,2006_HKDC_207.json,True,36641,11971,6356,18327,
HKDC_2006_209.html.txt,2006_HKDC_209.json,True,41107,12113,7300,19413,
HKDC_2006_23.html.txt,2006_HKDC_23_2006_2_HKLRD_623.json,True,46154,23690,10658,34348,
HKDC_2006_231.html.txt,2006_HKDC_231.json,True,47377,14616,6567,21183,
HKDC_2006_265.html.txt,2006_HKDC_265.json,True,48576,26719,8834,35553,
HKDC_2006_290.html.txt,2006_HKDC_290.json,True,35781,16136,6027,22163,
HKDC_2006_294.html.txt,2006_HKDC_294.json,True,45475,23925,8097,32022,
HKDC_2006_31.html.txt,2006_HKDC_31.json,True,35174,9595,5529,15124,
HKDC_2006_391.html.txt,2006_HKDC_391.json,True,37817,12167,7579,19746,
HKDC_2006_40.html.txt,2006_HKDC_40.json,True,27619,14150,4258,18408,
HKDC_2006_47.html.txt,2006_HKDC_47.json,True,25898,23788,4561,28349,
HKDC_2006_32.html.txt,2006_HKDC_32.json,True,60641,13782,9742,23524,
HKDC_2007_123.html.txt,2007_HKDC_123.json,True,10159,7007,1171,8178,
HKDC_2007_105.html.txt,2007_HKDC_105.json,True,38806,8107,4235,12342,
HKDC_2007_12.html.txt,2007_HKDC_12.json,True,39353,14441,7958,22399,
HKDC_2007_159.html.txt,2007_HKDC_159.json,True,8979,19616,911,20527,
HKDC_2007_134.html.txt,2007_HKDC_134.json,True,56063,11948,7149,19097,
HKDC_2007_110.html.txt,2007_HKDC_110.json,True,70731,26295,13752,40047,
HKDC_2007_16.html.txt,2007_HKDC_16.json,True,23469,11454,3738,15192,
HKDC_2007_136.html.txt,2007_HKDC_136.json,True,54131,10332,6000,16332,
HKDC_2007_171.html.txt,2007_HKDC_171.json,True,36539,15093,6227,21320,
HKDC_2007_183.html.txt,2007_HKDC_183.json,True,45211,10126,6263,16389,
HKDC_2007_221.html.txt,2007_HKDC_221.json,True,48942,17734,7162,24896,
HKDC_2007_199.html.txt,2007_HKDC_199.json,True,42286,19256,9077,28333,
HKDC_2007_227.html.txt,2007_HKDC_227.json,True,34950,10951,4839,15790,
HKDC_2007_294.html.txt,2007_HKDC_294.json,True,29161,15207,4681,19888,
HKDC_2007_271.html.txt,2007_HKDC_271.json,True,39270,9970,4419,14389,
HKDC_2007_279.html.txt,2007_HKDC_279.json,True,37528,17681,7264,24945,
HKDC_2007_318.html.txt,2007_HKDC_318.json,True,24180,9974,3396,13370,
HKDC_2007_341.html.txt,2007_HKDC_341.json,True,17513,9187,2261,11448,
HKDC_2007_326.html.txt,2007_HKDC_326.json,True,40871,15207,5347,20554,
HKDC_2007_32.html.txt,2007_HKDC_32.json,True,49862,15168,8950,24118,
HKDC_2007_327.html.txt,2007_HKDC_327.json,True,48817,15495,6440,21935,
HKDC_2007_343.html.txt,2007_HKDC_343.json,True,34354,10280,5292,15572,
HKDC_2007_349.html.txt,2007_HKDC_349.json,True,32289,26478,7423,33901,
HKDC_2007_353.html.txt,2007_HKDC_353.json,True,40674,11448,6380,17828,
HKDC_2007_359.html.txt,2007_HKDC_359.json,True,31980,10918,4285,15203,
HKDC_2007_360.html.txt,2007_HKDC_360.json,True,28737,14241,4727,18968,
HKDC_2007_378.html.txt,2007_HKDC_378.json,True,31107,9229,4177,13406,
HKDC_2007_387.html.txt,2007_HKDC_387.json,True,27746,11247,4189,15436,
HKDC_2007_379.html.txt,2007_HKDC_379.json,True,56529,18533,9662,28195,
HKDC_2007_380.html.txt,2007_HKDC_380.json,True,50642,29327,8926,38253,
HKDC_2007_394.html.txt,HKDC_394.json,True,35854,14375,6792,21167,
HKDC_2007_400.html.txt,2007_HKDC_400.json,True,32731,21895,4758,26653,
HKDC_2007_418.html.txt,2007_HKDC_418.json,True,18931,7973,2419,10392,
HKDC_2007_402.html.txt,2007_HKDC_402.json,True,29107,12208,3987,16195,
HKDC_2007_411.html.txt,2007_HKDC_411.json,True,42708,10774,6365,17139,
HKDC_2007_50.html.txt,2007_HKDC_50.json,True,42129,13432,5677,19109,
HKDC_2007_53.html.txt,2007_HKDC_53.json,True,37175,10925,5562,16487,
HKDC_2007_422.html.txt,2007_HKDC_422.json,True,68757,12754,10125,22879,
HKDC_2007_55.html.txt,2007_HKDC_55.json,True,48815,15592,8418,24010,
HKDC_2007_6.html.txt,2007_HKDC_6.json,True,32356,7380,3940,11320,
HKDC_2007_66.html.txt,2007_HKDC_66.json,True,33030,9244,4352,13596,
HKDC_2007_72.html.txt,2007_HKDC_72.json,True,52437,22268,10972,33240,
HKDC_2007_93.html.txt,2007_HKDC_93.json,True,53421,15358,9019,24377,
HKDC_2007_92.html.txt,2007_HKDC_92.json,True,58411,17010,7412,24422,
HKDC_2008_134.html.txt,2008_HKDC_134.json,True,35977,17304,7225,24529,
HKDC_2008_139.html.txt,2008_HKDC_139.json,True,32615,7272,4760,12032,
HKDC_2008_136.html.txt,2008_HKDC_136.json,True,36890,21528,5000,26528,
HKDC_2008_15.html.txt,2008_HKDC_15.json,True,39779,8516,5509,14025,
HKDC_2008_14.html.txt,2008_HKDC_14.json,True,49028,12376,6413,18789,
HKDC_2008_151.html.txt,2008_HKDC_151.json,True,44156,9619,5832,15451,
HKDC_2008_170.html.txt,2008_HKDC_170.json,True,13525,10332,1268,11600,
HKDC_2008_168.html.txt,2008_HKDC_168.json,True,46954,22343,8697,31040,
HKDC_2008_175.html.txt,2008_HKDC_175.json,True,38781,10466,6906,17372,
HKDC_2008_176.html.txt,2008_HKDC_176.json,True,38377,11922,5053,16975,
HKDC_2008_179.html.txt,2008_HKDC_179.json,True,35259,8365,5246,13611,
HKDC_2008_184.html.txt,2008_HKDC_184.json,True,32801,12450,5227,17677,
HKDC_2008_177.html.txt,2008_HKDC_177.json,True,52009,14427,5094,19521,
HKDC_2008_195.html.txt,2008_HKDC_195.json,True,35543,11649,6699,18348,
HKDC_2008_199.html.txt,2008_HKDC_199.json,True,41760,15481,7971,23452,
HKDC_2008_222.html.txt,2008_HKDC_222.json,True,18533,7471,2149,9620,
HKDC_2008_212.html.txt,2008_HKDC_212.json,True,49772,14103,8972,23075,
HKDC_2008_217.html.txt,2008_HKDC_217.json,True,35643,10885,5231,16116,
HKDC_2008_244.html.txt,2008_HKDC_244.json,True,21155,9870,2098,11968,
HKDC_2008_233.html.txt,2008_HKDC_233.json,True,41859,13046,6852,19898,
HKDC_2008_279.html.txt,2008_HKDC_279.json,True,43947,10244,5051,15295,
HKDC_2008_257.html.txt,2008_HKDC_257.json,True,49935,10955,5588,16543,
HKDC_2008_284.html.txt,2008_HKDC_284.json,True,42107,9944,5433,15377,
HKDC_2008_291.html.txt,2008_HKDC_291.json,True,29222,8216,4032,12248,
HKDC_2008_286.html.txt,2008_HKDC_286.json,True,28363,9603,4465,14068,
HKDC_2008_294.html.txt,2008_HKDC_294.json,True,29690,11491,3491,14982,
HKDC_2008_302.html.txt,2008_HKDC_302.json,True,28799,13550,3877,17427,
HKDC_2008_295.html.txt,2008_HKDC_295.json,True,35211,23401,5731,29132,
HKDC_2008_31.html.txt,2008_HKDC_31.json,True,32452,15066,5665,20731,
HKDC_2008_325.html.txt,2008_HKDC_325.json,True,51152,20064,8593,28657,
HKDC_2008_342.html.txt,2008_HKDC_342.json,True,53748,11701,7022,18723,
HKDC_2008_348.html.txt,2008_HKDC_348.json,True,38824,10398,6282,16680,
HKDC_2008_570.html.txt,2008_HKDC_570.json,True,26074,8011,3846,11857,
HKDC_2008_571.html.txt,2008_HKDC_571.json,True,27353,12016,7147,19163,
HKDC_2008_60.html.txt,2008_HKDC_60.json,True,38007,16084,5962,22046,
HKDC_2008_7.html.txt,TSO_CHUN_CHEONG_v_MAK_CHI_MING_T_A_LIK_WANG_INTERNATIONAL_SOFA_CO_2008_HKDC_7_DCPI_766_2007_8_January_2008.json,True,41120,23426,8348,31774,
HKDC_2008_70.html.txt,2008_HKDC_70.json,True,33388,18610,4577,23187,
HKDC_2008_84.html.txt,2008_HKDC_84.json,True,24126,17382,3958,21340,
HKDC_2008_79.html.txt,2008_HKDC_79.json,True,49315,18843,9070,27913,
HKDC_2008_88.html.txt,2008_HKDC_88.json,True,27592,12092,3931,16023,
HKDC_2008_95.html.txt,2008_HKDC_95.json,True,29438,7448,4701,12149,
HKDC_2008_99.html.txt,2008_HKDC_99.json,True,28113,8417,3835,12252,
HKDC_2009_125.html.txt,2009_HKDC_125.json,True,28448,17648,5189,22837,
HKDC_2008_94.html.txt,2008_HKDC_94.json,True,58497,20808,11971,32779,
HKDC_2009_107.html.txt,2009_HKDC_107.json,True,39848,12876,6977,19853,
HKDC_2009_133.html.txt,2009_HKDC_133.json,True,35167,14746,4881,19627,
HKDC_2009_1368.html.txt,2009_HKDC_1368.json,True,22724,14488,4829,19317,
HKDC_2009_136.html.txt,2009_HKDC_136.json,True,35229,10939,5534,16473,
HKDC_2009_137.html.txt,2009_HKDC_137.json,True,47902,10810,9286,20096,
HKDC_2009_153.html.txt,2009_HKDC_153.json,True,56822,35768,9827,45595,
HKDC_2009_154.html.txt,2009_HKDC_154.json,True,43879,35603,7913,43516,
HKDC_2009_155.html.txt,2009_HKDC_155.json,True,38188,33518,7315,40833,
HKDC_2009_171.html.txt,2009_HKDC_171.json,True,30178,12800,4023,16823,
HKDC_2009_1715.html.txt,2009_HKDC_1715.json,True,37540,10412,5867,16279,
HKDC_2009_176.html.txt,2009_HKDC_176.json,True,33942,7557,4395,11952,
HKDC_2009_183.html.txt,2009_HKDC_183.json,True,46163,11261,7753,19014,
HKDC_2009_1832.html.txt,2009_HKDC_1832.json,True,49448,14068,7323,21391,
HKDC_2009_192.html.txt,2009_HKDC_192.json,True,49156,15121,7985,23106,
HKDC_2009_194.html.txt,2009_HKDC_194.json,True,45696,30621,8280,38901,
HKDC_2009_2.html.txt,2009_HKDC_2.json,True,50208,12332,8301,20633,
HKDC_2009_206.html.txt,2009_HKDC_206.json,True,42484,13173,7434,20607,
HKDC_2009_212.html.txt,2009_HKDC_212.json,True,30651,14729,5872,20601,
HKDC_2009_23.html.txt,2009_HKDC_23_2009_2_HKLRD_259_DCPI_229_2007.json,True,48705,13175,6685,19860,
HKDC_2009_245.html.txt,2009_HKDC_245.json,True,22525,7018,2997,10015,
HKDC_2009_247.html.txt,2009_HKDC_247.json,True,45607,13033,5538,18571,
HKDC_2009_250.html.txt,2009_HKDC_250.json,True,11478,6361,1213,7574,
HKDC_2009_248.html.txt,2009_HKDC_248.json,True,57034,12070,6937,19007,
HKDC_2009_26.html.txt,2009_HKDC_26.json,True,32496,9714,4689,14403,
HKDC_2009_251.html.txt,2009_HKDC_251.json,True,47665,12812,6441,19253,
HKDC_2009_262.html.txt,2009_HKDC_262.json,True,36202,8128,4559,12687,
HKDC_2009_263.html.txt,2009_HKDC_263.json,True,32890,17454,6716,24170,
HKDC_2009_271.html.txt,2009_HKDC_271.json,True,30776,14313,4917,19230,
HKDC_2009_273.html.txt,2009_HKDC_273.json,True,29081,11113,4614,15727,
HKDC_2009_274.html.txt,2009_HKDC_274.json,True,31387,14656,4603,19259,
HKDC_2009_277.html.txt,2009_HKDC_277.json,True,40867,15437,6820,22257,
HKDC_2009_278.html.txt,2009_HKDC_278.json,True,61161,10877,6832,17709,
HKDC_2009_289.html.txt,2009_HKDC_289.json,True,35094,10012,4705,14717,
HKDC_2009_291.html.txt,2009_HKDC_291.json,True,44751,15352,5338,20690,
HKDC_2009_317.html.txt,2009_HKDC_317.json,True,38399,14439,5928,20367,
HKDC_2009_38.html.txt,2009_HKDC_38.json,True,45495,11606,6326,17932,
HKDC_2009_42.html.txt,2009_HKDC_42.json,True,45784,16602,5386,21988,
HKDC_2009_5.html.txt,2009_HKDC_5.json,True,30630,14572,5255,19827,
HKDC_2009_52.html.txt,2009_HKDC_52.json,True,44801,13097,6820,19917,
HKDC_2009_61.html.txt,2009_HKDC_61.json,True,41141,7968,4135,12103,
HKDC_2009_70.html.txt,2009_HKDC_70.json,True,42691,11208,4299,15507,
HKDC_2009_89.html.txt,2009_HKDC_89.json,True,47863,8711,5226,13937,
HKDC_2010_10.html.txt,2010_HKDC_10.json,True,41878,12866,5746,18612,
HKDC_2010_1.html.txt,2010_HKDC_1.json,True,68373,18550,12694,31244,
HKDC_2010_113.html.txt,2010_HKDC_113.json,True,37326,14746,5906,20652,
HKDC_2010_115.html.txt,2010_HKDC_115.json,True,60171,16285,10481,26766,
HKDC_2010_139.html.txt,2010_HKDC_139.json,True,40862,9333,5205,14538,
HKDC_2010_148.html.txt,2010_HKDC_148_2010_5_HKC_582.json,True,15335,12595,1696,14291,
HKDC_2010_178.html.txt,2010_HKDC_178.json,True,30375,14469,4942,19411,
HKDC_2010_161.html.txt,2010_HKDC_161.json,True,73470,16319,10805,27124,
HKDC_2010_179.html.txt,2010_HKDC_179.json,True,47585,13756,7748,21504,
HKDC_2010_186.html.txt,2010_HKDC_186.json,True,19946,9678,1852,11530,
HKDC_2010_182.html.txt,2010_HKDC_182.json,True,45840,9422,6079,15501,
HKDC_2010_187.html.txt,2010_HKDC_187.json,True,36096,6249,2695,8944,
HKDC_2010_196.html.txt,2010_HKDC_196.json,True,43768,13487,8081,21568,
HKDC_2010_1970.html.txt,2010_HKDC_1970.json,True,38707,8702,4001,12703,
HKDC_2010_223.html.txt,2010_HKDC_223.json,True,19386,6187,2088,8275,
HKDC_2010_238.html.txt,2010_HKDC_238.json,True,39096,11981,5682,17663,
HKDC_2010_1971.html.txt,2010_HKDC_1971.json,True,69735,16188,8868,25056,
HKDC_2010_256.html.txt,2010_HKDC_256.json,True,53953,11509,7759,19268,
HKDC_2010_264.html.txt,2010_HKDC_264.json,True,65018,18262,11364,29626,
HKDC_2010_28.html.txt,2010_HKDC_28.json,True,35394,15929,5903,21832,
HKDC_2010_295.html.txt,2010_HKDC_295.json,True,42101,14617,7163,21780,
HKDC_2010_30.html.txt,2010_HKDC_30.json,True,48987,12147,9206,21353,
HKDC_2010_302.html.txt,2010_HKDC_302.json,True,46416,10040,4709,14749,
HKDC_2010_309.html.txt,2010_HKDC_309.json,True,48369,13758,7669,21427,
HKDC_2010_37.html.txt,2010_HKDC_37.json,True,56121,11300,5647,16947,
HKDC_2010_42.html.txt,2010_HKDC_42.json,True,34850,12281,6109,18390,
HKDC_2010_47.html.txt,2010_HKDC_47.json,True,40941,10929,6133,17062,
HKDC_2010_475.html.txt,2010_HKDC_475_2010_5_HKLRD_342.json,True,28937,12922,3244,16166,
HKDC_2010_50.html.txt,2010_HKDC_50.json,True,32853,11722,6017,17739,
HKDC_2010_57.html.txt,2010_HKDC_57.json,True,36091,18013,6788,24801,
HKDC_2010_59.html.txt,2010_HKDC_59.json,True,20338,9747,1670,11417,
HKDC_2010_75.html.txt,2010_HKDC_75.json,True,29064,14505,4821,19326,
HKDC_2010_85.html.txt,2010_HKDC_85.json,True,48400,12458,6873,19331,
HKDC_2010_86.html.txt,2010_HKDC_86.json,True,38819,13155,7349,20504,
HKDC_2010_96.html.txt,2010_HKDC_96.json,True,35688,12274,5333,17607,
HKDC_2011_1040.html.txt,2011_HKDC_1040.json,True,47049,12224,7808,20032,
HKDC_2011_1225.html.txt,2011_HKDC_1225.json,True,28356,14382,5067,19449,
HKDC_2011_136.html.txt,2011_HKDC_136.json,True,36366,19529,4472,24001,
HKDC_2011_146.html.txt,2011_HKDC_146.json,True,47417,15608,5822,21430,
HKDC_2011_1462.html.txt,2011_HKDC_1462.json,True,52073,20845,6794,27639,
HKDC_2011_1464.html.txt,2011_HKDC_1464.json,True,37207,10874,4856,15730,
HKDC_2011_1494.html.txt,2011_HKDC_1494.json,True,38153,10431,4103,14534,
HKDC_2011_1562.html.txt,2011_HKDC_1562.json,True,49138,15304,5567,20871,
HKDC_2011_162.html.txt,2011_HKDC_162.json,True,47197,11675,6040,17715,
HKDC_2011_1761.html.txt,2011_HKDC_1761.json,True,49359,9426,5342,14768,
HKDC_2011_2.html.txt,2011_HKDC_2.json,True,39963,17083,7023,24106,
HKDC_2011_21.html.txt,2011_HKDC_21.json,True,53140,13163,7535,20698,
HKDC_2011_32.html.txt,2011_HKDC_32.json,True,57871,15159,7769,22928,
HKDC_2011_34.html.txt,2011_HKDC_34.json,True,41399,10551,4938,15489,
HKDC_2011_36.html.txt,2011_HKDC_36.json,True,25859,10899,3791,14690,
HKDC_2011_48.html.txt,2011_HKDC_48.json,True,48252,15098,7300,22398,
HKDC_2011_65.html.txt,2011_HKDC_65.json,True,34522,12153,5867,18020,
HKDC_2011_671.html.txt,2011_HKDC_671.json,True,35000,8708,5302,14010,
HKDC_2011_68.html.txt,2011_HKDC_68.json,True,27384,10832,4417,15249,
HKDC_2012_1003.html.txt,2012_HKDC_1003.json,True,33600,10393,4105,14498,
HKDC_2012_1.html.txt,2012_HKDC_1.json,True,36625,19293,4829,24122,
HKDC_2012_105.html.txt,2012_HKDC_105.json,True,38877,11772,6629,18401,
HKDC_2012_1608.html.txt,2012_HKDC_1608.json,True,34591,12699,6326,19025,
HKDC_2012_146.html.txt,2012_HKDC_146.json,True,84991,22118,9388,31506,
HKDC_2012_196.html.txt,2012_HKDC_196.json,True,40000,10668,5948,16616,
HKDC_2012_1612.html.txt,2012_HKDC_1612.json,True,53644,14985,7503,22488,
HKDC_2012_304.html.txt,2012_HKDC_304.json,True,24369,12255,3485,15740,
HKDC_2012_396.html.txt,2012_HKDC_396.json,True,25117,10359,2777,13136,
HKDC_2012_20.html.txt,2012_HKDC_20.json,True,67906,14944,8117,23061,
HKDC_2012_59.html.txt,2012_HKDC_59.json,True,36143,16470,4951,21421,
HKDC_2012_670.html.txt,2012_HKDC_670.json,True,40559,11106,5036,16142,
HKDC_2012_718.html.txt,2012_HKDC_718.json,True,53537,11933,6618,18551,
HKDC_2012_868.html.txt,2012_HKDC_868.json,True,55380,17293,11862,29155,
HKDC_2013_1249.html.txt,2013_HKDC_1249.json,True,35183,15175,6424,21599,
HKDC_2013_1250.html.txt,2013_HKDC_1250.json,True,60599,19704,9785,29489,
HKDC_2013_1251.html.txt,2013_HKDC_1251.json,True,68175,25697,14937,40634,
HKDC_2013_1446.html.txt,2013_HKDC_1446.json,True,16419,7448,1684,9132,
HKDC_2013_1392.html.txt,2013_HKDC_1392.json,True,54336,17695,10943,28638,
HKDC_2013_1463.html.txt,2013_HKDC_1463.json,True,45624,13740,7718,21458,
HKDC_2013_1718.html.txt,2013_HKDC_1718.json,True,44194,19399,6917,26316,
HKDC_2013_228.html.txt,2013_HKDC_228.json,True,34072,9984,4406,14390,
HKDC_2013_229.html.txt,2013_HKDC_229.json,True,65774,14748,7885,22633,
HKDC_2013_251.html.txt,2013_HKDC_251.json,True,39762,17451,6408,23859,
HKDC_2013_306.html.txt,2013_HKDC_306.json,True,25385,9601,4238,13839,
HKDC_2013_288.html.txt,2013_HKDC_288.json,True,38850,11431,6542,17973,
HKDC_2013_476.html.txt,2013_HKDC_476.json,True,13359,9641,1571,11212,
HKDC_2013_423.html.txt,2013_HKDC_423.json,True,36011,10135,4993,15128,
HKDC_2013_564.html.txt,2013_HKDC_564.json,True,41713,14526,7208,21734,
HKDC_2013_674.html.txt,2013_HKDC_674.json,True,40185,22165,5647,27812,
HKDC_2013_675.html.txt,2013_HKDC_675.json,True,32291,12255,4553,16808,
HKDC_2013_676.html.txt,2013_HKDC_676.json,True,42738,22049,5860,27909,
HKDC_2013_678.html.txt,2013_HKDC_678.json,True,35983,14871,5928,20799,
HKDC_2013_68.html.txt,2013_HKDC_68.json,True,34178,11034,3924,14958,
HKDC_2013_754.html.txt,2013_HKDC_754.json,True,34316,10694,5606,16300,
HKDC_2013_747.html.txt,2013_HKDC_747.json,True,37561,18048,5727,23775,
HKDC_2013_767.html.txt,2013_HKDC_767.json,True,34593,17568,5220,22788,
HKDC_2014_1016.html.txt,2014_HKDC_1016.json,True,39257,15904,6737,22641,
HKDC_2014_1017.html.txt,2014_HKDC_1017.json,True,34451,17010,6813,23823,
HKDC_2014_1036.html.txt,2014_HKDC_1036.json,True,30877,14323,6294,20617,
HKDC_2014_1045.html.txt,2014_HKDC_1045.json,True,32066,12075,3745,15820,
HKDC_2014_1037.html.txt,2014_HKDC_1037.json,True,49631,33972,7376,41348,
HKDC_2014_1051.html.txt,2014_HKDC_1051.json,True,23614,14503,3628,18131,
HKDC_2014_1159.html.txt,2014_HKDC_1159.json,True,41153,26260,4616,30876,
HKDC_2014_1273.html.txt,2014_HKDC_1273.json,True,38656,18758,6090,24848,
HKDC_2014_245.html.txt,2014_HKDC_245.json,True,39938,18582,6335,24917,
HKDC_2014_331.html.txt,2014_HKDC_331.json,True,32123,9579,4912,14491,
HKDC_2014_375.html.txt,2014_HKDC_375.json,True,35195,21812,7316,29128,
HKDC_2014_40.html.txt,2014_HKDC_40.json,True,46309,16009,5937,21946,
HKDC_2014_448.html.txt,2014_HKDC_448.json,True,37822,11924,5395,17319,
HKDC_2014_456.html.txt,2014_HKDC_456.json,True,39946,23378,8250,31628,
HKDC_2014_57.html.txt,2014_HKDC_57.json,True,16691,10789,1098,11887,
HKDC_2014_518.html.txt,2014_HKDC_518.json,True,54654,13585,7393,20978,
HKDC_2014_574.html.txt,2014_HKDC_574_DCPI_2225_2012_26_May_2014.json,True,38312,13858,5748,19606,
HKDC_2014_702.html.txt,2014_HKDC_702.json,True,24152,19418,3613,23031,
HKDC_2014_708.html.txt,2014_HKDC_708.json,True,32006,11679,3001,14680,
HKDC_2014_789.html.txt,2014_HKDC_789.json,True,40217,12953,6014,18967,
HKDC_2014_8.html.txt,2014_HKDC_8.json,True,49242,23131,7548,30679,
HKDC_2015_1046.html.txt,2015_HKDC_1046.json,True,28113,17305,3333,20638,
HKDC_2014_903.html.txt,2014_HKDC_903.json,True,59564,35872,12603,48475,
HKDC_2015_1195.html.txt,2015_HKDC_1195.json,True,29508,15837,5580,21417,
HKDC_2015_1204.html.txt,2015_HKDC_1204.json,True,38791,14103,5396,19499,
HKDC_2015_1337.html.txt,2015_HKDC_1337.json,True,41533,14625,7520,22145,
HKDC_2015_1436.html.txt,2015_HKDC_1436.json,True,35974,13410,5236,18646,
HKDC_2015_1397.html.txt,2015_HKDC_1397.json,True,44811,10079,6124,16203,
HKDC_2015_1459.html.txt,2015_HKDC_1459.json,True,24049,10867,3412,14279,
HKDC_2015_1499.html.txt,2015_HKDC_1499.json,True,35905,29203,4687,33890,
HKDC_2015_301.html.txt,2015_HKDC_301.json,True,33848,17666,4330,21996,
HKDC_2015_499.html.txt,2015_HKDC_499.json,True,51671,14521,7237,21758,
HKDC_2015_564.html.txt,2015_HKDC_564.json,True,34628,11750,5871,17621,
HKDC_2015_625.html.txt,2015_HKDC_625.json,True,30724,11758,4238,15996,
HKDC_2015_678.html.txt,2015_HKDC_678.json,True,41955,11125,5335,16460,
HKDC_2015_746.html.txt,2015_HKDC_746.json,True,42930,16044,5726,21770,
HKDC_2015_795.html.txt,2015_HKDC_795.json,True,51387,13559,8729,22288,
HKDC_2015_838.html.txt,2015_HKDC_838.json,True,17587,9435,2415,11850,
HKDC_2015_846.html.txt,2015_HKDC_846.json,True,39014,14395,7582,21977,
HKDC_2015_96.html.txt,2015_HKDC_96.json,True,35241,15060,5232,20292,
HKDC_2016_1140.html.txt,2016_HKDC_1140.json,True,23885,11232,2654,13886,
HKDC_2016_122.html.txt,2016_HKDC_122.json,True,33454,12097,5610,17707,
HKDC_2016_1304.html.txt,2016_HKDC_1304.json,True,46911,21135,6312,27447,
HKDC_2016_1319.html.txt,2016_HKDC_1319.json,True,40749,18858,8043,26901,
HKDC_2016_1320.html.txt,2016_HKDC_1320.json,True,18308,33749,2246,35995,
HKDC_2016_1322.html.txt,2016_HKDC_1322.json,True,34138,34768,4552,39320,
HKDC_2016_1425.html.txt,2016_HKDC_1425.json,True,26109,6606,3416,10022,
HKDC_2016_1568.html.txt,2016_HKDC_1568.json,True,38017,10622,4503,15125,
HKDC_2016_23.html.txt,2016_HKDC_23.json,True,48138,9697,4800,14497,
HKDC_2016_24.html.txt,2016_HKDC_24.json,True,30622,10975,5729,16704,
HKDC_2016_316.html.txt,2016_HKDC_316.json,True,64470,18641,7740,26381,
HKDC_2016_457.html.txt,HKDC_457_DCPI_2474_2013_27_April_2016.json,True,36518,17259,6727,23986,
HKDC_2016_537.html.txt,2016_HKDC_537.json,True,48309,17934,9952,27886,
HKDC_2016_73.html.txt,2016_HKDC_73.json,True,29386,11848,3878,15726,
HKDC_2016_926.html.txt,2016_HKDC_926_2016_4_HKLRD_501.json,True,35186,19609,5537,25146,
HKDC_2016_984.html.txt,2016_HKDC_984.json,True,27987,17939,6643,24582,
HKDC_2017_10.html.txt,2017_HKDC_10_2017_1_HKLRD_880.json,True,41400,11086,5215,16301,
HKDC_2017_1035.html.txt,2017_HKDC_1035.json,True,42607,15096,5894,20990,
HKDC_2017_1037.html.txt,2017_HKDC_1037.json,True,21589,15540,3794,19334,
HKDC_2017_1137.html.txt,2017_HKDC_1137.json,True,29056,12808,6385,19193,
HKDC_2017_1187.html.txt,2017_HKDC_1187.json,True,38335,16190,6928,23118,
HKDC_2017_1294.html.txt,2017_HKDC_1294.json,True,39278,19783,7785,27568,
HKDC_2017_1380.html.txt,2017_HKDC_1380.json,True,37132,12029,5302,17331,
HKDC_2017_1592.html.txt,2017_HKDC_1592.json,True,68591,19895,10203,30098,
HKDC_2017_1611.html.txt,2017_HKDC_1611.json,True,53555,17877,11421,29298,
HKDC_2017_167.html.txt,2017_HKDC_167_2017_2_HKLRD_322_2017_2_HKC_303.json,True,31933,19667,4238,23905,
HKDC_2017_174.html.txt,2017_HKDC_174.json,True,42029,14740,7193,21933,
HKDC_2017_233.html.txt,2017_HKDC_233.json,True,36593,21566,6469,28035,
HKDC_2017_280.html.txt,2017_HKDC_280.json,True,29652,13064,4176,17240,
HKDC_2017_360.html.txt,2017_HKDC_360.json,True,107047,21060,12830,33890,
HKDC_2017_363.html.txt,2017_HKDC_363.json,True,46549,24035,6929,30964,
HKDC_2017_364.html.txt,2017_HKDC_364.json,True,50118,23268,6593,29861,
HKDC_2017_369.html.txt,2017_HKDC_369.json,True,17821,7244,1833,9077,
HKDC_2017_504.html.txt,2017_HKDC_504.json,True,69290,17886,9973,27859,
HKDC_2017_513.html.txt,2017_HKDC_513.json,True,35458,22465,4851,27316,
HKDC_2017_612.html.txt,2017_HKDC_612.json,True,31407,16270,5871,22141,
HKDC_2017_712.html.txt,2017_HKDC_712.json,True,29789,11695,5304,16999,
HKDC_2017_727.html.txt,2017_HKDC_727.json,True,31824,15127,4649,19776,
HKDC_2017_832.html.txt,2017_HKDC_832.json,True,27483,8484,3177,11661,
HKDC_2017_916.html.txt,2017_HKDC_916.json,True,48715,17556,7694,25250,
HKDC_2018_1016.html.txt,2018_HKDC_1016.json,True,31484,15462,5389,20851,
HKDC_2018_1029.html.txt,2018_HKDC_1029.json,True,42679,18292,7261,25553,
HKDC_2018_1054.html.txt,2018_HKDC_1054.json,True,49118,12914,7954,20868,
HKDC_2018_1071.html.txt,2018_HKDC_1071.json,True,37116,11955,6570,18525,
HKDC_2018_1172.html.txt,2018_HKDC_1172.json,True,36150,12446,5494,17940,
HKDC_2018_1181.html.txt,2018_HKDC_1181.json,True,31199,11089,4133,15222,
HKDC_2018_1203.html.txt,2018_HKDC_1203.json,True,23744,15738,4845,20583,
HKDC_2018_1216.html.txt,2018_HKDC_1216.json,True,31497,11353,4873,16226,
HKDC_2018_1368.html.txt,2018_HKDC_1368.json,True,44012,14595,5921,20516,
HKDC_2018_139.html.txt,2018_HKDC_139.json,True,45376,19940,7606,27546,
HKDC_2018_1510.html.txt,2018_HKDC_1510.json,True,24874,11829,4333,16162,
HKDC_2018_1520.html.txt,2018_HKDC_1520.json,True,35961,15763,5894,21657,
HKDC_2018_1558.html.txt,2018_HKDC_1558.json,True,30097,13657,5722,19379,
HKDC_2018_1577.html.txt,2018_HKDC_1577.json,True,30140,15554,4315,19869,
HKDC_2018_332.html.txt,2018_HKDC_332.json,True,33785,19115,4983,24098,
HKDC_2018_526.html.txt,2018_HKDC_526.json,True,53712,14764,9882,24646,
HKDC_2018_542.html.txt,2018_HKDC_542.json,True,20446,7038,2368,9406,
HKDC_2018_582.html.txt,2018_HKDC_582.json,True,29241,10915,3860,14775,
HKDC_2018_605.html.txt,2018_HKDC_605.json,True,32348,22717,5781,28498,
HKDC_2018_615.html.txt,2018_HKDC_615.json,True,26941,18253,3736,21989,
HKDC_2018_693.html.txt,2018_HKDC_693.json,True,51653,21045,10916,31961,
HKDC_2018_70.html.txt,2018_HKDC_70.json,True,30064,17053,3922,20975,
HKDC_2018_960.html.txt,2018_HKDC_960.json,True,9637,5797,1040,6837,
HKDC_2018_985.html.txt,2018_HKDC_985.json,True,45025,15927,8544,24471,
HKDC_2019_1088.html.txt,2019_HKDC_1088.json,True,15939,8594,1574,10168,
HKDC_2019_1110.html.txt,2019_HKDC_1110.json,True,28381,14137,5727,19864,
HKDC_2019_1161.html.txt,2019_HKDC_1161.json,True,36041,13854,6939,20793,
HKDC_2019_1179.html.txt,2019_HKDC_1179.json,True,39836,15859,9781,25640,
HKDC_2019_125.html.txt,2019_HKDC_125.json,True,27154,15354,4978,20332,
HKDC_2019_128.html.txt,2019_HKDC_128.json,True,26910,15338,5897,21235,
HKDC_2019_1321.html.txt,2019_HKDC_1321.json,True,51684,17364,9870,27234,
HKDC_2019_1384.html.txt,2019_HKDC_1384.json,True,8805,9748,917,10665,
HKDC_2019_1393.html.txt,2019_HKDC_1393.json,True,37727,9488,5325,14813,
HKDC_2019_1495.html.txt,2019_HKDC_1495.json,True,33493,30575,6725,37300,
HKDC_2019_1531.html.txt,2019_HKDC_1531.json,True,40039,12895,6359,19254,
HKDC_2019_230.html.txt,2019_HKDC_230.json,True,37533,15483,6827,22310,
HKDC_2019_26.html.txt,2019_HKDC_26.json,True,39861,12039,8092,20131,
HKDC_2019_29.html.txt,2019_HKDC_29.json,True,45952,24815,10513,35328,
HKDC_2019_377.html.txt,2019_HKDC_377.json,True,10137,7239,1173,8412,
HKDC_2019_408.html.txt,2019_HKDC_408.json,True,27190,19060,5456,24516,
HKDC_2019_445.html.txt,2019_HKDC_445.json,True,31794,23236,6646,29882,
HKDC_2019_48.html.txt,2019_HKDC_48.json,True,30386,9720,5713,15433,
HKDC_2019_488.html.txt,2019_HKDC_488.json,True,31007,15251,6040,21291,
HKDC_2019_543.html.txt,2019_HKDC_543.json,True,37945,16452,5320,21772,
HKDC_2019_546.html.txt,2019_HKDC_546.json,True,52150,14044,7056,21100,
HKDC_2019_556.html.txt,2019_HKDC_556.json,True,40235,20452,6165,26617,
HKDC_2019_558.html.txt,2019_HKDC_558.json,True,34117,12717,5588,18305,
HKDC_2019_592.html.txt,2019_HKDC_592.json,True,39145,15183,7617,22800,
HKDC_2019_657.html.txt,2019_HKDC_657.json,True,41659,12597,5480,18077,
HKDC_2019_771.html.txt,2019_HKDC_771.json,True,27731,13793,3535,17328,
HKDC_2019_823.html.txt,2019_HKDC_823.json,True,33503,10199,4275,14474,
HKDC_2019_826.html.txt,2019_HKDC_826.json,True,30883,19123,7910,27033,
HKDC_2019_929.html.txt,2019_HKDC_929.json,True,32109,15517,5262,20779,
HKDC_2020_14.html.txt,2020_HKDC_14.json,True,44505,21241,9720,30961,
HKDC_2020_165.html.txt,2020_HKDC_165.json,True,13332,14731,1415,16146,
HKDC_2020_1745.html.txt,2020_HKDC_1745.json,True,33065,20436,6339,26775,
HKDC_2020_203.html.txt,2020_HKDC_203.json,True,19096,11058,2141,13199,
HKDC_2020_293.html.txt,2020_HKDC_293.json,True,16905,12721,2687,15408,
HKDC_2020_69.html.txt,2020_HKDC_69.json,True,36284,14974,5232,20206,
UKPC_1984_49.html.txt,1984_UKPC_49.json,True,8429,5392,850,6242,
